Area,Bedrooms,Bathrooms,Floors,Age,Parking,City,HasGarden,HasPool,Furnished,DistanceToCenter_km,CrimeIndex,SchoolScore,Price
50.0,1.0,1.0,3.0,28.0,1.0,Shiraz,1.0,0.0,0.0,2.0,3.9,7.7,100000
320.0,5.0,5.0,2.0,44.0,3.0,Karaj,1.0,0.0,0.0,5.2,4.1,5.6,560498
163.0,2.0,3.0,,5.0,3.0,Shiraz,0.0,0.0,0.0,11.7,5.2,5.0,228948
86.0,1.0,1.0,4.0,18.0,3.0,Tehran,0.0,1.0,0.0,16.6,9.1,8.1,214990
236.0,5.0,5.0,4.0,42.0,0.0,Qom,0.0,0.0,0.0,22.0,2.8,5.3,164740
361.0,7.0,5.0,1.0,33.0,3.0,Karaj,1.0,0.0,0.0,1.5,2.4,9.5,703990
172.0,4.0,5.0,2.0,11.0,3.0,Shiraz,1.0,,0.0,7.0,3.4,8.9,377052
342.0,7.0,5.0,4.0,25.0,3.0,Rasht,1.0,0.0,0.0,1.6,,8.8,590651
392.0,7.0,5.0,3.0,21.0,3.0,Tehran,0.0,0.0,0.0,34.1,2.5,4.8,795800
164.0,2.0,3.0,4.0,21.0,2.0,Tabriz,0.0,0.0,1.0,29.1,3.5,7.0,127569
254.0,6.0,5.0,3.0,21.0,0.0,Qom,1.0,0.0,0.0,32.7,5.8,6.9,346318
107.0,3.0,2.0,3.0,3.0,2.0,Shiraz,1.0,0.0,1.0,19.2,4.1,4.6,202508
54.0,1.0,1.0,4.0,28.0,2.0,Qom,0.0,0.0,1.0,0.8,5.5,5.4,100000
300.0,5.0,5.0,3.0,32.0,1.0,Tabriz,1.0,0.0,0.0,17.9,1.3,,434484
61.0,1.0,1.0,3.0,36.0,0.0,Karaj,0.0,0.0,0.0,28.4,9.2,6.1,100000
406.0,7.0,5.0,2.0,43.0,2.0,Mashhad,0.0,0.0,0.0,31.5,4.9,5.4,464123
212.0,4.0,5.0,1.0,21.0,3.0,Shiraz,0.0,0.0,,10.2,1.2,6.0,819636
121.0,2.0,1.0,2.0,11.0,1.0,Rasht,1.0,0.0,0.0,29.7,9.6,5.2,100000
213.0,5.0,5.0,3.0,41.0,1.0,Qom,0.0,0.0,,30.0,5.6,7.7,173699
382.0,7.0,5.0,3.0,14.0,2.0,Qom,0.0,1.0,0.0,32.4,8.8,9.3,391768
208.0,4.0,5.0,3.0,30.0,0.0,Mashhad,1.0,1.0,0.0,11.1,2.2,6.2,357740
277.0,5.0,4.0,1.0,37.0,1.0,Tehran,1.0,0.0,1.0,27.5,2.6,5.3,484443
216.0,3.0,2.0,4.0,3.0,2.0,Shiraz,1.0,0.0,1.0,5.4,4.6,8.1,436702
262.0,5.0,5.0,3.0,34.0,0.0,Qom,0.0,0.0,0.0,1.4,8.3,4.9,328555
382.0,6.0,5.0,1.0,,3.0,Qom,0.0,1.0,1.0,11.5,4.3,7.1,521704
383.0,6.0,5.0,3.0,39.0,1.0,Mashhad,0.0,0.0,0.0,29.4,5.3,9.3,383858
128.0,1.0,1.0,1.0,15.0,0.0,Mashhad,1.0,0.0,0.0,30.6,4.6,9.8,100000
191.0,2.0,2.0,4.0,20.0,1.0,Isfahan,1.0,0.0,0.0,3.7,6.3,4.3,242123
74.0,1.0,1.0,4.0,34.0,2.0,Qom,0.0,0.0,0.0,19.5,8.9,5.1,100000
147.0,3.0,3.0,3.0,39.0,1.0,Rasht,0.0,0.0,0.0,2.4,6.9,5.0,118597
173.0,2.0,2.0,1.0,7.0,3.0,Isfahan,0.0,0.0,1.0,33.8,5.2,6.3,100000
184.0,4.0,3.0,1.0,22.0,3.0,Qom,0.0,0.0,0.0,20.6,5.7,5.7,130185
400.0,7.0,5.0,1.0,28.0,3.0,Isfahan,0.0,0.0,0.0,7.9,5.4,8.6,594991
179.0,3.0,3.0,2.0,18.0,1.0,Tabriz,0.0,0.0,0.0,11.9,4.8,6.7,240497
345.0,6.0,5.0,4.0,34.0,0.0,Isfahan,0.0,0.0,0.0,34.0,3.4,5.6,224577
90.0,3.0,2.0,2.0,1.0,0.0,Rasht,1.0,0.0,0.0,7.6,6.4,6.4,273925
187.0,4.0,4.0,4.0,12.0,2.0,Karaj,0.0,0.0,1.0,31.9,8.9,5.9,200432
229.0,4.0,4.0,2.0,17.0,0.0,Tehran,0.0,0.0,0.0,11.1,2.9,9.7,582511
245.0,5.0,5.0,3.0,19.0,3.0,Rasht,1.0,0.0,1.0,2.5,8.8,4.2,423844
236.0,3.0,3.0,1.0,24.0,0.0,Isfahan,1.0,0.0,0.0,21.7,8.2,9.3,193089
101.0,1.0,1.0,3.0,13.0,3.0,Isfahan,1.0,0.0,,3.9,5.9,6.4,199340
226.0,3.0,3.0,1.0,28.0,,Shiraz,1.0,1.0,0.0,21.1,3.0,4.6,259138
364.0,7.0,5.0,4.0,28.0,3.0,Tabriz,1.0,0.0,1.0,23.8,3.8,8.8,512993
154.0,4.0,4.0,3.0,11.0,0.0,Tabriz,0.0,0.0,1.0,13.0,8.4,7.5,160109
120.0,2.0,2.0,3.0,34.0,0.0,Mashhad,1.0,0.0,0.0,28.4,8.6,5.0,300000
111.0,3.0,2.0,3.0,31.0,1.0,Qom,1.0,0.0,1.0,7.8,8.9,,154894
326.0,7.0,5.0,1.0,18.0,3.0,Isfahan,0.0,0.0,0.0,15.8,9.3,6.7,519668
285.0,,5.0,3.0,37.0,0.0,Karaj,0.0,0.0,0.0,31.9,9.6,6.9,281494
50.0,2.0,2.0,4.0,32.0,0.0,Rasht,0.0,0.0,0.0,22.2,2.1,9.8,100000
104.0,1.0,,3.0,42.0,3.0,Tabriz,0.0,0.0,1.0,22.6,5.2,5.4,100000
48.0,1.0,1.0,2.0,5.0,0.0,Qom,0.0,0.0,0.0,2.3,4.7,8.0,100000
213.0,3.0,2.0,3.0,20.0,1.0,Rasht,1.0,1.0,1.0,6.8,8.0,7.1,442936
216.0,5.0,5.0,2.0,38.0,0.0,Rasht,0.0,1.0,1.0,3.3,9.3,5.5,270950
270.0,6.0,5.0,1.0,0.0,1.0,Isfahan,0.0,0.0,0.0,24.4,6.4,8.6,424371
252.0,4.0,4.0,4.0,14.0,0.0,Shiraz,,0.0,1.0,7.3,8.9,6.3,478671
325.0,6.0,5.0,2.0,12.0,0.0,Qom,0.0,1.0,0.0,10.5,1.9,5.2,488235
155.0,3.0,3.0,3.0,35.0,1.0,Rasht,0.0,0.0,0.0,15.5,2.2,4.2,100000
315.0,7.0,5.0,2.0,23.0,3.0,Tabriz,0.0,1.0,0.0,26.4,5.2,9.8,465968
329.0,7.0,5.0,2.0,9.0,3.0,Mashhad,0.0,0.0,1.0,19.7,6.8,8.6,594012
267.0,5.0,5.0,1.0,21.0,2.0,Tabriz,0.0,0.0,0.0,14.5,9.0,8.3,333984
294.0,5.0,5.0,4.0,43.0,1.0,Rasht,0.0,0.0,0.0,21.2,3.2,9.2,332886
126.0,1.0,2.0,4.0,36.0,3.0,Isfahan,1.0,0.0,1.0,19.8,4.5,5.2,138718
342.0,6.0,5.0,1.0,44.0,1.0,Shiraz,,0.0,1.0,17.6,4.7,10.0,387141
358.0,6.0,5.0,4.0,13.0,1.0,Rasht,1.0,0.0,0.0,18.4,8.1,7.1,427988
,4.0,5.0,4.0,8.0,2.0,Qom,0.0,1.0,0.0,10.3,9.1,8.3,506740
73.0,1.0,1.0,4.0,6.0,1.0,Shiraz,1.0,0.0,0.0,33.8,9.9,9.7,100000
107.0,3.0,2.0,3.0,26.0,1.0,Karaj,1.0,1.0,1.0,34.1,8.4,7.9,160139
105.0,1.0,1.0,4.0,20.0,0.0,Isfahan,0.0,0.0,0.0,3.5,4.5,6.3,100000
105.0,3.0,3.0,1.0,44.0,1.0,Tabriz,0.0,0.0,1.0,,8.1,7.1,100000
184.0,4.0,,4.0,26.0,3.0,Shiraz,1.0,0.0,0.0,5.2,4.3,8.9,376762
78.0,1.0,1.0,1.0,22.0,0.0,Rasht,1.0,0.0,0.0,19.1,7.1,6.9,100000
387.0,7.0,5.0,3.0,11.0,3.0,Karaj,0.0,0.0,0.0,30.3,2.9,4.4,590711
375.0,7.0,5.0,3.0,44.0,0.0,Shiraz,0.0,1.0,0.0,11.1,5.1,7.3,505650
267.0,5.0,5.0,2.0,19.0,2.0,Tabriz,0.0,0.0,0.0,10.0,4.8,7.9,348985
270.0,4.0,4.0,4.0,16.0,0.0,Isfahan,1.0,0.0,1.0,1.3,7.4,6.6,354007
352.0,7.0,5.0,1.0,45.0,2.0,Tabriz,1.0,0.0,0.0,12.8,9.8,9.5,354866
280.0,6.0,5.0,1.0,19.0,0.0,Isfahan,0.0,0.0,0.0,32.6,3.6,5.9,336471
388.0,6.0,5.0,3.0,14.0,0.0,Qom,1.0,0.0,,16.8,5.3,4.9,434823
349.0,5.0,4.0,2.0,5.0,1.0,Karaj,0.0,0.0,0.0,19.9,3.6,8.3,571516
100.0,3.0,4.0,4.0,13.0,2.0,Tabriz,0.0,0.0,1.0,33.0,9.1,5.7,100000
165.0,3.0,2.0,2.0,15.0,2.0,Qom,1.0,0.0,1.0,1.1,2.1,8.0,293285
97.0,2.0,2.0,2.0,6.0,2.0,Tabriz,0.0,0.0,0.0,0.9,10.0,7.4,189826
291.0,5.0,5.0,1.0,4.0,3.0,Shiraz,0.0,0.0,0.0,20.0,8.2,4.4,422385
159.0,,3.0,3.0,1.0,3.0,Qom,1.0,0.0,1.0,5.5,7.5,6.6,350537
119.0,3.0,3.0,3.0,11.0,2.0,Isfahan,0.0,0.0,1.0,23.7,3.8,8.2,148074
299.0,4.0,5.0,4.0,2.0,1.0,Tehran,0.0,1.0,0.0,3.9,1.3,7.2,952936
109.0,1.0,1.0,4.0,45.0,3.0,Karaj,0.0,,1.0,17.6,6.5,4.5,100000
407.0,7.0,5.0,3.0,11.0,1.0,Mashhad,0.0,0.0,0.0,15.7,5.5,4.3,652089
246.0,4.0,3.0,2.0,20.0,0.0,Qom,0.0,0.0,1.0,31.0,5.6,9.5,161940
261.0,5.0,5.0,3.0,32.0,0.0,Mashhad,1.0,0.0,0.0,20.3,5.0,5.3,331869
192.0,4.0,4.0,1.0,21.0,0.0,Rasht,0.0,0.0,1.0,18.2,6.6,,191544
257.0,6.0,5.0,3.0,23.0,1.0,Karaj,1.0,0.0,1.0,34.8,1.4,4.1,367298
55.0,1.0,1.0,3.0,28.0,0.0,Shiraz,0.0,0.0,0.0,30.5,3.0,9.9,100000
355.0,7.0,5.0,1.0,2.0,1.0,Shiraz,1.0,0.0,1.0,23.5,2.9,4.6,503799
148.0,4.0,4.0,4.0,12.0,0.0,Rasht,0.0,0.0,1.0,7.4,4.0,7.0,251975
352.0,7.0,5.0,2.0,42.0,0.0,Shiraz,1.0,0.0,0.0,12.9,7.9,5.3,437252
190.0,4.0,3.0,4.0,18.0,3.0,Tehran,0.0,1.0,0.0,29.9,5.3,4.6,325101
131.0,2.0,2.0,3.0,22.0,1.0,Tabriz,1.0,0.0,1.0,21.8,8.5,5.0,100000
104.0,2.0,2.0,2.0,36.0,0.0,Rasht,0.0,0.0,0.0,11.3,7.2,9.6,100000
141.0,3.0,4.0,1.0,0.0,0.0,Rasht,0.0,1.0,1.0,30.3,1.4,7.3,255159
157.0,3.0,2.0,1.0,33.0,2.0,Tabriz,0.0,0.0,0.0,26.7,5.4,9.4,100000
292.0,6.0,5.0,2.0,30.0,1.0,Tehran,0.0,0.0,1.0,29.6,2.4,4.3,506151
282.0,5.0,5.0,4.0,10.0,3.0,Shiraz,0.0,0.0,1.0,31.0,1.0,5.5,388449
91.0,3.0,3.0,1.0,24.0,3.0,Mashhad,0.0,0.0,0.0,33.8,5.5,4.1,100000
154.0,2.0,3.0,2.0,38.0,1.0,Qom,0.0,1.0,0.0,34.2,5.3,4.5,100000
201.0,4.0,4.0,4.0,30.0,2.0,Tehran,1.0,0.0,0.0,8.1,1.1,7.4,467399
192.0,2.0,1.0,2.0,17.0,3.0,Isfahan,0.0,0.0,0.0,24.0,2.4,6.1,165340
248.0,4.0,5.0,2.0,25.0,3.0,Qom,1.0,0.0,1.0,17.6,6.6,5.5,227973
286.0,5.0,5.0,2.0,20.0,1.0,Tehran,1.0,0.0,0.0,6.1,3.3,4.8,704002
413.0,7.0,5.0,4.0,0.0,2.0,Karaj,0.0,0.0,1.0,21.3,7.7,7.9,709798
161.0,3.0,3.0,2.0,24.0,0.0,Tabriz,0.0,1.0,1.0,3.0,3.6,8.0,438678
410.0,6.0,5.0,2.0,10.0,0.0,Rasht,1.0,0.0,0.0,11.0,3.6,4.1,479242
268.0,6.0,5.0,2.0,23.0,2.0,Isfahan,1.0,0.0,1.0,34.3,3.0,7.8,366806
260.0,5.0,4.0,2.0,40.0,2.0,Tehran,0.0,0.0,0.0,4.5,1.2,4.0,491463
136.0,1.0,,3.0,20.0,1.0,Isfahan,1.0,0.0,1.0,1.5,3.5,9.1,332462
393.0,6.0,5.0,4.0,21.0,1.0,Tehran,0.0,0.0,,18.9,9.3,7.3,819344
397.0,7.0,5.0,3.0,20.0,1.0,Tehran,1.0,0.0,0.0,31.4,6.5,4.8,694541
240.0,4.0,4.0,1.0,28.0,2.0,Karaj,0.0,0.0,1.0,6.1,8.9,8.4,387092
296.0,4.0,5.0,2.0,42.0,3.0,Karaj,0.0,0.0,1.0,17.4,9.1,6.9,352067
103.0,3.0,4.0,4.0,35.0,3.0,Isfahan,0.0,0.0,,12.6,3.2,9.0,106579
201.0,4.0,4.0,1.0,32.0,1.0,Mashhad,1.0,0.0,1.0,10.5,5.9,7.7,380735
95.0,3.0,4.0,2.0,26.0,0.0,Isfahan,1.0,0.0,1.0,21.2,3.3,7.7,122977
402.0,7.0,5.0,3.0,33.0,1.0,Tabriz,0.0,0.0,1.0,20.3,8.2,7.9,420789
267.0,5.0,5.0,3.0,23.0,1.0,Isfahan,1.0,0.0,0.0,19.4,6.7,8.0,386534
122.0,2.0,1.0,2.0,11.0,0.0,Karaj,0.0,1.0,1.0,13.4,2.5,5.6,275224
212.0,5.0,5.0,3.0,18.0,2.0,Tehran,0.0,0.0,1.0,3.4,2.8,8.4,663062
189.0,3.0,2.0,3.0,13.0,2.0,Tabriz,0.0,0.0,1.0,18.6,8.2,8.6,230884
75.0,1.0,1.0,3.0,11.0,0.0,Isfahan,0.0,0.0,0.0,1.5,7.8,6.1,157328
293.0,4.0,4.0,3.0,12.0,3.0,Tehran,1.0,0.0,0.0,30.7,8.5,9.2,549598
153.0,2.0,1.0,1.0,21.0,3.0,Karaj,0.0,0.0,0.0,20.5,4.3,7.7,248755
236.0,3.0,3.0,4.0,8.0,3.0,Mashhad,0.0,0.0,1.0,12.6,5.1,9.0,349182
327.0,5.0,5.0,4.0,7.0,3.0,Karaj,0.0,0.0,1.0,19.1,9.1,5.7,554266
93.0,2.0,2.0,4.0,1.0,0.0,Karaj,0.0,0.0,0.0,1.3,5.1,9.9,230869
405.0,7.0,5.0,2.0,0.0,1.0,Qom,1.0,0.0,,8.6,5.5,7.2,540611
391.0,6.0,5.0,2.0,0.0,2.0,Karaj,,0.0,1.0,22.6,1.7,7.5,689917
108.0,3.0,3.0,1.0,25.0,0.0,Qom,1.0,0.0,0.0,3.9,4.2,8.6,293740
231.0,4.0,3.0,1.0,27.0,0.0,Shiraz,0.0,0.0,0.0,26.0,7.3,6.2,255467
418.0,7.0,5.0,1.0,42.0,0.0,Qom,0.0,1.0,0.0,25.4,4.8,5.8,381606
47.0,2.0,2.0,1.0,7.0,3.0,Tabriz,0.0,0.0,,1.6,5.0,8.8,147819
137.0,3.0,3.0,4.0,27.0,1.0,Isfahan,0.0,0.0,0.0,31.9,8.0,7.8,100000
119.0,2.0,2.0,3.0,18.0,3.0,Karaj,0.0,0.0,0.0,26.4,1.6,7.0,158269
322.0,7.0,5.0,2.0,43.0,1.0,Karaj,1.0,0.0,0.0,8.4,3.2,,629947
140.0,4.0,4.0,2.0,20.0,2.0,Tabriz,0.0,0.0,0.0,13.2,9.0,9.4,157557
284.0,6.0,5.0,,40.0,3.0,Karaj,0.0,0.0,0.0,1.0,2.1,4.3,454025
,6.0,5.0,4.0,9.0,0.0,Shiraz,0.0,0.0,0.0,14.7,5.0,8.0,516957
349.0,6.0,5.0,4.0,41.0,1.0,Karaj,0.0,0.0,0.0,5.2,1.3,5.1,469545
295.0,4.0,3.0,1.0,20.0,2.0,Shiraz,1.0,0.0,0.0,16.9,8.4,6.1,417245
222.0,5.0,4.0,3.0,34.0,3.0,Qom,0.0,0.0,0.0,22.1,5.5,4.3,120697
291.0,5.0,5.0,1.0,4.0,0.0,Mashhad,0.0,0.0,1.0,4.9,1.8,8.1,516100
133.0,3.0,2.0,2.0,7.0,2.0,Rasht,0.0,0.0,1.0,25.8,2.8,9.3,161081
376.0,7.0,5.0,3.0,26.0,2.0,Rasht,0.0,0.0,0.0,2.1,5.9,9.6,565543
58.0,1.0,1.0,1.0,15.0,3.0,Shiraz,0.0,0.0,,,2.2,7.1,100000
162.0,2.0,1.0,1.0,15.0,1.0,Shiraz,0.0,0.0,1.0,2.5,8.2,8.8,242979
224.0,5.0,5.0,3.0,35.0,1.0,Tabriz,1.0,0.0,1.0,4.8,2.2,8.3,390553
301.0,4.0,4.0,2.0,35.0,1.0,Shiraz,0.0,0.0,0.0,7.0,4.9,5.8,396131
133.0,1.0,2.0,3.0,27.0,3.0,Isfahan,0.0,0.0,0.0,31.3,6.3,8.3,100000
357.0,6.0,5.0,3.0,28.0,2.0,Tabriz,0.0,0.0,0.0,34.6,4.6,7.2,263162
323.0,7.0,5.0,3.0,41.0,0.0,Tehran,0.0,0.0,0.0,7.6,3.1,7.7,648995
233.0,3.0,4.0,2.0,33.0,1.0,Qom,0.0,1.0,0.0,27.1,1.3,9.8,236899
155.0,2.0,3.0,1.0,6.0,3.0,Karaj,1.0,1.0,0.0,5.6,1.3,4.1,489431
193.0,4.0,3.0,2.0,37.0,1.0,Tehran,0.0,1.0,0.0,32.1,3.8,6.3,286586
369.0,7.0,5.0,1.0,7.0,3.0,Tehran,0.0,0.0,0.0,32.0,9.6,8.5,772685
316.0,5.0,5.0,2.0,41.0,3.0,Mashhad,0.0,0.0,1.0,5.2,1.8,8.3,564470
297.0,4.0,4.0,4.0,9.0,1.0,Tabriz,0.0,0.0,0.0,22.9,6.5,4.8,312505
388.0,7.0,5.0,1.0,33.0,2.0,Qom,1.0,0.0,0.0,19.0,3.2,9.7,446748
396.0,6.0,5.0,4.0,16.0,1.0,Tehran,1.0,1.0,0.0,3.8,5.8,7.0,1019187
306.0,5.0,4.0,1.0,18.0,3.0,Qom,0.0,0.0,0.0,27.1,4.7,7.7,317591
218.0,3.0,4.0,1.0,8.0,3.0,Rasht,0.0,0.0,0.0,6.6,2.9,8.6,374656
280.0,5.0,5.0,3.0,6.0,1.0,Tehran,0.0,0.0,1.0,2.6,8.3,5.7,671801
220.0,3.0,2.0,4.0,15.0,1.0,Rasht,1.0,0.0,0.0,6.5,2.0,7.1,331062
72.0,2.0,1.0,3.0,2.0,3.0,Shiraz,0.0,0.0,0.0,33.8,4.5,6.0,100000
122.0,3.0,4.0,2.0,36.0,2.0,Tabriz,0.0,0.0,0.0,18.3,1.8,7.8,100000
68.0,1.0,1.0,3.0,19.0,0.0,Isfahan,0.0,0.0,1.0,30.3,3.7,7.7,100000
382.0,7.0,5.0,4.0,19.0,1.0,Mashhad,1.0,1.0,0.0,13.1,4.2,7.8,643962
132.0,2.0,3.0,2.0,8.0,2.0,Rasht,1.0,0.0,0.0,12.0,6.8,9.2,318242
90.0,1.0,1.0,2.0,31.0,0.0,Tabriz,0.0,1.0,1.0,23.2,4.3,9.8,122487
204.0,3.0,2.0,4.0,41.0,3.0,Tehran,0.0,0.0,1.0,23.9,9.5,5.2,276463
194.0,3.0,3.0,,21.0,0.0,Rasht,0.0,0.0,0.0,24.4,2.2,9.8,205562
381.0,7.0,5.0,1.0,9.0,3.0,Tabriz,0.0,0.0,0.0,13.0,8.5,8.3,492222
389.0,7.0,5.0,1.0,11.0,0.0,Mashhad,0.0,0.0,0.0,19.8,5.6,8.7,585773
109.0,1.0,1.0,3.0,23.0,2.0,Mashhad,1.0,0.0,0.0,18.2,5.1,5.7,100000
209.0,4.0,3.0,2.0,0.0,2.0,Qom,0.0,0.0,0.0,8.2,7.3,6.7,267638
,3.0,3.0,1.0,,2.0,Tehran,1.0,0.0,1.0,12.2,2.9,8.3,292862
200.0,5.0,5.0,2.0,42.0,3.0,Karaj,1.0,0.0,0.0,17.1,1.3,4.8,184426
346.0,5.0,5.0,1.0,20.0,2.0,Tehran,1.0,0.0,0.0,8.0,9.8,4.7,694698
211.0,3.0,3.0,1.0,30.0,1.0,Tehran,0.0,0.0,1.0,21.9,,7.6,344579
250.0,,4.0,4.0,37.0,1.0,Qom,0.0,0.0,,20.2,1.4,7.7,307990
193.0,5.0,5.0,1.0,38.0,2.0,Qom,0.0,0.0,0.0,17.2,8.7,7.8,179064
285.0,6.0,5.0,4.0,38.0,3.0,Tabriz,1.0,0.0,0.0,25.7,2.7,9.7,300639
91.0,2.0,3.0,1.0,33.0,2.0,Karaj,0.0,0.0,0.0,10.4,6.8,9.0,142330
393.0,7.0,5.0,4.0,8.0,2.0,Shiraz,0.0,0.0,0.0,23.6,8.8,10.0,594756
352.0,6.0,5.0,1.0,43.0,2.0,Tehran,1.0,0.0,1.0,8.5,5.4,7.8,819288
378.0,7.0,5.0,1.0,29.0,0.0,Karaj,1.0,0.0,1.0,32.3,1.0,7.1,608089
205.0,,5.0,3.0,17.0,1.0,Shiraz,1.0,1.0,1.0,11.3,4.6,8.0,457698
75.0,1.0,1.0,2.0,35.0,2.0,Mashhad,1.0,0.0,1.0,15.4,8.9,7.5,100000
321.0,7.0,5.0,1.0,37.0,0.0,Shiraz,0.0,0.0,1.0,2.0,2.7,7.2,441927
137.0,3.0,4.0,4.0,10.0,1.0,Rasht,0.0,1.0,0.0,7.6,5.7,4.9,315549
311.0,7.0,5.0,4.0,40.0,1.0,Karaj,1.0,0.0,0.0,16.1,2.7,4.1,380874
58.0,2.0,2.0,4.0,12.0,,Shiraz,0.0,0.0,0.0,15.9,8.4,5.1,100000
348.0,6.0,5.0,3.0,24.0,2.0,Isfahan,1.0,0.0,1.0,20.0,6.7,5.2,518220
399.0,7.0,5.0,2.0,6.0,3.0,Tehran,0.0,0.0,1.0,15.0,9.7,9.8,930042
230.0,3.0,4.0,4.0,28.0,2.0,Karaj,1.0,0.0,0.0,24.2,2.3,5.6,142177
317.0,7.0,5.0,1.0,37.0,3.0,Shiraz,1.0,0.0,0.0,6.6,5.0,6.2,550578
192.0,2.0,2.0,1.0,,1.0,Qom,0.0,0.0,1.0,2.9,9.3,7.7,259255
107.0,2.0,,1.0,26.0,3.0,Tehran,0.0,0.0,1.0,18.7,8.1,7.6,196955
322.0,7.0,5.0,2.0,8.0,0.0,Mashhad,0.0,0.0,1.0,,4.5,10.0,553208
356.0,6.0,5.0,2.0,7.0,1.0,Mashhad,0.0,1.0,0.0,31.3,9.9,9.5,515554
282.0,6.0,5.0,3.0,36.0,2.0,Isfahan,0.0,0.0,,9.0,7.2,7.7,474542
113.0,2.0,2.0,1.0,17.0,0.0,Shiraz,1.0,0.0,1.0,13.5,9.3,8.5,100000
278.0,5.0,4.0,3.0,42.0,1.0,Tehran,1.0,0.0,1.0,14.7,3.0,9.5,661472
46.0,2.0,,4.0,37.0,1.0,Mashhad,0.0,1.0,0.0,17.5,9.6,5.0,100000
85.0,3.0,2.0,1.0,18.0,3.0,Mashhad,1.0,1.0,0.0,14.9,4.1,8.9,306362
211.0,5.0,4.0,2.0,37.0,0.0,Isfahan,0.0,0.0,0.0,25.8,1.7,9.7,299768
255.0,4.0,5.0,4.0,16.0,2.0,Tabriz,1.0,0.0,0.0,16.6,4.9,9.7,369809
232.0,5.0,5.0,2.0,27.0,2.0,Karaj,1.0,0.0,0.0,25.2,,6.1,329758
143.0,4.0,4.0,3.0,40.0,2.0,Shiraz,1.0,0.0,1.0,11.1,1.8,4.7,265923
208.0,5.0,5.0,1.0,4.0,0.0,Qom,1.0,0.0,0.0,21.4,2.4,7.4,341204
145.0,3.0,4.0,4.0,10.0,1.0,Tehran,0.0,0.0,0.0,6.2,2.0,,483807
,4.0,4.0,4.0,6.0,2.0,Tehran,0.0,0.0,1.0,20.0,1.7,10.0,517781
,4.0,4.0,3.0,12.0,1.0,Mashhad,0.0,0.0,0.0,26.3,7.9,9.7,301668
278.0,4.0,5.0,,28.0,1.0,Qom,1.0,0.0,0.0,18.9,1.4,4.8,304533
117.0,2.0,3.0,4.0,31.0,2.0,Tabriz,1.0,0.0,0.0,7.1,3.0,6.6,118041
76.0,2.0,1.0,2.0,19.0,0.0,Karaj,1.0,0.0,1.0,13.2,1.8,8.1,284044
389.0,7.0,5.0,1.0,33.0,2.0,Tehran,0.0,0.0,,27.7,4.9,6.4,804579
418.0,7.0,5.0,4.0,8.0,3.0,Shiraz,1.0,0.0,1.0,16.5,8.5,9.3,677886
350.0,5.0,5.0,1.0,6.0,2.0,Qom,0.0,0.0,1.0,4.3,3.7,9.3,591670
177.0,3.0,4.0,1.0,0.0,,Karaj,0.0,0.0,1.0,19.9,4.9,4.8,264293
404.0,7.0,5.0,1.0,22.0,1.0,Shiraz,1.0,0.0,0.0,17.4,8.1,9.8,616634
45.0,2.0,2.0,1.0,32.0,1.0,Qom,0.0,0.0,0.0,0.7,9.4,9.8,100000
153.0,2.0,2.0,1.0,4.0,3.0,Shiraz,0.0,0.0,0.0,32.7,8.4,9.3,107026
156.0,3.0,2.0,3.0,25.0,3.0,Mashhad,0.0,0.0,0.0,5.0,6.6,9.4,239798
145.0,3.0,2.0,2.0,6.0,3.0,Tehran,1.0,0.0,0.0,21.9,1.2,7.3,381579
262.0,4.0,5.0,3.0,29.0,0.0,Mashhad,1.0,0.0,0.0,24.1,1.1,7.7,380502
198.0,3.0,3.0,4.0,16.0,3.0,Tabriz,0.0,0.0,0.0,15.9,1.8,6.6,235463
137.0,2.0,1.0,3.0,6.0,3.0,Tehran,1.0,0.0,1.0,2.3,2.1,6.8,507761
373.0,7.0,5.0,3.0,39.0,2.0,Mashhad,0.0,0.0,1.0,27.4,8.6,8.8,369794
293.0,6.0,5.0,4.0,23.0,3.0,Karaj,0.0,0.0,0.0,19.9,4.4,8.7,478036
113.0,,1.0,4.0,10.0,2.0,Tabriz,0.0,0.0,1.0,15.4,4.7,6.7,137789
356.0,7.0,5.0,4.0,14.0,1.0,Tehran,1.0,0.0,1.0,16.8,4.7,4.3,830697
98.0,3.0,4.0,3.0,22.0,3.0,Tehran,1.0,1.0,1.0,29.3,5.8,8.6,255881
124.0,1.0,1.0,3.0,5.0,2.0,Shiraz,1.0,0.0,0.0,4.8,5.7,5.2,105359
341.0,6.0,5.0,3.0,21.0,1.0,Rasht,0.0,0.0,1.0,4.3,2.5,4.2,507559
141.0,3.0,3.0,1.0,6.0,3.0,Mashhad,0.0,0.0,0.0,33.4,6.2,7.3,175178
349.0,7.0,5.0,4.0,26.0,3.0,Tabriz,1.0,0.0,1.0,19.3,6.8,8.0,1600734
411.0,7.0,5.0,1.0,35.0,3.0,Tabriz,0.0,0.0,0.0,1.0,1.0,7.6,603116
331.0,7.0,5.0,2.0,31.0,1.0,Rasht,0.0,1.0,1.0,23.2,7.7,9.8,494011
247.0,5.0,5.0,3.0,6.0,2.0,Mashhad,1.0,0.0,1.0,17.5,,6.2,487892
271.0,4.0,3.0,4.0,9.0,1.0,Tehran,0.0,0.0,0.0,8.8,8.4,4.6,652988
54.0,,1.0,4.0,44.0,1.0,Qom,0.0,0.0,0.0,26.5,8.2,5.2,100000
331.0,6.0,,4.0,1.0,2.0,Rasht,0.0,0.0,1.0,25.0,7.1,6.6,393961
183.0,4.0,4.0,2.0,,0.0,Isfahan,0.0,0.0,1.0,25.0,7.2,4.5,100000
378.0,7.0,5.0,2.0,14.0,0.0,Isfahan,0.0,,,13.9,2.3,8.8,526653
366.0,7.0,5.0,3.0,18.0,1.0,Shiraz,0.0,0.0,1.0,13.5,1.1,4.3,441451
322.0,5.0,4.0,1.0,13.0,0.0,Karaj,0.0,0.0,1.0,33.2,8.3,5.7,349508
332.0,5.0,5.0,4.0,28.0,2.0,Karaj,1.0,0.0,0.0,23.1,9.4,4.3,387442
336.0,5.0,5.0,1.0,1.0,3.0,Karaj,1.0,0.0,1.0,30.5,7.4,4.0,471466
310.0,5.0,5.0,4.0,40.0,0.0,Shiraz,0.0,0.0,1.0,6.8,8.2,8.9,451339
252.0,5.0,4.0,1.0,20.0,0.0,Tabriz,0.0,1.0,1.0,19.1,7.7,7.8,327787
371.0,7.0,5.0,4.0,40.0,2.0,Qom,1.0,0.0,1.0,2.2,7.1,7.2,526576
320.0,7.0,5.0,1.0,15.0,3.0,Karaj,0.0,0.0,1.0,4.1,7.2,7.3,580009
379.0,6.0,5.0,4.0,5.0,0.0,,0.0,1.0,0.0,17.6,3.4,5.9,602669
274.0,4.0,4.0,2.0,19.0,0.0,Karaj,1.0,0.0,1.0,13.6,8.2,8.4,494183
326.0,7.0,5.0,4.0,32.0,3.0,Tehran,1.0,0.0,1.0,22.3,1.5,4.7,690219
95.0,3.0,2.0,2.0,11.0,0.0,Mashhad,0.0,0.0,0.0,9.3,9.9,9.3,100000
107.0,3.0,3.0,2.0,35.0,3.0,Karaj,0.0,,0.0,20.3,5.8,8.3,180038
224.0,5.0,5.0,1.0,23.0,3.0,Tehran,0.0,0.0,1.0,10.5,7.3,6.1,592555
163.0,3.0,3.0,1.0,4.0,3.0,Shiraz,1.0,0.0,0.0,27.0,2.9,6.0,224096
246.0,5.0,5.0,4.0,38.0,3.0,Qom,0.0,0.0,1.0,15.0,1.3,7.2,269273
280.0,5.0,5.0,3.0,40.0,2.0,Qom,0.0,1.0,1.0,19.8,5.7,6.8,327595
276.0,6.0,5.0,4.0,35.0,,Shiraz,1.0,0.0,0.0,16.2,6.3,7.5,378362
217.0,3.0,4.0,2.0,18.0,1.0,Shiraz,0.0,0.0,0.0,24.4,9.7,8.1,299151
196.0,3.0,3.0,4.0,22.0,0.0,Shiraz,0.0,0.0,1.0,13.1,1.2,7.2,243270
59.0,2.0,1.0,3.0,23.0,1.0,Mashhad,0.0,0.0,1.0,23.4,7.0,5.0,100000
135.0,3.0,4.0,2.0,3.0,1.0,Qom,0.0,0.0,1.0,13.6,6.4,6.2,190995
365.0,6.0,5.0,3.0,34.0,1.0,Isfahan,0.0,1.0,0.0,16.6,1.4,7.2,631166
189.0,2.0,2.0,4.0,14.0,2.0,Isfahan,0.0,0.0,0.0,29.5,5.2,7.8,200891
174.0,2.0,2.0,3.0,11.0,1.0,Shiraz,1.0,0.0,0.0,29.2,1.7,4.1,187093
118.0,1.0,2.0,3.0,34.0,0.0,Isfahan,0.0,1.0,0.0,9.9,,5.2,191515
54.0,1.0,1.0,1.0,36.0,3.0,Rasht,1.0,0.0,0.0,3.7,5.7,5.3,100000
248.0,6.0,5.0,2.0,13.0,0.0,Mashhad,0.0,0.0,0.0,7.4,1.6,5.2,387568
410.0,7.0,5.0,4.0,39.0,1.0,Shiraz,0.0,0.0,0.0,14.7,4.4,9.6,591052
298.0,4.0,4.0,1.0,38.0,0.0,Tehran,0.0,0.0,0.0,17.2,1.6,6.9,519175
353.0,7.0,5.0,2.0,18.0,0.0,Rasht,1.0,0.0,,25.7,3.0,4.2,563293
268.0,5.0,5.0,3.0,41.0,3.0,Tabriz,,0.0,1.0,19.2,1.5,7.5,200820
240.0,5.0,5.0,2.0,42.0,1.0,Tabriz,0.0,0.0,1.0,14.3,5.2,,375703
186.0,2.0,2.0,3.0,42.0,3.0,Mashhad,0.0,0.0,0.0,18.8,4.1,8.2,159615
280.0,4.0,3.0,2.0,22.0,3.0,Rasht,0.0,0.0,1.0,1.1,7.1,8.8,557669
77.0,1.0,1.0,2.0,7.0,2.0,Tehran,0.0,1.0,0.0,13.9,3.9,5.1,311849
260.0,6.0,5.0,4.0,19.0,2.0,Karaj,0.0,0.0,1.0,31.1,2.7,6.5,423385
376.0,6.0,5.0,2.0,21.0,1.0,Rasht,0.0,0.0,1.0,30.3,9.6,7.3,356736
251.0,4.0,4.0,2.0,10.0,1.0,Shiraz,0.0,0.0,1.0,4.5,9.5,4.1,353672
70.0,2.0,,1.0,15.0,1.0,Rasht,0.0,0.0,0.0,12.5,9.4,4.4,100000
190.0,2.0,3.0,4.0,29.0,0.0,Karaj,0.0,0.0,0.0,18.4,2.4,4.8,100000
301.0,5.0,5.0,2.0,27.0,1.0,Rasht,,1.0,0.0,1.0,5.4,6.7,525920
310.0,6.0,5.0,1.0,3.0,0.0,Qom,1.0,1.0,1.0,27.5,3.0,7.1,576817
60.0,1.0,1.0,4.0,8.0,3.0,Tabriz,1.0,0.0,1.0,17.3,7.4,9.3,199912
286.0,4.0,4.0,4.0,43.0,3.0,Rasht,1.0,0.0,0.0,24.6,3.1,6.1,217346
73.0,1.0,1.0,1.0,30.0,3.0,Shiraz,0.0,0.0,1.0,12.0,1.8,6.5,100000
257.0,4.0,4.0,1.0,45.0,2.0,Isfahan,1.0,0.0,0.0,19.5,9.3,9.2,324342
242.0,3.0,3.0,3.0,2.0,0.0,Qom,0.0,1.0,0.0,19.4,7.4,4.8,338962
400.0,6.0,5.0,3.0,17.0,0.0,Karaj,0.0,0.0,0.0,34.3,6.2,9.0,439022
363.0,6.0,5.0,2.0,23.0,3.0,Qom,0.0,0.0,1.0,26.3,3.5,9.8,415872
198.0,5.0,5.0,1.0,35.0,3.0,Tehran,0.0,0.0,0.0,23.1,6.1,5.3,337406
104.0,3.0,2.0,2.0,20.0,,Tehran,0.0,0.0,0.0,24.4,9.4,9.3,124935
225.0,5.0,5.0,4.0,0.0,0.0,Qom,1.0,0.0,0.0,24.8,8.5,7.7,312796
115.0,1.0,2.0,4.0,4.0,3.0,Rasht,0.0,0.0,0.0,8.5,1.4,5.5,146870
375.0,7.0,5.0,3.0,1.0,1.0,Mashhad,0.0,0.0,1.0,9.9,2.3,9.3,784671
,1.0,1.0,4.0,15.0,3.0,Qom,1.0,0.0,1.0,28.2,4.1,9.7,100000
94.0,3.0,2.0,3.0,40.0,1.0,Shiraz,0.0,0.0,0.0,24.4,2.0,8.7,100000
302.0,5.0,5.0,3.0,26.0,1.0,Qom,0.0,0.0,1.0,20.9,9.0,9.4,284421
85.0,3.0,3.0,4.0,10.0,2.0,Rasht,1.0,0.0,0.0,7.1,8.9,4.5,100000
287.0,6.0,5.0,4.0,37.0,2.0,Qom,1.0,0.0,1.0,18.2,1.4,5.4,305531
286.0,6.0,5.0,4.0,6.0,1.0,Qom,0.0,0.0,0.0,9.4,1.4,5.4,435932
47.0,2.0,2.0,4.0,38.0,0.0,Tehran,1.0,0.0,1.0,25.0,9.1,7.5,100000
271.0,5.0,5.0,3.0,15.0,2.0,Isfahan,1.0,0.0,0.0,22.4,2.3,4.9,440352
77.0,2.0,1.0,1.0,16.0,2.0,Qom,1.0,0.0,1.0,16.4,1.2,5.9,157676
272.0,5.0,5.0,4.0,3.0,3.0,Karaj,0.0,0.0,1.0,22.6,8.9,4.8,448860
154.0,3.0,2.0,,32.0,1.0,Mashhad,0.0,0.0,1.0,20.1,6.8,6.3,133892
396.0,7.0,5.0,1.0,28.0,0.0,Karaj,1.0,0.0,1.0,8.3,2.0,6.2,715307
71.0,2.0,3.0,1.0,33.0,1.0,Qom,0.0,0.0,0.0,32.4,2.0,7.8,100000
94.0,1.0,1.0,2.0,44.0,3.0,Tehran,0.0,0.0,1.0,23.2,1.5,9.0,100000
356.0,6.0,5.0,2.0,40.0,0.0,Rasht,0.0,0.0,1.0,23.6,2.0,4.8,377036
312.0,5.0,5.0,1.0,19.0,1.0,Tehran,0.0,0.0,0.0,,5.5,7.8,688693
236.0,5.0,5.0,4.0,36.0,,Rasht,0.0,0.0,1.0,24.3,10.0,7.9,100000
116.0,2.0,,3.0,22.0,3.0,Mashhad,0.0,0.0,1.0,19.0,7.0,4.7,100000
115.0,1.0,2.0,4.0,38.0,3.0,Tabriz,0.0,0.0,0.0,0.6,5.9,8.6,179696
333.0,6.0,,4.0,45.0,0.0,Isfahan,0.0,0.0,0.0,5.6,7.0,6.2,424719
167.0,3.0,3.0,2.0,19.0,3.0,Tehran,1.0,0.0,0.0,24.3,9.1,,262274
375.0,,5.0,4.0,13.0,1.0,Tehran,0.0,1.0,1.0,21.8,6.9,6.1,867278
55.0,1.0,1.0,2.0,5.0,3.0,Mashhad,0.0,0.0,1.0,7.0,2.2,5.5,125981
80.0,2.0,2.0,2.0,17.0,0.0,Shiraz,0.0,0.0,0.0,2.6,4.6,9.5,198396
416.0,7.0,5.0,1.0,28.0,2.0,Rasht,1.0,0.0,1.0,14.0,1.3,7.4,561311
270.0,5.0,5.0,1.0,19.0,0.0,Isfahan,1.0,0.0,0.0,23.8,1.2,6.2,297256
160.0,2.0,3.0,3.0,6.0,2.0,Qom,0.0,0.0,0.0,5.4,1.6,6.9,206626
213.0,4.0,4.0,3.0,45.0,2.0,Karaj,0.0,0.0,0.0,23.4,,9.7,256393
72.0,1.0,1.0,3.0,30.0,0.0,Shiraz,0.0,0.0,0.0,32.9,3.1,4.9,100000
382.0,7.0,5.0,1.0,15.0,3.0,Mashhad,1.0,0.0,0.0,3.0,1.6,8.3,761131
249.0,5.0,5.0,3.0,19.0,1.0,Karaj,1.0,0.0,0.0,10.5,8.4,6.3,512259
90.0,1.0,1.0,2.0,29.0,0.0,Karaj,1.0,0.0,0.0,24.6,3.5,9.9,120619
159.0,2.0,3.0,1.0,21.0,1.0,Qom,0.0,0.0,0.0,3.3,9.5,4.7,100000
75.0,1.0,1.0,4.0,25.0,1.0,Qom,1.0,0.0,0.0,5.0,6.4,5.1,100000
160.0,2.0,2.0,2.0,21.0,2.0,Rasht,1.0,0.0,0.0,33.2,7.5,8.6,105845
385.0,7.0,5.0,3.0,32.0,3.0,Mashhad,0.0,0.0,0.0,4.4,7.0,9.2,676252
174.0,3.0,4.0,3.0,25.0,2.0,Tabriz,0.0,0.0,0.0,10.8,8.8,7.8,197428
182.0,2.0,2.0,3.0,26.0,2.0,Qom,1.0,0.0,1.0,17.5,2.1,,130144
224.0,5.0,5.0,1.0,3.0,0.0,Tehran,0.0,0.0,0.0,10.2,1.7,9.8,619571
285.0,4.0,3.0,2.0,18.0,2.0,Tabriz,0.0,0.0,1.0,11.8,8.9,7.7,358793
196.0,3.0,3.0,4.0,0.0,1.0,Qom,1.0,0.0,1.0,0.8,1.6,9.5,406051
365.0,7.0,5.0,4.0,33.0,2.0,Tabriz,1.0,0.0,0.0,25.4,6.2,9.7,421232
131.0,2.0,3.0,4.0,4.0,3.0,Karaj,0.0,0.0,0.0,30.2,5.5,7.9,157075
378.0,7.0,5.0,2.0,14.0,2.0,Isfahan,1.0,0.0,1.0,1.5,5.9,9.3,634767
144.0,4.0,3.0,3.0,22.0,2.0,Qom,0.0,1.0,1.0,19.5,4.6,9.1,304486
378.0,7.0,5.0,3.0,12.0,2.0,Isfahan,0.0,0.0,0.0,34.3,8.9,8.3,476752
367.0,6.0,5.0,1.0,27.0,1.0,Qom,1.0,0.0,0.0,27.3,3.6,9.7,370383
74.0,1.0,1.0,4.0,23.0,2.0,Karaj,0.0,,0.0,4.4,6.0,4.3,100000
306.0,5.0,5.0,2.0,7.0,0.0,Rasht,0.0,0.0,1.0,25.2,7.9,7.4,339824
314.0,7.0,5.0,4.0,11.0,3.0,Tehran,0.0,1.0,0.0,0.9,2.2,4.9,960864
212.0,4.0,4.0,4.0,36.0,2.0,Isfahan,0.0,0.0,0.0,8.4,9.3,5.9,269654
347.0,7.0,5.0,4.0,17.0,0.0,Tehran,0.0,0.0,1.0,20.6,7.5,7.8,738381
324.0,5.0,5.0,4.0,23.0,3.0,Rasht,1.0,0.0,1.0,13.6,6.3,8.4,560890
248.0,4.0,4.0,2.0,35.0,3.0,Tehran,0.0,1.0,1.0,20.1,3.4,4.5,469982
324.0,6.0,5.0,2.0,12.0,2.0,Rasht,0.0,0.0,0.0,9.8,9.9,9.6,517379
140.0,2.0,2.0,3.0,3.0,1.0,Tehran,0.0,0.0,1.0,21.3,8.3,6.8,223514
335.0,7.0,5.0,1.0,6.0,0.0,Karaj,1.0,0.0,0.0,,6.8,6.0,571680
98.0,2.0,1.0,4.0,31.0,0.0,Tehran,1.0,0.0,1.0,20.9,2.8,5.6,169383
131.0,1.0,2.0,4.0,42.0,3.0,,0.0,0.0,0.0,3.8,5.3,6.8,120074
240.0,4.0,3.0,2.0,38.0,2.0,Karaj,0.0,0.0,0.0,27.9,6.4,5.8,199635
302.0,6.0,5.0,2.0,7.0,1.0,Rasht,1.0,0.0,0.0,19.4,4.9,7.7,562019
138.0,3.0,2.0,2.0,13.0,0.0,Mashhad,1.0,0.0,0.0,14.5,7.3,5.1,117900
96.0,3.0,3.0,3.0,19.0,0.0,Isfahan,0.0,0.0,0.0,33.0,1.7,4.7,100000
374.0,7.0,5.0,1.0,2.0,0.0,Qom,0.0,1.0,,,,6.9,365100
45.0,2.0,3.0,3.0,44.0,3.0,Shiraz,0.0,0.0,0.0,4.7,1.2,4.5,100000
347.0,7.0,5.0,4.0,32.0,3.0,Isfahan,0.0,0.0,0.0,7.3,5.4,9.3,605432
84.0,2.0,2.0,1.0,43.0,2.0,Tehran,1.0,,1.0,13.0,4.6,6.6,100000
154.0,3.0,3.0,4.0,0.0,1.0,Tabriz,0.0,0.0,1.0,18.2,5.1,6.0,205439
52.0,2.0,2.0,4.0,36.0,3.0,Tehran,0.0,0.0,0.0,19.0,8.3,4.1,100000
324.0,6.0,5.0,3.0,23.0,3.0,Qom,0.0,0.0,0.0,18.0,9.5,8.9,338544
254.0,6.0,5.0,3.0,45.0,1.0,Tehran,0.0,0.0,1.0,20.9,2.2,7.2,545682
285.0,4.0,3.0,4.0,29.0,2.0,Rasht,1.0,0.0,0.0,18.7,6.5,6.4,409004
212.0,4.0,4.0,1.0,40.0,3.0,Tehran,1.0,0.0,1.0,18.6,3.5,10.0,515085
412.0,7.0,5.0,4.0,41.0,2.0,Isfahan,1.0,0.0,1.0,24.8,8.4,7.8,453654
61.0,1.0,1.0,3.0,3.0,0.0,Karaj,0.0,0.0,,31.1,8.1,7.4,100000
136.0,1.0,1.0,4.0,3.0,1.0,Isfahan,0.0,0.0,0.0,22.9,2.3,7.7,122254
323.0,7.0,,4.0,2.0,2.0,Shiraz,1.0,0.0,1.0,24.8,3.6,7.0,505524
63.0,1.0,1.0,1.0,33.0,3.0,Tehran,1.0,,1.0,5.2,1.5,7.1,100000
413.0,7.0,5.0,3.0,10.0,2.0,Isfahan,0.0,0.0,0.0,30.2,2.1,4.9,538204
170.0,2.0,2.0,1.0,40.0,1.0,Isfahan,1.0,0.0,0.0,29.2,7.3,9.4,115241
334.0,7.0,5.0,4.0,32.0,0.0,Tehran,0.0,0.0,0.0,3.6,3.6,4.0,812324
66.0,1.0,2.0,2.0,25.0,3.0,Rasht,0.0,0.0,0.0,6.8,2.0,9.9,100000
337.0,7.0,5.0,2.0,32.0,0.0,Isfahan,1.0,0.0,1.0,26.5,8.0,7.0,505849
131.0,2.0,1.0,4.0,25.0,1.0,Isfahan,1.0,0.0,1.0,22.2,4.0,8.7,123294
343.0,6.0,5.0,1.0,27.0,3.0,Tabriz,0.0,,1.0,21.8,7.1,7.2,290172
355.0,5.0,5.0,3.0,40.0,1.0,Mashhad,0.0,0.0,0.0,6.2,2.6,5.9,491013
115.0,1.0,2.0,2.0,33.0,1.0,Shiraz,0.0,0.0,0.0,21.1,,8.7,100000
398.0,7.0,5.0,2.0,1.0,1.0,Karaj,1.0,0.0,1.0,4.3,1.0,8.0,806549
230.0,5.0,5.0,3.0,15.0,0.0,Isfahan,1.0,0.0,0.0,15.7,9.0,5.6,278775
360.0,6.0,5.0,3.0,34.0,1.0,Tabriz,1.0,0.0,0.0,32.8,2.6,7.2,328411
416.0,7.0,5.0,1.0,,0.0,Isfahan,0.0,0.0,0.0,30.1,2.6,9.1,561379
335.0,6.0,5.0,4.0,26.0,3.0,Mashhad,1.0,0.0,1.0,14.2,1.4,6.1,583495
339.0,6.0,5.0,1.0,1.0,1.0,Tabriz,,0.0,0.0,5.3,4.0,8.0,639723
196.0,4.0,5.0,2.0,20.0,3.0,Rasht,0.0,0.0,1.0,0.9,7.0,6.2,399666
198.0,4.0,3.0,1.0,21.0,2.0,Shiraz,0.0,0.0,0.0,18.8,8.1,9.0,224249
258.0,5.0,5.0,4.0,4.0,2.0,Mashhad,0.0,0.0,1.0,2.8,1.9,6.7,578271
315.0,5.0,5.0,4.0,23.0,3.0,,1.0,0.0,1.0,22.5,9.2,7.7,392878
349.0,6.0,5.0,3.0,22.0,3.0,Shiraz,1.0,0.0,0.0,5.0,4.4,8.7,632847
420.0,7.0,5.0,3.0,39.0,3.0,Isfahan,0.0,0.0,1.0,20.5,7.9,6.2,526694
406.0,7.0,5.0,3.0,2.0,1.0,Isfahan,0.0,0.0,0.0,20.9,9.9,4.7,473455
198.0,4.0,5.0,4.0,45.0,0.0,Rasht,0.0,0.0,0.0,9.5,6.1,9.2,154488
103.0,2.0,3.0,1.0,25.0,2.0,Qom,1.0,0.0,0.0,27.0,2.9,4.3,100000
165.0,2.0,3.0,2.0,3.0,3.0,Tehran,1.0,1.0,0.0,34.7,9.4,4.9,288918
217.0,3.0,4.0,2.0,44.0,,Mashhad,0.0,0.0,0.0,34.0,8.2,7.7,100000
416.0,7.0,5.0,1.0,2.0,0.0,Rasht,1.0,0.0,1.0,13.8,,5.8,679262
71.0,,2.0,1.0,23.0,3.0,Rasht,0.0,0.0,1.0,9.9,5.9,6.9,100000
228.0,5.0,5.0,2.0,21.0,3.0,Tehran,0.0,0.0,0.0,10.8,2.3,9.6,558528
65.0,1.0,2.0,2.0,0.0,2.0,Tabriz,0.0,0.0,0.0,7.0,9.2,5.9,100000
235.0,5.0,5.0,2.0,18.0,1.0,Isfahan,0.0,0.0,0.0,20.5,8.1,7.1,240640
394.0,7.0,5.0,4.0,36.0,2.0,Tabriz,0.0,0.0,0.0,27.3,2.7,5.5,438376
359.0,7.0,5.0,3.0,7.0,1.0,Qom,0.0,1.0,0.0,34.6,2.7,9.0,449094
274.0,5.0,5.0,2.0,21.0,2.0,Mashhad,1.0,0.0,0.0,7.1,1.1,6.7,495160
382.0,7.0,5.0,2.0,22.0,2.0,Isfahan,1.0,0.0,1.0,22.5,8.1,4.3,417055
417.0,7.0,5.0,2.0,40.0,3.0,Isfahan,0.0,0.0,1.0,16.7,1.5,9.0,550156
,7.0,,3.0,15.0,2.0,Shiraz,0.0,0.0,,22.5,9.3,8.8,571530
245.0,3.0,4.0,4.0,27.0,0.0,Qom,0.0,0.0,0.0,18.1,3.0,4.4,177627
102.0,3.0,2.0,2.0,1.0,0.0,Tabriz,0.0,0.0,1.0,31.5,1.6,8.3,100000
291.0,5.0,4.0,1.0,30.0,2.0,Qom,0.0,0.0,1.0,6.6,4.6,4.9,237178
363.0,7.0,5.0,4.0,42.0,2.0,Mashhad,1.0,0.0,0.0,29.8,5.2,8.8,467843
121.0,1.0,1.0,1.0,19.0,1.0,Mashhad,0.0,0.0,0.0,27.4,3.9,5.1,100000
348.0,6.0,5.0,1.0,30.0,1.0,Rasht,1.0,0.0,1.0,19.0,6.6,4.6,491905
293.0,6.0,5.0,3.0,10.0,3.0,Isfahan,0.0,0.0,1.0,10.8,7.8,9.0,627508
392.0,7.0,5.0,4.0,36.0,3.0,Tabriz,0.0,0.0,0.0,33.7,9.3,6.9,228219
265.0,5.0,5.0,2.0,23.0,1.0,Tehran,1.0,0.0,0.0,26.3,2.8,5.7,539436
301.0,5.0,5.0,2.0,44.0,0.0,Shiraz,0.0,0.0,0.0,22.4,1.5,8.0,210491
238.0,5.0,4.0,2.0,21.0,3.0,Rasht,0.0,0.0,1.0,13.8,2.8,5.8,326686
188.0,2.0,1.0,2.0,19.0,2.0,Mashhad,1.0,0.0,0.0,1.5,5.8,6.3,258166
,7.0,5.0,4.0,0.0,3.0,Rasht,1.0,1.0,0.0,28.9,6.8,7.1,521362
357.0,6.0,5.0,3.0,37.0,1.0,Tehran,0.0,,1.0,18.8,9.4,6.4,683087
291.0,5.0,5.0,1.0,16.0,2.0,Isfahan,0.0,0.0,0.0,1.3,9.5,8.0,520389
147.0,2.0,2.0,3.0,9.0,3.0,Isfahan,1.0,0.0,0.0,9.7,2.9,6.4,265446
364.0,7.0,5.0,1.0,11.0,1.0,Tabriz,1.0,0.0,1.0,14.1,3.0,8.5,595761
230.0,4.0,3.0,2.0,2.0,0.0,Isfahan,1.0,1.0,1.0,25.7,8.3,6.9,441864
290.0,5.0,5.0,4.0,2.0,0.0,Shiraz,0.0,0.0,0.0,11.1,3.8,7.2,375385
113.0,2.0,1.0,4.0,,1.0,Tehran,0.0,1.0,1.0,11.7,2.5,7.4,162664
142.0,4.0,5.0,2.0,29.0,0.0,Tabriz,1.0,0.0,0.0,1.2,7.4,9.0,298033
221.0,5.0,4.0,4.0,36.0,2.0,Rasht,1.0,0.0,1.0,8.9,4.6,5.4,264637
76.0,1.0,1.0,1.0,37.0,1.0,Rasht,1.0,0.0,1.0,20.6,5.3,9.7,100000
351.0,5.0,5.0,4.0,23.0,3.0,Mashhad,0.0,0.0,0.0,12.0,9.9,7.0,518086
280.0,5.0,5.0,1.0,26.0,0.0,,1.0,,1.0,13.1,5.9,5.6,494685
120.0,1.0,1.0,,16.0,0.0,Isfahan,0.0,0.0,1.0,22.8,6.7,8.3,100000
250.0,4.0,4.0,1.0,23.0,3.0,Isfahan,0.0,1.0,1.0,18.3,9.0,5.5,424726
322.0,6.0,5.0,2.0,12.0,2.0,Qom,0.0,,0.0,10.1,7.6,9.2,405527
269.0,6.0,5.0,4.0,19.0,0.0,Isfahan,1.0,1.0,0.0,18.7,3.2,9.9,623849
147.0,2.0,1.0,1.0,37.0,3.0,Qom,,0.0,1.0,16.3,1.8,5.8,100000
357.0,6.0,5.0,3.0,39.0,2.0,Qom,1.0,0.0,0.0,8.4,9.9,6.0,379800
369.0,7.0,5.0,4.0,32.0,3.0,Tehran,1.0,0.0,1.0,23.3,3.0,8.4,835350
313.0,5.0,4.0,2.0,28.0,3.0,Isfahan,0.0,0.0,0.0,30.9,4.3,5.2,260467
111.0,3.0,2.0,3.0,8.0,0.0,Karaj,0.0,0.0,0.0,0.8,8.5,9.9,166447
373.0,7.0,5.0,1.0,20.0,3.0,Rasht,1.0,0.0,1.0,17.0,3.8,8.9,563892
159.0,3.0,4.0,2.0,43.0,0.0,Isfahan,0.0,0.0,0.0,24.9,5.2,7.2,100000
328.0,,5.0,1.0,36.0,0.0,Rasht,1.0,0.0,1.0,13.7,1.5,4.5,388395
124.0,2.0,2.0,3.0,29.0,1.0,Qom,0.0,0.0,1.0,28.5,9.7,4.6,100000
175.0,3.0,3.0,1.0,22.0,2.0,Shiraz,0.0,1.0,1.0,16.9,6.1,8.8,371929
311.0,5.0,5.0,4.0,43.0,2.0,Tabriz,0.0,0.0,0.0,20.2,,5.8,254580
211.0,3.0,2.0,1.0,30.0,2.0,Tabriz,0.0,0.0,0.0,9.7,4.2,4.0,171263
78.0,2.0,2.0,1.0,25.0,0.0,Qom,,0.0,0.0,12.9,4.5,8.5,100000
255.0,5.0,4.0,4.0,31.0,1.0,Rasht,1.0,0.0,0.0,30.5,5.3,4.1,279952
54.0,1.0,1.0,2.0,25.0,0.0,Isfahan,1.0,1.0,1.0,17.3,2.5,4.2,100000
,6.0,5.0,3.0,7.0,2.0,Isfahan,1.0,0.0,0.0,9.0,7.0,5.6,582946
77.0,2.0,2.0,3.0,,3.0,Qom,0.0,0.0,0.0,2.3,8.9,9.1,174307
194.0,4.0,4.0,3.0,4.0,2.0,Tehran,1.0,0.0,1.0,5.8,9.7,5.4,503317
57.0,2.0,1.0,2.0,15.0,2.0,Tabriz,0.0,1.0,0.0,14.7,2.2,9.1,159441
241.0,3.0,3.0,1.0,6.0,2.0,Qom,0.0,0.0,1.0,25.6,1.0,9.1,195264
311.0,6.0,5.0,4.0,13.0,1.0,Shiraz,0.0,0.0,1.0,11.8,,8.8,520117
88.0,2.0,2.0,4.0,8.0,1.0,Isfahan,0.0,0.0,1.0,27.7,7.0,5.1,100000
335.0,5.0,,3.0,20.0,1.0,Karaj,0.0,0.0,1.0,14.9,9.9,8.1,510783
95.0,3.0,3.0,4.0,10.0,3.0,Shiraz,1.0,0.0,0.0,21.9,,5.9,114784
345.0,7.0,5.0,2.0,40.0,3.0,Rasht,0.0,0.0,0.0,8.4,6.3,,433216
231.0,4.0,4.0,4.0,42.0,2.0,Isfahan,0.0,0.0,0.0,22.0,2.7,5.2,208644
164.0,3.0,3.0,4.0,24.0,2.0,Isfahan,1.0,0.0,1.0,32.9,7.0,6.0,105615
149.0,2.0,2.0,2.0,31.0,1.0,Rasht,0.0,0.0,1.0,13.1,1.7,5.3,100000
172.0,2.0,,4.0,29.0,3.0,Shiraz,1.0,0.0,1.0,9.4,4.4,4.5,108369
384.0,7.0,5.0,3.0,28.0,2.0,Tabriz,0.0,0.0,0.0,18.0,3.1,9.4,487055
278.0,5.0,4.0,4.0,23.0,1.0,Shiraz,1.0,0.0,0.0,21.2,1.2,4.7,303800
70.0,1.0,1.0,4.0,5.0,3.0,Qom,0.0,0.0,1.0,12.1,2.3,8.9,138810
384.0,7.0,5.0,3.0,6.0,1.0,Isfahan,0.0,0.0,0.0,8.2,5.1,9.8,608900
95.0,2.0,2.0,3.0,23.0,3.0,Shiraz,1.0,1.0,0.0,22.5,1.4,5.5,100000
340.0,6.0,5.0,3.0,38.0,3.0,Tehran,1.0,0.0,1.0,5.2,6.0,8.6,896769
165.0,3.0,4.0,1.0,12.0,1.0,Mashhad,,0.0,1.0,32.6,2.8,6.2,140435
72.0,1.0,1.0,2.0,16.0,2.0,Qom,0.0,0.0,1.0,11.2,7.7,9.8,100000
283.0,4.0,4.0,2.0,22.0,3.0,Tabriz,0.0,1.0,0.0,30.2,3.7,6.6,356165
69.0,1.0,1.0,2.0,35.0,2.0,Rasht,1.0,0.0,1.0,16.7,6.2,5.1,100000
81.0,1.0,,1.0,37.0,0.0,Tabriz,0.0,0.0,0.0,8.3,7.6,6.1,100000
213.0,3.0,2.0,1.0,8.0,3.0,Mashhad,0.0,1.0,0.0,22.3,4.0,7.6,326248
192.0,4.0,4.0,,2.0,3.0,,1.0,0.0,0.0,12.1,5.1,5.2,375827
99.0,1.0,1.0,4.0,42.0,2.0,Mashhad,0.0,0.0,0.0,4.8,3.4,6.3,100000
213.0,5.0,4.0,3.0,17.0,1.0,Mashhad,1.0,0.0,1.0,18.0,7.6,6.8,312696
267.0,6.0,5.0,3.0,26.0,1.0,Karaj,0.0,0.0,0.0,8.0,,7.6,453863
57.0,1.0,1.0,1.0,4.0,3.0,Tabriz,0.0,,1.0,24.5,4.3,4.5,100000
45.0,2.0,2.0,3.0,11.0,1.0,Shiraz,0.0,0.0,1.0,23.5,2.2,4.5,100000
122.0,2.0,1.0,4.0,5.0,1.0,Mashhad,0.0,0.0,0.0,8.1,8.4,5.8,151456
292.0,5.0,4.0,4.0,1.0,0.0,Karaj,0.0,,0.0,27.1,7.8,6.8,358874
405.0,7.0,5.0,2.0,40.0,3.0,Tehran,0.0,0.0,1.0,19.6,8.5,9.9,883461
325.0,5.0,5.0,3.0,31.0,3.0,Rasht,0.0,0.0,1.0,11.6,6.9,4.8,375534
399.0,7.0,5.0,4.0,2.0,2.0,Shiraz,0.0,0.0,0.0,10.3,3.0,4.5,645028
295.0,6.0,5.0,2.0,28.0,3.0,Tehran,1.0,1.0,0.0,28.4,3.7,9.2,689222
405.0,7.0,5.0,2.0,32.0,2.0,Shiraz,1.0,0.0,1.0,25.6,2.5,4.2,527150
293.0,5.0,5.0,4.0,12.0,0.0,Karaj,0.0,0.0,1.0,7.7,4.9,8.3,531706
141.0,3.0,3.0,4.0,16.0,0.0,Qom,0.0,,1.0,2.7,6.7,6.7,171615
157.0,,1.0,3.0,8.0,3.0,Tabriz,0.0,0.0,1.0,6.3,9.3,7.0,114832
310.0,6.0,5.0,1.0,36.0,3.0,Tehran,1.0,0.0,0.0,12.6,4.2,9.9,678842
216.0,4.0,4.0,1.0,39.0,2.0,Mashhad,1.0,0.0,1.0,28.7,4.8,9.1,255823
297.0,5.0,4.0,3.0,25.0,0.0,Karaj,1.0,0.0,0.0,17.7,6.6,6.5,376561
407.0,7.0,5.0,1.0,31.0,2.0,Tehran,1.0,0.0,1.0,32.0,4.4,9.4,853867
327.0,6.0,5.0,4.0,29.0,3.0,Karaj,0.0,0.0,0.0,12.4,4.2,7.7,565020
190.0,3.0,3.0,1.0,21.0,3.0,Tehran,0.0,0.0,0.0,18.9,2.7,7.9,387917
77.0,2.0,1.0,2.0,27.0,0.0,Tehran,0.0,0.0,0.0,5.5,2.9,6.1,100000
395.0,6.0,5.0,2.0,13.0,2.0,Mashhad,0.0,0.0,0.0,7.1,2.9,7.8,631705
254.0,6.0,5.0,1.0,30.0,0.0,Karaj,0.0,0.0,0.0,7.1,2.1,9.6,531140
105.0,1.0,1.0,3.0,42.0,3.0,Shiraz,0.0,0.0,1.0,20.4,3.1,4.5,100000
149.0,3.0,3.0,3.0,14.0,3.0,Rasht,0.0,0.0,0.0,18.6,9.1,8.0,159470
277.0,4.0,3.0,1.0,39.0,1.0,Karaj,1.0,0.0,0.0,13.0,6.0,8.2,437861
112.0,3.0,4.0,2.0,36.0,3.0,Shiraz,1.0,1.0,1.0,12.9,3.1,6.2,266074
190.0,4.0,4.0,2.0,38.0,0.0,Rasht,0.0,0.0,0.0,24.8,3.5,5.3,100000
175.0,2.0,3.0,1.0,15.0,3.0,Shiraz,0.0,0.0,1.0,12.8,7.5,7.0,300788
268.0,6.0,5.0,1.0,24.0,2.0,Shiraz,0.0,0.0,1.0,11.6,3.7,6.5,413936
186.0,3.0,3.0,1.0,9.0,1.0,Rasht,0.0,0.0,1.0,33.7,2.4,6.0,148998
221.0,5.0,4.0,1.0,19.0,0.0,Shiraz,1.0,0.0,1.0,13.1,6.9,8.9,284144
285.0,4.0,3.0,2.0,29.0,2.0,Karaj,0.0,0.0,0.0,25.3,4.2,6.3,274712
227.0,5.0,5.0,1.0,12.0,3.0,Mashhad,1.0,0.0,1.0,30.6,5.3,7.9,369289
110.0,3.0,3.0,3.0,14.0,0.0,Tehran,1.0,0.0,0.0,33.4,3.9,9.6,144716
387.0,7.0,5.0,1.0,22.0,0.0,Tabriz,0.0,0.0,0.0,12.7,3.6,8.6,481378
313.0,7.0,5.0,3.0,25.0,0.0,Rasht,0.0,0.0,0.0,21.7,4.8,6.3,319891
362.0,7.0,5.0,4.0,33.0,1.0,Mashhad,0.0,0.0,1.0,8.5,3.6,5.0,564093
156.0,3.0,3.0,4.0,43.0,2.0,Tabriz,1.0,0.0,1.0,23.9,8.3,7.8,100000
328.0,7.0,5.0,4.0,9.0,0.0,Karaj,0.0,0.0,0.0,0.6,4.7,8.1,661130
290.0,5.0,5.0,2.0,33.0,2.0,Karaj,1.0,0.0,1.0,26.8,1.4,8.2,480571
266.0,5.0,5.0,3.0,32.0,0.0,Karaj,0.0,0.0,0.0,22.8,8.6,5.9,205190
96.0,2.0,2.0,1.0,5.0,1.0,Tehran,0.0,0.0,1.0,29.7,1.6,8.9,185483
114.0,2.0,2.0,1.0,19.0,2.0,Isfahan,1.0,0.0,1.0,11.6,2.3,6.6,190942
92.0,2.0,2.0,3.0,38.0,0.0,Qom,0.0,0.0,0.0,8.4,4.1,7.8,129423
415.0,7.0,5.0,4.0,41.0,3.0,Qom,1.0,0.0,0.0,12.7,3.0,8.6,506852
310.0,6.0,5.0,1.0,11.0,3.0,Tehran,1.0,0.0,0.0,27.6,5.2,9.8,661494
260.0,,3.0,4.0,23.0,0.0,Tabriz,1.0,0.0,0.0,31.1,7.6,9.2,192662
140.0,3.0,3.0,4.0,16.0,1.0,Tehran,1.0,0.0,1.0,33.8,3.6,5.1,286206
196.0,4.0,4.0,4.0,38.0,3.0,Tabriz,1.0,1.0,0.0,,5.5,9.1,297989
136.0,2.0,2.0,4.0,17.0,0.0,Karaj,0.0,0.0,1.0,28.9,4.3,4.1,100000
408.0,7.0,5.0,1.0,27.0,3.0,Mashhad,0.0,0.0,0.0,6.4,9.0,6.8,675739
405.0,7.0,5.0,2.0,8.0,1.0,Karaj,0.0,0.0,1.0,13.1,1.4,9.6,730830
269.0,4.0,,3.0,14.0,2.0,Shiraz,1.0,0.0,0.0,11.4,3.7,8.0,409378
268.0,5.0,4.0,3.0,36.0,1.0,Shiraz,0.0,0.0,1.0,22.1,6.1,10.0,342672
419.0,7.0,5.0,3.0,18.0,1.0,Shiraz,0.0,0.0,1.0,3.0,3.0,4.8,673894
250.0,4.0,5.0,2.0,14.0,2.0,Karaj,0.0,0.0,0.0,10.4,6.0,4.6,378092
263.0,4.0,5.0,1.0,34.0,0.0,Shiraz,1.0,0.0,0.0,25.2,2.8,4.6,194688
322.0,6.0,5.0,3.0,10.0,1.0,Karaj,0.0,0.0,1.0,23.6,6.6,8.6,595860
333.0,6.0,5.0,4.0,38.0,0.0,Qom,0.0,0.0,1.0,22.0,7.2,8.6,229137
321.0,,5.0,1.0,25.0,1.0,Isfahan,0.0,0.0,0.0,18.4,5.9,6.6,514069
297.0,5.0,4.0,2.0,39.0,0.0,Mashhad,,0.0,1.0,34.2,8.6,8.8,305587
355.0,7.0,5.0,4.0,22.0,,Isfahan,1.0,0.0,1.0,13.0,2.9,4.5,555181
252.0,5.0,5.0,1.0,20.0,1.0,Tabriz,0.0,0.0,0.0,26.5,3.2,6.0,269537
159.0,2.0,2.0,4.0,42.0,2.0,Rasht,1.0,1.0,1.0,5.3,1.1,7.7,277386
105.0,3.0,3.0,1.0,4.0,2.0,Isfahan,0.0,0.0,0.0,34.2,6.2,6.8,100000
420.0,7.0,5.0,2.0,9.0,0.0,Mashhad,1.0,0.0,,6.8,8.9,7.1,778782
231.0,3.0,4.0,4.0,39.0,0.0,Tabriz,0.0,0.0,1.0,5.4,5.0,9.1,229595
57.0,1.0,2.0,4.0,9.0,2.0,Isfahan,1.0,0.0,1.0,23.5,6.6,8.5,100000
299.0,5.0,5.0,4.0,36.0,0.0,Isfahan,1.0,0.0,0.0,8.7,4.4,8.9,552649
283.0,5.0,5.0,3.0,16.0,0.0,Rasht,0.0,0.0,1.0,4.5,9.0,7.6,440491
302.0,4.0,5.0,2.0,1.0,0.0,Rasht,0.0,0.0,1.0,12.0,5.4,9.6,649205
208.0,3.0,2.0,3.0,28.0,1.0,Qom,1.0,0.0,0.0,24.6,5.6,7.8,155281
117.0,3.0,2.0,1.0,1.0,1.0,Karaj,1.0,0.0,0.0,23.0,6.4,4.1,100000
318.0,5.0,5.0,4.0,24.0,0.0,Qom,0.0,0.0,1.0,29.2,8.5,5.2,956757
131.0,3.0,2.0,4.0,1.0,3.0,Isfahan,0.0,0.0,1.0,5.4,1.1,5.6,304616
321.0,6.0,5.0,3.0,27.0,0.0,Tabriz,0.0,0.0,1.0,28.4,4.5,4.9,173035
240.0,5.0,5.0,4.0,2.0,0.0,Tehran,0.0,0.0,0.0,10.2,7.5,4.4,530986
184.0,3.0,2.0,1.0,7.0,0.0,Shiraz,1.0,0.0,1.0,13.3,1.6,7.7,187574
330.0,5.0,4.0,3.0,17.0,1.0,Tabriz,0.0,0.0,0.0,23.5,5.9,9.0,410104
227.0,3.0,4.0,2.0,25.0,3.0,Isfahan,0.0,0.0,0.0,18.6,3.5,6.0,157983
294.0,5.0,4.0,4.0,5.0,2.0,Rasht,1.0,1.0,0.0,25.4,1.4,9.3,479372
190.0,2.0,2.0,3.0,4.0,1.0,Karaj,0.0,0.0,1.0,32.6,9.4,7.2,185574
177.0,2.0,1.0,1.0,38.0,1.0,Shiraz,1.0,1.0,1.0,14.9,8.4,4.4,100000
390.0,7.0,5.0,1.0,8.0,3.0,Isfahan,1.0,0.0,0.0,30.3,2.6,4.6,599809
412.0,6.0,5.0,2.0,12.0,2.0,Qom,0.0,0.0,1.0,34.3,6.8,8.6,308966
133.0,2.0,2.0,3.0,7.0,1.0,Mashhad,0.0,0.0,1.0,25.7,4.5,7.8,118533
269.0,6.0,5.0,3.0,42.0,0.0,Isfahan,0.0,0.0,0.0,33.2,8.9,6.7,135335
176.0,4.0,4.0,3.0,26.0,3.0,Isfahan,1.0,0.0,0.0,22.6,7.1,4.6,225725
204.0,3.0,4.0,3.0,8.0,2.0,Rasht,0.0,0.0,1.0,8.5,8.1,7.6,390905
55.0,1.0,1.0,2.0,21.0,2.0,Mashhad,0.0,0.0,1.0,23.0,8.0,5.0,100000
219.0,4.0,5.0,2.0,11.0,1.0,Isfahan,1.0,0.0,0.0,1.0,4.0,5.2,435562
418.0,7.0,5.0,2.0,1.0,2.0,Shiraz,0.0,0.0,0.0,12.7,6.7,8.9,672334
77.0,1.0,1.0,3.0,38.0,0.0,Tehran,0.0,0.0,1.0,19.1,6.1,6.1,100000
258.0,5.0,4.0,3.0,32.0,2.0,Rasht,0.0,1.0,0.0,17.2,6.4,9.5,339266
103.0,3.0,2.0,3.0,10.0,3.0,Tehran,0.0,0.0,1.0,10.5,8.5,4.5,164298
410.0,7.0,5.0,3.0,45.0,2.0,Tehran,0.0,1.0,1.0,15.4,5.3,8.4,1019881
,5.0,4.0,4.0,17.0,0.0,Mashhad,1.0,0.0,1.0,30.0,7.8,6.5,361344
178.0,2.0,2.0,3.0,39.0,1.0,Rasht,0.0,0.0,0.0,13.1,1.5,6.8,197132
140.0,3.0,4.0,3.0,4.0,3.0,Mashhad,1.0,0.0,0.0,8.9,3.7,6.2,354135
280.0,6.0,5.0,3.0,33.0,2.0,Tabriz,0.0,0.0,0.0,18.4,8.4,6.9,339380
223.0,4.0,5.0,2.0,5.0,2.0,Isfahan,1.0,0.0,0.0,3.4,3.6,4.6,408045
416.0,,5.0,3.0,4.0,2.0,Rasht,0.0,0.0,1.0,17.3,6.5,9.2,606648
102.0,2.0,1.0,1.0,36.0,0.0,Shiraz,0.0,0.0,0.0,32.0,3.8,7.2,100000
333.0,5.0,5.0,1.0,27.0,3.0,Tabriz,1.0,0.0,1.0,5.0,4.7,5.6,468249
300.0,6.0,5.0,2.0,17.0,2.0,Tabriz,1.0,0.0,1.0,27.8,7.5,8.4,462203
414.0,7.0,5.0,1.0,25.0,3.0,Tehran,1.0,,0.0,23.5,8.1,4.6,969916
145.0,3.0,4.0,2.0,39.0,1.0,Isfahan,0.0,0.0,1.0,22.9,7.5,7.2,100000
406.0,6.0,5.0,4.0,35.0,3.0,Isfahan,0.0,0.0,0.0,30.7,9.2,8.4,444712
374.0,7.0,5.0,4.0,0.0,2.0,Shiraz,0.0,1.0,0.0,19.5,3.2,9.9,767910
130.0,1.0,1.0,1.0,8.0,0.0,Shiraz,0.0,0.0,1.0,6.8,6.7,8.6,274974
271.0,6.0,5.0,3.0,19.0,2.0,Qom,1.0,0.0,1.0,8.1,4.7,4.3,400137
414.0,7.0,5.0,2.0,23.0,0.0,Isfahan,0.0,0.0,0.0,7.4,1.3,9.8,622001
405.0,7.0,5.0,3.0,43.0,3.0,Tehran,0.0,0.0,0.0,11.4,1.7,9.8,852057
63.0,1.0,1.0,2.0,42.0,1.0,Isfahan,0.0,0.0,0.0,23.5,8.0,8.5,100000
227.0,3.0,3.0,2.0,4.0,2.0,Shiraz,0.0,0.0,1.0,23.8,8.5,9.0,271134
352.0,6.0,5.0,4.0,11.0,,Rasht,0.0,0.0,0.0,22.8,2.2,6.3,371029
413.0,,5.0,2.0,13.0,2.0,Karaj,0.0,0.0,1.0,1.8,8.1,6.1,816723
160.0,2.0,2.0,2.0,10.0,1.0,Mashhad,1.0,0.0,1.0,4.6,1.1,,314600
240.0,3.0,3.0,3.0,21.0,1.0,Tabriz,0.0,0.0,1.0,13.0,7.8,7.5,263534
78.0,1.0,,2.0,23.0,3.0,Rasht,0.0,1.0,0.0,2.4,7.4,6.3,100000
155.0,2.0,3.0,1.0,12.0,0.0,Karaj,0.0,,0.0,31.4,7.6,7.0,133306
386.0,6.0,5.0,2.0,13.0,3.0,Rasht,0.0,0.0,1.0,20.1,5.1,5.2,463541
68.0,1.0,1.0,2.0,0.0,1.0,Qom,1.0,0.0,1.0,25.9,8.1,8.6,100000
89.0,2.0,2.0,4.0,9.0,1.0,Isfahan,0.0,0.0,0.0,28.0,8.6,5.4,100000
219.0,3.0,3.0,4.0,38.0,2.0,Tehran,0.0,0.0,0.0,9.4,8.3,7.7,471211
331.0,5.0,4.0,4.0,10.0,2.0,Rasht,0.0,0.0,0.0,18.8,7.9,5.2,435387
,2.0,1.0,1.0,35.0,3.0,Qom,1.0,0.0,0.0,4.7,5.3,8.2,124909
291.0,6.0,5.0,2.0,4.0,3.0,Tehran,0.0,0.0,0.0,32.6,6.2,5.3,554254
92.0,2.0,1.0,3.0,15.0,0.0,Karaj,1.0,0.0,0.0,13.2,,5.6,158602
364.0,6.0,5.0,1.0,12.0,1.0,Isfahan,0.0,0.0,0.0,32.3,5.7,4.1,347680
371.0,7.0,5.0,1.0,11.0,0.0,Tabriz,0.0,0.0,0.0,18.5,2.4,6.2,364829
74.0,1.0,1.0,4.0,30.0,2.0,Tabriz,0.0,0.0,0.0,17.1,9.3,5.0,100000
292.0,4.0,3.0,4.0,20.0,0.0,Shiraz,0.0,0.0,1.0,34.5,8.6,8.6,299608
87.0,2.0,2.0,3.0,13.0,1.0,Tabriz,1.0,0.0,0.0,32.3,7.7,5.4,100000
388.0,7.0,5.0,2.0,42.0,2.0,Tehran,0.0,0.0,0.0,8.5,3.4,4.2,823306
318.0,6.0,5.0,1.0,25.0,2.0,Shiraz,1.0,0.0,0.0,33.8,2.7,5.1,352318
316.0,7.0,5.0,1.0,3.0,3.0,Karaj,0.0,0.0,0.0,3.9,9.6,9.7,638409
99.0,1.0,2.0,3.0,6.0,2.0,Tehran,0.0,0.0,0.0,33.4,7.0,5.9,144183
180.0,4.0,3.0,2.0,14.0,3.0,Tehran,0.0,0.0,0.0,11.8,1.8,4.3,293007
199.0,5.0,4.0,1.0,11.0,1.0,Tehran,1.0,0.0,0.0,29.8,1.8,5.3,357862
207.0,3.0,3.0,1.0,29.0,1.0,Qom,0.0,0.0,1.0,20.6,4.8,7.0,130020
223.0,5.0,4.0,1.0,0.0,2.0,Shiraz,1.0,1.0,0.0,12.0,4.5,8.0,558662
102.0,3.0,3.0,4.0,32.0,2.0,Qom,0.0,0.0,1.0,16.3,4.0,9.0,117719
354.0,7.0,5.0,3.0,2.0,1.0,Mashhad,1.0,0.0,1.0,1.3,1.4,,760469
188.0,4.0,4.0,2.0,18.0,3.0,Tabriz,0.0,0.0,0.0,2.5,9.4,5.1,209007
270.0,6.0,5.0,1.0,36.0,1.0,Tehran,0.0,0.0,0.0,2.6,8.3,6.2,563619
412.0,6.0,5.0,4.0,6.0,,Rasht,0.0,1.0,1.0,28.3,4.9,9.2,586949
87.0,2.0,2.0,1.0,20.0,1.0,Rasht,0.0,0.0,1.0,33.1,9.5,4.6,100000
405.0,6.0,5.0,4.0,34.0,2.0,Isfahan,1.0,0.0,0.0,19.6,5.8,7.6,555212
121.0,1.0,2.0,4.0,3.0,2.0,Mashhad,,0.0,,7.4,7.2,5.5,198849
119.0,1.0,1.0,1.0,10.0,0.0,Qom,0.0,0.0,0.0,2.6,1.8,6.8,214119
268.0,4.0,4.0,3.0,27.0,1.0,Tabriz,0.0,0.0,0.0,25.1,6.3,5.3,231939
234.0,3.0,4.0,3.0,24.0,1.0,Karaj,0.0,0.0,0.0,10.3,2.9,8.6,410128
196.0,4.0,4.0,4.0,2.0,2.0,Tehran,0.0,0.0,0.0,34.9,7.3,7.3,302231
206.0,5.0,5.0,2.0,19.0,1.0,Isfahan,1.0,0.0,1.0,7.1,1.7,10.0,400777
101.0,3.0,3.0,4.0,38.0,1.0,Qom,0.0,0.0,1.0,8.5,4.9,9.9,100000
351.0,7.0,5.0,4.0,45.0,3.0,Shiraz,1.0,0.0,1.0,8.5,2.9,5.5,486743
415.0,7.0,5.0,4.0,34.0,2.0,Karaj,1.0,0.0,0.0,34.1,1.5,5.1,468138
154.0,4.0,4.0,2.0,6.0,2.0,Qom,0.0,0.0,0.0,33.9,7.1,4.9,100000
260.0,6.0,5.0,4.0,42.0,0.0,Mashhad,1.0,0.0,0.0,27.9,1.7,4.9,257615
95.0,2.0,2.0,2.0,26.0,2.0,Shiraz,1.0,0.0,1.0,23.0,7.3,6.6,100000
313.0,5.0,4.0,2.0,1.0,2.0,,0.0,0.0,1.0,17.1,5.5,4.5,455587
,5.0,4.0,4.0,17.0,3.0,Shiraz,0.0,0.0,0.0,34.1,1.1,7.2,240373
56.0,2.0,2.0,3.0,34.0,2.0,Karaj,1.0,0.0,1.0,14.4,3.6,6.0,100000
153.0,4.0,5.0,3.0,21.0,0.0,Tabriz,1.0,0.0,,3.7,5.0,9.8,329650
355.0,7.0,5.0,2.0,27.0,0.0,Karaj,1.0,0.0,0.0,24.3,5.6,4.4,467164
137.0,1.0,1.0,3.0,41.0,0.0,Tabriz,0.0,0.0,0.0,,3.3,7.0,100000
,5.0,5.0,4.0,37.0,1.0,Rasht,0.0,1.0,0.0,23.8,1.5,7.3,342123
315.0,7.0,5.0,3.0,19.0,3.0,Isfahan,0.0,1.0,1.0,2.3,7.8,8.3,613283
313.0,7.0,5.0,3.0,43.0,0.0,Shiraz,0.0,0.0,0.0,3.5,7.2,6.6,427415
225.0,5.0,5.0,4.0,36.0,3.0,Tabriz,0.0,0.0,0.0,7.4,8.6,9.5,205832
195.0,3.0,3.0,2.0,28.0,1.0,Shiraz,1.0,,0.0,32.6,1.8,4.4,133463
128.0,1.0,2.0,2.0,36.0,1.0,Mashhad,0.0,0.0,0.0,30.9,2.5,4.4,100000
406.0,7.0,5.0,3.0,11.0,0.0,Mashhad,0.0,0.0,1.0,21.0,4.2,7.3,605514
180.0,2.0,3.0,2.0,4.0,2.0,Mashhad,0.0,0.0,1.0,18.5,5.5,4.6,219397
89.0,2.0,1.0,4.0,22.0,2.0,Karaj,0.0,0.0,1.0,12.8,3.6,5.3,141527
419.0,7.0,5.0,3.0,19.0,3.0,Isfahan,,0.0,0.0,6.0,4.9,8.7,681299
235.0,5.0,5.0,2.0,16.0,2.0,Rasht,0.0,0.0,1.0,20.3,7.6,4.1,305567
239.0,3.0,4.0,1.0,11.0,3.0,Shiraz,0.0,0.0,0.0,21.1,7.3,4.7,231216
193.0,5.0,5.0,3.0,20.0,1.0,Rasht,0.0,0.0,,25.3,5.5,6.9,141391
66.0,1.0,2.0,2.0,26.0,0.0,Qom,1.0,0.0,0.0,11.1,6.9,8.9,103542
417.0,7.0,5.0,4.0,37.0,0.0,Tehran,0.0,0.0,0.0,12.7,9.5,9.3,924541
149.0,2.0,3.0,1.0,43.0,1.0,Karaj,0.0,0.0,1.0,11.5,5.3,9.9,187100
184.0,2.0,1.0,3.0,13.0,2.0,Rasht,0.0,0.0,1.0,32.3,3.5,9.3,100000
277.0,4.0,5.0,1.0,9.0,3.0,Karaj,0.0,0.0,0.0,29.5,8.4,7.1,332062
285.0,5.0,5.0,1.0,1.0,2.0,Mashhad,1.0,0.0,0.0,10.7,5.4,8.8,490517
219.0,3.0,2.0,2.0,19.0,,Rasht,,0.0,1.0,31.4,5.6,4.5,100000
351.0,5.0,5.0,4.0,34.0,3.0,Isfahan,1.0,0.0,1.0,22.4,8.0,8.5,482551
61.0,1.0,1.0,1.0,27.0,0.0,Tehran,0.0,,1.0,13.3,5.7,7.6,100000
366.0,7.0,5.0,2.0,8.0,0.0,Isfahan,0.0,0.0,,9.4,3.5,4.8,691371
342.0,5.0,5.0,2.0,41.0,3.0,Qom,1.0,0.0,0.0,27.2,7.0,6.0,182954
307.0,7.0,5.0,2.0,33.0,3.0,Karaj,1.0,0.0,0.0,12.8,6.7,4.6,481693
208.0,5.0,5.0,4.0,8.0,0.0,Tehran,0.0,0.0,0.0,2.7,2.2,4.3,582356
319.0,5.0,5.0,3.0,42.0,0.0,Tabriz,1.0,0.0,,19.8,1.7,4.8,421832
367.0,7.0,5.0,2.0,19.0,3.0,Isfahan,0.0,0.0,0.0,4.1,7.2,9.5,626169
384.0,7.0,5.0,1.0,41.0,3.0,Isfahan,1.0,0.0,0.0,6.9,2.9,6.5,534597
375.0,7.0,5.0,3.0,2.0,3.0,Isfahan,0.0,0.0,0.0,34.6,7.2,8.6,492402
395.0,7.0,5.0,3.0,40.0,3.0,Qom,0.0,0.0,1.0,10.6,1.4,6.2,455116
150.0,4.0,3.0,2.0,39.0,3.0,Isfahan,1.0,0.0,0.0,13.2,6.9,7.1,133578
298.0,4.0,4.0,1.0,31.0,3.0,Karaj,0.0,0.0,1.0,9.1,5.4,9.5,472234
316.0,6.0,5.0,1.0,19.0,0.0,Isfahan,0.0,0.0,0.0,23.5,5.1,8.0,491119
231.0,5.0,4.0,3.0,32.0,2.0,Shiraz,0.0,0.0,1.0,19.8,3.2,4.2,225101
78.0,,3.0,4.0,37.0,0.0,Tabriz,1.0,0.0,0.0,22.4,9.4,6.6,100000
406.0,6.0,5.0,4.0,34.0,3.0,Shiraz,0.0,0.0,0.0,7.5,3.7,8.9,586050
338.0,6.0,5.0,1.0,39.0,3.0,Shiraz,1.0,0.0,0.0,19.3,5.1,9.1,471161
,2.0,2.0,3.0,33.0,3.0,Shiraz,1.0,0.0,1.0,4.1,6.4,7.6,153525
114.0,1.0,1.0,3.0,31.0,3.0,Rasht,0.0,0.0,0.0,17.8,7.3,9.2,200000
106.0,1.0,1.0,,7.0,3.0,Qom,0.0,0.0,0.0,3.1,5.6,4.6,100000
365.0,6.0,5.0,3.0,14.0,2.0,Mashhad,0.0,0.0,1.0,21.5,8.7,7.9,577945
146.0,4.0,3.0,4.0,22.0,1.0,Shiraz,0.0,,0.0,19.6,3.7,5.3,100000
146.0,3.0,4.0,4.0,19.0,1.0,Isfahan,1.0,1.0,1.0,24.3,7.2,,199627
300.0,5.0,5.0,3.0,24.0,1.0,Mashhad,1.0,0.0,1.0,25.1,9.1,8.9,418594
229.0,4.0,5.0,4.0,9.0,2.0,Rasht,0.0,0.0,0.0,34.7,7.2,8.9,252678
183.0,2.0,2.0,2.0,,0.0,Rasht,0.0,0.0,1.0,19.3,2.1,6.2,138559
375.0,7.0,5.0,3.0,,3.0,Tabriz,0.0,0.0,1.0,6.9,2.9,7.6,656615
303.0,7.0,5.0,4.0,33.0,2.0,Tehran,0.0,0.0,1.0,34.4,7.7,6.0,512924
337.0,5.0,5.0,4.0,33.0,3.0,Isfahan,1.0,0.0,1.0,7.0,6.9,7.8,421611
134.0,2.0,2.0,2.0,43.0,1.0,Mashhad,0.0,0.0,0.0,15.9,3.0,4.7,100000
175.0,3.0,4.0,4.0,39.0,2.0,Rasht,1.0,0.0,1.0,16.8,5.7,5.8,209265
182.0,4.0,4.0,1.0,43.0,3.0,Tabriz,0.0,0.0,0.0,27.2,6.4,9.8,152956
392.0,7.0,5.0,3.0,43.0,0.0,Shiraz,0.0,0.0,0.0,11.3,9.7,9.9,425154
412.0,6.0,5.0,1.0,37.0,1.0,Mashhad,1.0,0.0,1.0,29.5,9.3,8.4,511737
56.0,1.0,1.0,2.0,21.0,2.0,Tehran,0.0,0.0,1.0,8.5,5.1,8.2,156461
209.0,3.0,3.0,4.0,28.0,3.0,Mashhad,1.0,0.0,1.0,24.0,4.4,4.5,1163804
109.0,3.0,2.0,1.0,4.0,1.0,Rasht,1.0,0.0,0.0,28.0,6.4,5.5,100000
380.0,6.0,5.0,2.0,0.0,3.0,Tabriz,0.0,0.0,1.0,18.1,7.7,5.7,482940
197.0,5.0,5.0,3.0,37.0,1.0,Karaj,1.0,0.0,0.0,32.5,6.1,4.5,171718
89.0,1.0,1.0,3.0,13.0,0.0,Mashhad,1.0,0.0,0.0,34.7,7.2,4.5,100000
79.0,1.0,1.0,,2.0,1.0,Shiraz,0.0,0.0,0.0,28.2,6.1,4.4,100000
95.0,2.0,1.0,2.0,12.0,0.0,Rasht,1.0,0.0,1.0,21.9,7.9,6.3,100000
415.0,7.0,5.0,3.0,10.0,1.0,Rasht,0.0,0.0,0.0,28.9,4.2,9.9,525464
113.0,1.0,2.0,1.0,43.0,2.0,Qom,1.0,,1.0,32.4,1.7,5.1,100000
130.0,1.0,1.0,1.0,41.0,0.0,Isfahan,1.0,1.0,1.0,20.9,9.3,4.2,100862
278.0,6.0,5.0,2.0,0.0,3.0,Mashhad,0.0,0.0,1.0,20.8,2.4,9.1,509801
316.0,6.0,5.0,1.0,27.0,0.0,Shiraz,0.0,0.0,0.0,18.2,6.8,4.8,283266
333.0,6.0,5.0,1.0,10.0,3.0,,0.0,0.0,0.0,13.3,8.1,7.1,384598
227.0,5.0,4.0,4.0,11.0,,Qom,0.0,0.0,0.0,1.1,6.7,6.3,412241
302.0,4.0,4.0,2.0,7.0,2.0,Mashhad,0.0,0.0,0.0,19.3,6.1,4.3,389862
365.0,7.0,5.0,2.0,2.0,0.0,Tabriz,0.0,0.0,0.0,19.5,6.1,8.3,501025
311.0,5.0,4.0,,8.0,1.0,Qom,0.0,1.0,0.0,29.3,1.5,4.3,441938
226.0,4.0,3.0,2.0,18.0,1.0,Mashhad,1.0,0.0,1.0,18.5,5.7,5.9,300599
77.0,1.0,1.0,2.0,17.0,1.0,Karaj,,0.0,0.0,6.7,8.6,9.4,100000
120.0,3.0,3.0,3.0,0.0,1.0,Tabriz,1.0,0.0,0.0,25.9,5.8,7.3,118526
284.0,4.0,4.0,1.0,35.0,3.0,Qom,1.0,0.0,1.0,9.4,1.4,6.1,320783
362.0,7.0,,1.0,11.0,3.0,Mashhad,1.0,0.0,1.0,15.4,2.7,6.1,612875
56.0,1.0,1.0,3.0,29.0,1.0,Tehran,0.0,0.0,0.0,,9.0,8.9,100000
158.0,4.0,4.0,4.0,9.0,2.0,Isfahan,1.0,0.0,0.0,25.0,3.4,9.9,344770
178.0,2.0,2.0,4.0,1.0,2.0,Rasht,0.0,0.0,,11.3,9.9,6.4,239305
356.0,7.0,5.0,4.0,21.0,2.0,Tabriz,0.0,1.0,0.0,28.6,1.8,9.7,411475
45.0,1.0,1.0,2.0,14.0,0.0,Tehran,1.0,1.0,0.0,25.5,6.7,4.7,100000
,5.0,5.0,3.0,19.0,0.0,Isfahan,0.0,0.0,1.0,26.8,6.2,7.9,418445
151.0,4.0,5.0,4.0,38.0,0.0,Mashhad,1.0,0.0,0.0,8.4,3.5,5.0,296527
366.0,6.0,5.0,3.0,8.0,0.0,Isfahan,0.0,0.0,1.0,5.9,7.4,5.3,616683
226.0,5.0,5.0,2.0,34.0,0.0,Tehran,0.0,0.0,0.0,25.9,2.7,6.6,417866
119.0,2.0,3.0,2.0,40.0,1.0,Tabriz,1.0,,1.0,26.7,4.7,4.9,100000
317.0,6.0,5.0,3.0,21.0,0.0,Rasht,0.0,0.0,1.0,20.3,6.2,4.7,463337
54.0,1.0,1.0,2.0,44.0,3.0,Shiraz,0.0,1.0,1.0,20.3,4.4,8.5,100000
383.0,7.0,5.0,1.0,20.0,1.0,Tehran,1.0,0.0,0.0,34.3,6.1,4.9,697756
177.0,2.0,2.0,2.0,11.0,0.0,Tehran,1.0,0.0,1.0,18.4,9.8,7.2,325009
367.0,6.0,5.0,4.0,12.0,1.0,Rasht,1.0,0.0,0.0,28.6,7.5,8.4,397830
305.0,6.0,5.0,2.0,,2.0,Qom,0.0,,0.0,26.2,4.8,5.3,264342
146.0,4.0,,2.0,37.0,2.0,Tehran,0.0,0.0,1.0,34.1,1.2,5.7,222301
319.0,6.0,5.0,3.0,36.0,0.0,Rasht,0.0,0.0,0.0,28.3,7.8,6.3,327738
136.0,1.0,1.0,3.0,44.0,3.0,Tehran,0.0,0.0,0.0,11.7,1.6,9.5,196650
268.0,4.0,4.0,2.0,,1.0,Isfahan,0.0,0.0,1.0,22.3,9.6,8.0,195516
347.0,5.0,4.0,4.0,36.0,0.0,Shiraz,0.0,1.0,0.0,26.1,1.9,9.6,385846
290.0,5.0,5.0,2.0,25.0,0.0,Mashhad,0.0,1.0,0.0,4.5,9.3,6.4,543627
373.0,6.0,5.0,1.0,36.0,1.0,Mashhad,0.0,0.0,0.0,1.2,3.8,8.2,596266
240.0,5.0,5.0,4.0,13.0,3.0,Tabriz,1.0,0.0,0.0,32.8,9.6,6.4,173023
324.0,7.0,5.0,1.0,12.0,3.0,Rasht,0.0,0.0,1.0,11.1,7.0,6.7,477463
280.0,5.0,5.0,1.0,43.0,2.0,Karaj,1.0,1.0,1.0,3.6,3.3,5.1,539039
119.0,3.0,2.0,2.0,6.0,0.0,Mashhad,0.0,1.0,1.0,16.5,7.0,8.1,351933
211.0,5.0,4.0,2.0,33.0,2.0,Qom,1.0,1.0,0.0,33.9,4.0,4.4,249419
,7.0,5.0,1.0,29.0,1.0,Rasht,0.0,0.0,1.0,25.2,3.4,9.5,463218
133.0,1.0,2.0,3.0,27.0,3.0,Mashhad,0.0,0.0,0.0,20.3,2.4,4.8,100000
,2.0,3.0,1.0,27.0,1.0,Rasht,0.0,0.0,1.0,21.3,2.2,4.5,100000
381.0,6.0,5.0,2.0,,2.0,Tehran,0.0,0.0,0.0,,8.5,9.0,877030
56.0,1.0,2.0,1.0,41.0,0.0,Isfahan,0.0,0.0,0.0,30.8,3.2,4.4,100000
,4.0,4.0,4.0,22.0,2.0,Tehran,1.0,0.0,0.0,13.8,2.8,6.0,398215
130.0,3.0,4.0,4.0,14.0,3.0,Shiraz,1.0,0.0,1.0,29.8,4.3,4.1,100000
275.0,6.0,5.0,2.0,29.0,0.0,Tehran,0.0,0.0,1.0,18.0,3.8,6.6,501007
182.0,2.0,3.0,3.0,8.0,3.0,Tehran,0.0,0.0,0.0,29.2,5.1,9.3,270987
47.0,1.0,1.0,1.0,23.0,2.0,Isfahan,1.0,0.0,0.0,28.8,6.8,8.1,100000
339.0,5.0,5.0,4.0,2.0,0.0,Tehran,0.0,0.0,1.0,28.4,6.9,8.8,637137
76.0,1.0,1.0,4.0,39.0,2.0,Isfahan,1.0,0.0,0.0,27.5,7.1,8.0,100000
228.0,,5.0,4.0,35.0,0.0,Karaj,0.0,1.0,1.0,2.4,3.5,4.2,473159
141.0,4.0,5.0,3.0,7.0,1.0,Tabriz,1.0,0.0,0.0,12.5,6.9,5.6,300696
176.0,4.0,5.0,2.0,43.0,3.0,Qom,0.0,0.0,0.0,33.2,1.4,6.5,139468
386.0,7.0,5.0,2.0,1.0,0.0,Tehran,0.0,0.0,0.0,31.3,5.3,5.7,746669
282.0,6.0,5.0,4.0,42.0,2.0,Tehran,0.0,0.0,0.0,19.2,7.0,6.3,437982
349.0,7.0,5.0,3.0,18.0,3.0,Tabriz,0.0,1.0,1.0,9.7,4.2,8.8,711247
160.0,4.0,3.0,3.0,13.0,2.0,Tabriz,0.0,0.0,1.0,7.7,2.1,8.6,291513
292.0,4.0,5.0,2.0,14.0,1.0,Qom,1.0,0.0,0.0,27.6,5.4,5.1,224220
397.0,7.0,5.0,3.0,5.0,2.0,Qom,1.0,0.0,0.0,30.4,5.6,6.3,434872
287.0,4.0,4.0,4.0,33.0,0.0,Tabriz,0.0,0.0,1.0,11.1,6.3,9.6,249464
219.0,5.0,5.0,1.0,31.0,2.0,Isfahan,1.0,0.0,,29.9,6.4,5.0,123835
386.0,7.0,5.0,2.0,22.0,3.0,Karaj,1.0,0.0,0.0,32.4,4.4,4.2,548889
359.0,7.0,5.0,,30.0,2.0,Mashhad,0.0,0.0,0.0,16.2,7.1,7.5,440888
230.0,3.0,2.0,1.0,32.0,3.0,Tabriz,0.0,0.0,1.0,32.9,5.6,6.0,119359
195.0,4.0,4.0,3.0,12.0,0.0,Qom,0.0,0.0,0.0,,3.6,7.3,195172
254.0,6.0,5.0,3.0,42.0,,Tehran,0.0,0.0,1.0,22.7,7.2,8.4,483985
216.0,5.0,5.0,2.0,5.0,3.0,Tehran,,0.0,1.0,11.5,8.7,5.8,509450
179.0,4.0,4.0,1.0,29.0,3.0,Rasht,1.0,0.0,1.0,2.1,9.1,9.2,265841
58.0,2.0,2.0,4.0,33.0,1.0,Rasht,0.0,0.0,0.0,19.8,2.5,9.2,100000
304.0,,5.0,1.0,28.0,0.0,Shiraz,1.0,0.0,0.0,2.0,2.5,8.2,403021
161.0,4.0,4.0,4.0,4.0,0.0,Karaj,0.0,0.0,0.0,2.5,2.1,9.7,461867
189.0,3.0,3.0,4.0,19.0,0.0,Tehran,0.0,0.0,1.0,20.3,2.9,6.7,299553
236.0,3.0,3.0,4.0,,0.0,Karaj,0.0,0.0,1.0,4.7,5.6,5.4,259440
143.0,3.0,4.0,1.0,24.0,0.0,Rasht,1.0,0.0,0.0,26.7,1.4,9.1,201094
201.0,4.0,3.0,3.0,13.0,2.0,Tehran,0.0,0.0,1.0,17.6,6.6,4.0,338686
377.0,6.0,5.0,2.0,1.0,2.0,Tehran,1.0,0.0,0.0,34.4,8.3,4.9,640538
410.0,6.0,5.0,4.0,21.0,2.0,Qom,0.0,0.0,1.0,7.6,9.8,6.8,506633
342.0,6.0,5.0,2.0,28.0,1.0,Mashhad,0.0,0.0,1.0,8.8,10.0,7.2,552140
204.0,4.0,5.0,2.0,26.0,3.0,Isfahan,0.0,0.0,0.0,28.4,3.7,8.5,267007
118.0,1.0,1.0,4.0,2.0,3.0,Mashhad,0.0,,0.0,8.6,6.6,9.1,230880
201.0,3.0,4.0,4.0,25.0,1.0,Tabriz,1.0,0.0,1.0,16.4,2.4,10.0,287647
332.0,6.0,5.0,4.0,19.0,3.0,Qom,0.0,0.0,0.0,26.5,7.4,8.1,255529
331.0,5.0,5.0,2.0,27.0,3.0,Qom,0.0,0.0,0.0,0.6,4.5,6.3,486927
110.0,3.0,2.0,1.0,1.0,1.0,Isfahan,0.0,0.0,0.0,17.3,8.4,4.3,130172
60.0,1.0,1.0,2.0,37.0,1.0,Mashhad,1.0,0.0,0.0,6.9,2.9,5.1,100000
394.0,7.0,5.0,2.0,13.0,0.0,,0.0,0.0,0.0,19.3,4.3,8.6,466053
306.0,5.0,5.0,3.0,36.0,0.0,Karaj,0.0,0.0,0.0,2.3,4.7,5.1,479812
91.0,3.0,3.0,,42.0,2.0,Tehran,1.0,0.0,1.0,33.4,9.8,9.6,100000
284.0,5.0,5.0,3.0,6.0,2.0,Qom,0.0,0.0,0.0,10.7,3.3,4.6,359497
115.0,1.0,1.0,1.0,41.0,2.0,,0.0,0.0,1.0,7.7,7.5,8.5,100000
180.0,4.0,4.0,1.0,9.0,2.0,Mashhad,0.0,0.0,0.0,12.3,6.3,7.6,309881
404.0,7.0,5.0,3.0,5.0,1.0,Tehran,0.0,0.0,0.0,6.7,3.3,4.4,952928
364.0,7.0,5.0,2.0,44.0,1.0,Tehran,1.0,0.0,1.0,21.4,8.1,9.1,756804
344.0,7.0,5.0,4.0,18.0,2.0,Karaj,1.0,0.0,1.0,30.6,2.7,9.0,522892
293.0,4.0,5.0,3.0,14.0,3.0,Rasht,1.0,0.0,1.0,28.3,2.2,5.4,404140
362.0,7.0,5.0,4.0,,1.0,Rasht,0.0,0.0,0.0,27.7,3.0,7.8,542270
323.0,7.0,5.0,3.0,4.0,1.0,Tabriz,0.0,0.0,1.0,30.0,8.9,8.7,311426
338.0,7.0,5.0,2.0,28.0,3.0,Qom,,0.0,0.0,16.1,2.3,8.8,437278
212.0,4.0,5.0,1.0,33.0,0.0,Karaj,0.0,1.0,0.0,1.3,7.4,9.7,552405
226.0,3.0,4.0,1.0,16.0,3.0,Rasht,0.0,0.0,0.0,0.6,2.0,4.2,392309
189.0,2.0,2.0,2.0,39.0,2.0,Mashhad,0.0,0.0,1.0,6.6,7.8,5.7,213383
245.0,5.0,5.0,4.0,35.0,0.0,Rasht,0.0,0.0,1.0,6.0,5.1,7.6,312640
118.0,2.0,2.0,4.0,3.0,3.0,Qom,0.0,0.0,0.0,3.2,9.6,7.6,241714
317.0,7.0,5.0,4.0,1.0,3.0,Qom,0.0,0.0,1.0,11.9,4.4,8.3,520207
92.0,1.0,1.0,1.0,38.0,1.0,Rasht,0.0,0.0,0.0,11.0,8.2,8.2,100000
216.0,5.0,5.0,2.0,19.0,3.0,Mashhad,0.0,0.0,0.0,21.0,3.9,8.5,304569
215.0,5.0,4.0,4.0,10.0,2.0,Tehran,1.0,0.0,1.0,8.1,7.1,9.6,721606
262.0,6.0,5.0,1.0,25.0,0.0,Qom,0.0,0.0,1.0,3.2,9.0,4.5,341967
87.0,2.0,2.0,1.0,0.0,2.0,Mashhad,0.0,0.0,1.0,6.9,3.9,8.9,269952
264.0,4.0,4.0,4.0,18.0,3.0,Mashhad,0.0,1.0,0.0,3.7,2.5,,600156
336.0,5.0,5.0,4.0,9.0,2.0,Isfahan,0.0,0.0,1.0,16.2,9.6,6.8,480055
336.0,5.0,5.0,4.0,32.0,0.0,Mashhad,0.0,1.0,,24.8,1.3,6.2,473504
381.0,7.0,5.0,4.0,2.0,2.0,Rasht,1.0,0.0,0.0,31.6,3.8,8.2,480727
322.0,7.0,5.0,2.0,0.0,0.0,Rasht,1.0,0.0,0.0,4.0,5.1,9.9,602714
139.0,2.0,2.0,2.0,0.0,0.0,Isfahan,1.0,0.0,0.0,24.3,4.7,6.1,129700
186.0,2.0,3.0,3.0,31.0,3.0,Qom,1.0,0.0,0.0,34.0,6.4,4.3,100000
109.0,2.0,3.0,1.0,1.0,0.0,Tabriz,0.0,0.0,0.0,7.1,5.0,8.4,180309
272.0,4.0,4.0,,16.0,0.0,Rasht,1.0,0.0,0.0,20.5,4.7,8.8,374615
157.0,2.0,2.0,1.0,18.0,0.0,Mashhad,0.0,0.0,1.0,10.4,4.7,7.6,230558
71.0,1.0,1.0,4.0,2.0,3.0,Tabriz,0.0,0.0,0.0,4.6,9.2,8.6,112065
55.0,1.0,1.0,2.0,4.0,2.0,Shiraz,0.0,0.0,0.0,27.6,4.3,8.2,100000
225.0,,5.0,3.0,0.0,2.0,Isfahan,0.0,0.0,1.0,3.3,4.1,9.0,473466
414.0,7.0,5.0,1.0,12.0,1.0,,1.0,0.0,0.0,24.6,3.6,4.7,458368
266.0,5.0,5.0,4.0,5.0,0.0,Tabriz,,0.0,1.0,24.2,1.8,8.8,404873
242.0,5.0,5.0,3.0,27.0,0.0,,1.0,0.0,0.0,28.6,2.7,7.0,187914
363.0,7.0,5.0,1.0,37.0,1.0,Isfahan,0.0,0.0,0.0,9.1,9.5,5.6,474166
234.0,3.0,4.0,4.0,10.0,2.0,Qom,0.0,0.0,0.0,24.6,9.9,6.1,149194
282.0,6.0,5.0,2.0,45.0,3.0,Qom,0.0,1.0,1.0,2.1,3.5,7.7,528378
45.0,2.0,1.0,1.0,21.0,3.0,Isfahan,0.0,0.0,0.0,31.5,4.5,,100000
402.0,7.0,5.0,2.0,11.0,0.0,Qom,1.0,0.0,0.0,30.5,3.5,9.9,513686
411.0,7.0,5.0,2.0,,1.0,Shiraz,0.0,,0.0,3.3,4.0,6.1,669989
157.0,2.0,1.0,3.0,37.0,2.0,Shiraz,0.0,0.0,1.0,21.6,5.9,7.1,100000
83.0,3.0,4.0,2.0,17.0,3.0,Tabriz,1.0,0.0,0.0,3.1,5.4,7.2,196690
287.0,6.0,5.0,2.0,34.0,1.0,Isfahan,0.0,0.0,0.0,12.7,2.2,8.1,396696
355.0,7.0,5.0,1.0,23.0,3.0,Karaj,0.0,0.0,0.0,18.5,1.8,6.6,540304
81.0,1.0,2.0,2.0,3.0,3.0,Shiraz,0.0,0.0,1.0,21.4,2.9,8.2,126967
215.0,4.0,4.0,4.0,26.0,3.0,Isfahan,0.0,0.0,0.0,31.6,3.3,6.3,247625
389.0,6.0,5.0,3.0,40.0,2.0,Qom,1.0,0.0,1.0,31.8,2.0,6.9,309628
296.0,4.0,4.0,1.0,,0.0,Tabriz,0.0,0.0,0.0,6.8,4.1,7.1,249148
208.0,5.0,5.0,1.0,29.0,0.0,Tehran,0.0,0.0,1.0,16.2,8.8,7.0,405697
151.0,2.0,3.0,1.0,12.0,2.0,Mashhad,1.0,0.0,1.0,24.3,6.1,8.3,671352
83.0,1.0,1.0,,18.0,2.0,Tabriz,0.0,0.0,1.0,19.6,6.3,4.5,100000
229.0,3.0,2.0,3.0,,2.0,Shiraz,0.0,0.0,0.0,31.4,4.2,5.6,100000
,4.0,5.0,4.0,45.0,2.0,Mashhad,1.0,0.0,0.0,23.6,9.5,7.4,261791
383.0,7.0,5.0,4.0,2.0,0.0,Qom,1.0,0.0,1.0,32.7,9.2,8.6,401995
373.0,6.0,5.0,2.0,21.0,3.0,Shiraz,0.0,0.0,0.0,5.0,9.4,8.9,534881
331.0,6.0,5.0,2.0,27.0,1.0,Karaj,0.0,0.0,1.0,34.4,8.7,6.4,290210
182.0,3.0,3.0,1.0,30.0,2.0,Rasht,1.0,0.0,1.0,5.7,8.1,6.2,274879
369.0,7.0,5.0,2.0,45.0,1.0,Qom,0.0,1.0,0.0,12.1,1.5,4.4,381505
389.0,7.0,5.0,4.0,44.0,0.0,Mashhad,0.0,0.0,1.0,28.9,10.0,5.6,335967
402.0,6.0,5.0,4.0,0.0,1.0,Qom,0.0,0.0,0.0,0.7,8.3,7.1,550368
349.0,7.0,5.0,3.0,39.0,3.0,Mashhad,1.0,0.0,1.0,5.6,6.1,5.9,600178
244.0,4.0,4.0,3.0,20.0,2.0,Shiraz,1.0,0.0,0.0,11.9,9.5,5.5,384919
52.0,2.0,,1.0,20.0,2.0,Tabriz,1.0,1.0,1.0,33.3,3.1,9.3,100000
326.0,7.0,5.0,2.0,41.0,2.0,Karaj,0.0,0.0,0.0,29.0,7.6,8.0,389533
192.0,2.0,3.0,2.0,11.0,1.0,Mashhad,1.0,0.0,1.0,11.2,1.2,6.7,373097
277.0,4.0,4.0,4.0,30.0,1.0,Shiraz,1.0,0.0,0.0,21.1,4.0,8.4,355749
264.0,6.0,5.0,2.0,5.0,3.0,Karaj,0.0,0.0,0.0,8.2,4.4,5.0,564099
312.0,5.0,4.0,3.0,30.0,2.0,,0.0,0.0,0.0,28.6,3.4,8.0,299927
55.0,1.0,1.0,4.0,1.0,1.0,Karaj,1.0,1.0,1.0,15.6,9.3,9.9,107471
265.0,6.0,5.0,4.0,7.0,0.0,Shiraz,1.0,0.0,1.0,14.4,9.3,4.7,441914
412.0,7.0,5.0,2.0,2.0,1.0,Rasht,1.0,0.0,1.0,26.5,3.6,4.4,503381
370.0,6.0,5.0,4.0,34.0,,Tabriz,0.0,1.0,1.0,30.9,1.9,9.7,412027
171.0,4.0,4.0,2.0,,0.0,Karaj,1.0,0.0,1.0,31.5,6.2,6.7,199701
222.0,3.0,3.0,3.0,44.0,,Rasht,0.0,0.0,1.0,24.4,6.2,9.6,220650
198.0,4.0,5.0,2.0,34.0,2.0,Qom,0.0,0.0,1.0,12.8,6.7,6.6,133678
204.0,3.0,3.0,2.0,5.0,3.0,Karaj,0.0,0.0,0.0,15.4,2.5,6.5,341459
153.0,4.0,3.0,3.0,24.0,0.0,Karaj,1.0,0.0,0.0,20.6,2.5,6.7,268526
52.0,1.0,1.0,4.0,0.0,3.0,Karaj,0.0,0.0,0.0,20.9,8.5,6.7,100000
132.0,1.0,1.0,2.0,16.0,3.0,Isfahan,1.0,0.0,1.0,2.5,4.5,7.0,205071
342.0,5.0,5.0,4.0,23.0,3.0,Karaj,1.0,1.0,1.0,32.3,1.7,7.9,672157
160.0,2.0,3.0,2.0,17.0,1.0,Qom,1.0,0.0,0.0,3.6,3.7,9.4,177565
273.0,5.0,5.0,2.0,22.0,0.0,Mashhad,0.0,0.0,0.0,11.0,6.5,4.7,358428
,3.0,4.0,1.0,36.0,1.0,Tabriz,0.0,1.0,1.0,25.2,5.5,9.8,122809
414.0,7.0,5.0,1.0,7.0,3.0,Tehran,1.0,0.0,0.0,29.1,9.0,4.3,834905
51.0,1.0,1.0,3.0,9.0,0.0,,1.0,0.0,0.0,2.8,9.8,5.2,129302
351.0,5.0,5.0,1.0,15.0,1.0,Isfahan,0.0,0.0,0.0,32.8,6.6,9.7,411863
236.0,5.0,5.0,2.0,4.0,1.0,Isfahan,0.0,0.0,0.0,22.9,3.2,5.2,272333
348.0,7.0,5.0,4.0,13.0,0.0,Qom,0.0,,0.0,11.1,2.9,9.1,398861
413.0,7.0,5.0,2.0,5.0,2.0,Rasht,0.0,0.0,0.0,33.7,6.4,8.1,448300
239.0,5.0,5.0,1.0,9.0,0.0,Qom,0.0,0.0,1.0,9.5,6.8,6.4,337163
261.0,6.0,5.0,1.0,31.0,1.0,Shiraz,1.0,0.0,0.0,10.3,8.7,6.6,347817
344.0,7.0,5.0,1.0,23.0,1.0,Mashhad,0.0,0.0,0.0,22.4,8.5,8.7,519872
270.0,4.0,3.0,4.0,27.0,1.0,Isfahan,1.0,0.0,0.0,6.7,7.1,6.7,339408
125.0,2.0,2.0,2.0,1.0,1.0,Rasht,0.0,0.0,1.0,19.0,3.3,7.3,146207
139.0,3.0,3.0,1.0,43.0,0.0,Isfahan,1.0,0.0,1.0,12.1,4.5,7.3,126261
235.0,4.0,5.0,2.0,42.0,,Tehran,1.0,0.0,1.0,27.2,6.0,9.4,428120
413.0,7.0,5.0,4.0,40.0,3.0,Tabriz,0.0,0.0,0.0,26.8,6.1,,411516
262.0,5.0,4.0,2.0,7.0,0.0,Karaj,1.0,0.0,1.0,12.5,6.4,9.9,525343
388.0,7.0,5.0,1.0,26.0,3.0,Tehran,0.0,0.0,1.0,16.9,7.1,8.4,894796
391.0,6.0,5.0,3.0,8.0,1.0,Rasht,0.0,0.0,0.0,19.3,2.0,6.7,612729
200.0,3.0,2.0,3.0,19.0,2.0,Qom,0.0,0.0,0.0,28.1,4.1,7.2,100000
166.0,2.0,3.0,1.0,37.0,3.0,Mashhad,1.0,0.0,1.0,5.4,3.6,8.4,388106
277.0,4.0,3.0,2.0,28.0,3.0,Isfahan,1.0,0.0,1.0,18.4,1.6,6.2,342227
320.0,5.0,4.0,4.0,6.0,3.0,Qom,0.0,0.0,1.0,18.0,9.4,6.7,360590
216.0,3.0,3.0,4.0,36.0,3.0,Qom,1.0,0.0,1.0,7.3,2.2,8.3,314417
256.0,6.0,5.0,2.0,11.0,0.0,Tehran,0.0,0.0,1.0,30.1,2.3,8.6,588060
379.0,7.0,5.0,2.0,0.0,3.0,Isfahan,0.0,1.0,1.0,20.5,8.8,9.5,649350
108.0,2.0,2.0,1.0,24.0,1.0,Rasht,1.0,0.0,1.0,13.1,9.4,6.9,108218
101.0,3.0,2.0,1.0,27.0,1.0,Isfahan,1.0,,0.0,1.4,1.7,6.5,271776
63.0,1.0,2.0,2.0,20.0,0.0,Shiraz,0.0,0.0,1.0,14.1,1.3,6.8,100000
324.0,6.0,5.0,4.0,16.0,2.0,Rasht,1.0,0.0,1.0,12.6,1.7,4.0,436459
181.0,2.0,2.0,2.0,36.0,1.0,Isfahan,1.0,0.0,0.0,18.6,7.1,7.9,132004
271.0,4.0,5.0,1.0,10.0,1.0,Shiraz,0.0,0.0,0.0,16.0,6.5,6.5,363902
128.0,3.0,2.0,3.0,7.0,2.0,Rasht,0.0,1.0,0.0,17.3,6.3,7.5,271463
354.0,5.0,5.0,2.0,44.0,0.0,Isfahan,0.0,0.0,1.0,5.3,5.1,5.5,483724
230.0,4.0,4.0,1.0,3.0,3.0,Shiraz,1.0,1.0,0.0,19.1,6.0,9.7,493884
118.0,2.0,2.0,1.0,3.0,3.0,Rasht,1.0,0.0,1.0,9.9,1.4,9.0,307686
66.0,1.0,1.0,3.0,19.0,2.0,Rasht,1.0,0.0,1.0,34.4,6.4,6.6,100000
85.0,2.0,2.0,2.0,16.0,2.0,Isfahan,0.0,0.0,0.0,1.1,8.6,9.9,156789
128.0,1.0,1.0,4.0,39.0,2.0,Karaj,0.0,1.0,0.0,23.8,8.9,4.8,108556
226.0,5.0,4.0,2.0,21.0,0.0,Tehran,1.0,1.0,0.0,26.8,1.1,8.3,586154
134.0,1.0,1.0,3.0,22.0,1.0,Isfahan,1.0,0.0,0.0,32.2,5.9,8.1,100000
257.0,4.0,5.0,3.0,11.0,3.0,,0.0,0.0,0.0,24.1,4.0,8.5,270212
192.0,4.0,4.0,4.0,44.0,1.0,,1.0,0.0,0.0,11.8,4.2,7.5,283373
,4.0,4.0,4.0,1.0,,Qom,1.0,0.0,1.0,29.3,7.4,5.0,148807
106.0,3.0,4.0,1.0,9.0,2.0,Shiraz,1.0,0.0,1.0,17.3,7.7,8.0,142218
324.0,7.0,5.0,1.0,0.0,1.0,Rasht,1.0,1.0,1.0,2.6,9.0,4.4,606882
66.0,2.0,1.0,2.0,35.0,2.0,Rasht,0.0,0.0,1.0,15.1,1.3,8.3,100000
150.0,4.0,4.0,3.0,41.0,0.0,Tabriz,1.0,0.0,0.0,33.7,2.9,5.1,100000
185.0,2.0,1.0,1.0,12.0,0.0,Shiraz,0.0,0.0,1.0,31.5,9.6,7.4,100000
191.0,,3.0,2.0,3.0,3.0,Shiraz,1.0,1.0,0.0,22.2,2.9,8.3,390497
203.0,3.0,3.0,2.0,32.0,1.0,Rasht,1.0,0.0,0.0,28.9,5.9,9.8,186681
54.0,1.0,1.0,3.0,22.0,2.0,Shiraz,1.0,0.0,0.0,,6.9,7.3,100000
64.0,2.0,1.0,2.0,24.0,2.0,Shiraz,1.0,0.0,1.0,27.7,1.9,9.1,100000
151.0,2.0,1.0,4.0,22.0,0.0,Karaj,1.0,1.0,1.0,4.7,9.8,,273665
385.0,7.0,5.0,1.0,3.0,1.0,Tehran,0.0,0.0,1.0,26.9,6.4,9.1,796389
77.0,1.0,2.0,1.0,25.0,2.0,Tabriz,0.0,0.0,0.0,,4.4,7.1,100000
215.0,3.0,,3.0,8.0,1.0,Mashhad,1.0,0.0,1.0,25.1,4.3,7.5,487638
211.0,3.0,3.0,3.0,32.0,2.0,Mashhad,0.0,0.0,0.0,12.7,2.5,6.4,338915
229.0,4.0,5.0,2.0,3.0,1.0,Mashhad,0.0,0.0,1.0,23.3,5.6,9.0,296855
259.0,5.0,4.0,4.0,18.0,2.0,Tabriz,0.0,1.0,0.0,22.1,7.9,8.0,354043
371.0,6.0,5.0,4.0,44.0,0.0,Mashhad,0.0,0.0,1.0,,1.8,5.0,421413
111.0,1.0,1.0,4.0,22.0,1.0,Tabriz,1.0,0.0,1.0,22.8,4.5,8.2,111054
,7.0,5.0,4.0,9.0,3.0,Mashhad,0.0,0.0,0.0,13.4,5.8,6.2,558276
144.0,3.0,3.0,4.0,33.0,0.0,Shiraz,1.0,0.0,1.0,26.3,8.5,8.5,122235
410.0,7.0,5.0,3.0,0.0,0.0,Qom,1.0,0.0,0.0,29.2,5.3,9.0,486053
139.0,3.0,2.0,2.0,42.0,0.0,Karaj,0.0,0.0,0.0,0.5,5.3,4.1,198800
339.0,7.0,5.0,2.0,11.0,0.0,Tehran,1.0,0.0,0.0,29.2,5.2,9.0,690621
337.0,6.0,5.0,2.0,5.0,1.0,Tehran,0.0,0.0,0.0,5.0,9.6,4.6,730895
407.0,7.0,5.0,1.0,,2.0,Isfahan,0.0,0.0,0.0,29.5,4.2,4.1,384495
353.0,5.0,5.0,3.0,33.0,1.0,Karaj,0.0,0.0,0.0,18.6,6.6,6.9,536826
220.0,5.0,5.0,3.0,21.0,3.0,Isfahan,1.0,0.0,1.0,12.7,7.9,6.2,386395
152.0,4.0,4.0,4.0,8.0,0.0,Tabriz,0.0,0.0,0.0,16.8,7.1,9.9,223404
168.0,2.0,2.0,1.0,42.0,2.0,Qom,0.0,0.0,1.0,34.8,5.4,7.5,100000
183.0,3.0,4.0,2.0,3.0,1.0,Karaj,1.0,0.0,1.0,22.9,5.6,9.6,393632
389.0,7.0,5.0,,43.0,1.0,Qom,0.0,0.0,1.0,33.0,4.6,7.1,222679
251.0,5.0,5.0,4.0,4.0,0.0,Mashhad,1.0,0.0,0.0,13.0,8.2,5.1,354579
249.0,4.0,3.0,3.0,13.0,0.0,,1.0,1.0,1.0,25.7,7.4,7.5,253958
80.0,1.0,1.0,1.0,15.0,1.0,Qom,0.0,0.0,1.0,34.1,4.6,9.6,100000
224.0,5.0,5.0,2.0,,2.0,Rasht,0.0,0.0,0.0,18.9,6.3,9.3,194548
348.0,7.0,5.0,3.0,38.0,2.0,Karaj,1.0,0.0,0.0,33.4,4.4,4.4,402125
379.0,7.0,5.0,4.0,4.0,1.0,Tabriz,1.0,1.0,1.0,10.8,6.6,6.3,708482
260.0,6.0,5.0,3.0,36.0,2.0,Rasht,0.0,0.0,0.0,17.5,4.5,6.3,285674
45.0,1.0,1.0,2.0,23.0,2.0,Rasht,0.0,1.0,0.0,21.3,8.3,5.9,100000
108.0,3.0,2.0,4.0,31.0,1.0,Shiraz,0.0,0.0,1.0,18.3,9.9,6.4,100000
273.0,5.0,5.0,4.0,30.0,0.0,Qom,0.0,0.0,0.0,5.8,8.1,6.2,246635
374.0,7.0,5.0,4.0,21.0,3.0,Tehran,1.0,0.0,1.0,11.3,3.2,6.7,974498
377.0,6.0,5.0,3.0,5.0,0.0,Shiraz,0.0,0.0,0.0,23.8,2.8,8.2,576210
308.0,5.0,5.0,3.0,30.0,2.0,Qom,1.0,0.0,0.0,19.5,8.8,9.4,280174
310.0,6.0,5.0,2.0,19.0,1.0,Rasht,0.0,0.0,1.0,15.5,7.3,9.0,426561
316.0,7.0,5.0,3.0,23.0,3.0,Tehran,0.0,0.0,0.0,28.5,8.6,8.8,630463
329.0,6.0,5.0,1.0,40.0,3.0,Isfahan,0.0,0.0,0.0,27.5,5.9,4.0,290124
266.0,6.0,5.0,2.0,8.0,2.0,Karaj,0.0,0.0,0.0,23.1,2.4,7.2,500229
131.0,3.0,2.0,1.0,45.0,3.0,Tehran,0.0,0.0,0.0,2.0,1.2,7.7,310471
108.0,1.0,1.0,,7.0,2.0,Mashhad,0.0,0.0,1.0,26.1,4.2,6.5,100000
160.0,2.0,2.0,4.0,35.0,1.0,Mashhad,0.0,0.0,0.0,17.5,4.4,7.7,145473
74.0,2.0,2.0,,4.0,0.0,Karaj,1.0,0.0,0.0,15.1,3.0,4.7,153691
153.0,3.0,3.0,2.0,24.0,3.0,Tabriz,0.0,0.0,1.0,30.5,5.8,7.0,102722
163.0,4.0,5.0,3.0,33.0,3.0,Tabriz,1.0,0.0,0.0,22.8,,4.5,118821
62.0,1.0,,1.0,26.0,3.0,Karaj,1.0,0.0,0.0,32.8,7.1,5.2,100000
150.0,3.0,3.0,3.0,9.0,1.0,Shiraz,1.0,0.0,0.0,16.6,7.2,9.7,194541
320.0,6.0,5.0,3.0,28.0,0.0,Rasht,0.0,0.0,1.0,30.9,8.5,9.9,382699
197.0,4.0,4.0,3.0,13.0,1.0,Mashhad,0.0,0.0,0.0,12.4,1.7,6.3,367650
277.0,5.0,4.0,1.0,25.0,3.0,Karaj,1.0,0.0,0.0,,4.2,9.2,396277
,7.0,5.0,3.0,4.0,3.0,Tabriz,0.0,1.0,0.0,6.6,9.8,5.9,563182
160.0,3.0,3.0,1.0,35.0,3.0,Tehran,0.0,0.0,0.0,27.3,8.4,9.5,168331
289.0,,5.0,3.0,37.0,2.0,Isfahan,0.0,0.0,0.0,11.3,2.7,9.5,428168
288.0,5.0,5.0,2.0,11.0,3.0,Isfahan,0.0,0.0,1.0,24.0,1.6,4.6,466312
212.0,4.0,3.0,1.0,30.0,3.0,Rasht,0.0,0.0,0.0,29.6,8.9,6.6,100000
104.0,1.0,1.0,3.0,44.0,2.0,Mashhad,0.0,0.0,0.0,18.8,3.0,9.2,116280
413.0,7.0,5.0,3.0,4.0,0.0,Isfahan,1.0,1.0,0.0,10.4,7.7,7.2,879336
128.0,2.0,2.0,2.0,18.0,1.0,Qom,1.0,0.0,0.0,26.7,8.4,9.0,100000
173.0,3.0,3.0,4.0,7.0,3.0,Shiraz,0.0,0.0,0.0,1.8,8.8,7.8,334946
163.0,2.0,,1.0,20.0,2.0,Mashhad,0.0,0.0,0.0,22.7,2.3,6.7,133603
140.0,2.0,3.0,2.0,21.0,0.0,Tabriz,0.0,0.0,1.0,4.8,9.9,4.8,132150
217.0,5.0,5.0,4.0,35.0,3.0,Tabriz,0.0,0.0,1.0,18.6,3.1,8.3,295333
214.0,5.0,4.0,2.0,14.0,3.0,Rasht,0.0,0.0,1.0,20.3,2.3,7.0,417710
333.0,7.0,5.0,2.0,0.0,,Tabriz,1.0,0.0,0.0,11.2,2.3,5.9,448223
68.0,1.0,1.0,3.0,37.0,2.0,Karaj,0.0,0.0,1.0,30.8,6.2,9.0,100000
173.0,3.0,3.0,3.0,35.0,1.0,Tehran,1.0,0.0,1.0,8.1,6.5,4.0,286670
353.0,7.0,5.0,3.0,13.0,0.0,Tabriz,1.0,0.0,0.0,14.9,6.5,8.3,527909
56.0,1.0,1.0,1.0,38.0,1.0,Isfahan,0.0,1.0,0.0,27.9,5.7,8.4,100000
253.0,4.0,5.0,4.0,35.0,2.0,Tabriz,1.0,0.0,0.0,17.9,3.7,5.8,233143
391.0,7.0,5.0,4.0,13.0,3.0,Karaj,1.0,0.0,1.0,11.4,5.2,5.1,811520
345.0,5.0,5.0,3.0,,1.0,Mashhad,1.0,0.0,1.0,34.1,7.4,6.2,432380
146.0,4.0,4.0,4.0,31.0,0.0,Qom,0.0,0.0,1.0,25.2,7.9,8.1,100000
358.0,7.0,5.0,2.0,8.0,1.0,Mashhad,0.0,0.0,1.0,27.5,9.8,7.1,437828
217.0,3.0,3.0,4.0,32.0,1.0,Tabriz,0.0,0.0,1.0,2.5,2.4,9.3,293458
201.0,4.0,4.0,1.0,44.0,1.0,Karaj,0.0,0.0,0.0,5.9,1.7,9.8,297558
86.0,2.0,2.0,1.0,26.0,3.0,Karaj,0.0,0.0,1.0,0.6,8.6,5.5,170305
347.0,7.0,5.0,3.0,6.0,1.0,Tabriz,1.0,0.0,0.0,30.1,2.4,6.3,392349
376.0,7.0,5.0,1.0,34.0,2.0,Mashhad,0.0,0.0,0.0,21.0,2.6,8.5,601184
45.0,1.0,1.0,1.0,33.0,,Qom,0.0,0.0,0.0,31.3,7.5,7.5,100000
120.0,1.0,2.0,3.0,35.0,1.0,Mashhad,0.0,1.0,0.0,34.6,8.9,4.1,104026
353.0,6.0,5.0,2.0,13.0,3.0,Isfahan,1.0,0.0,0.0,7.8,3.3,8.7,520017
67.0,1.0,2.0,2.0,33.0,2.0,Karaj,,0.0,1.0,21.2,6.6,4.1,100000
192.0,4.0,4.0,3.0,30.0,3.0,Qom,0.0,0.0,1.0,3.9,8.7,6.4,1237304
319.0,6.0,5.0,4.0,23.0,2.0,Shiraz,0.0,1.0,0.0,8.6,4.3,5.2,574675
404.0,6.0,5.0,4.0,28.0,0.0,Tabriz,0.0,0.0,1.0,10.6,6.1,9.3,463193
280.0,5.0,5.0,1.0,25.0,1.0,Shiraz,0.0,0.0,0.0,32.2,4.8,9.7,256673
57.0,1.0,1.0,2.0,22.0,0.0,Karaj,1.0,0.0,0.0,4.4,3.2,4.8,100000
142.0,2.0,1.0,4.0,37.0,0.0,Qom,1.0,1.0,0.0,7.7,1.0,4.6,202008
189.0,3.0,3.0,3.0,0.0,0.0,Karaj,1.0,0.0,1.0,6.3,6.9,7.1,406084
369.0,7.0,5.0,3.0,18.0,2.0,Isfahan,1.0,0.0,1.0,11.7,2.7,7.4,681227
88.0,2.0,1.0,3.0,18.0,2.0,Mashhad,0.0,0.0,1.0,4.1,9.4,4.5,147075
118.0,1.0,1.0,4.0,44.0,2.0,Qom,1.0,0.0,0.0,16.2,2.2,6.6,100000
69.0,2.0,2.0,4.0,10.0,1.0,Tabriz,0.0,0.0,0.0,25.2,4.5,6.9,100000
148.0,4.0,4.0,3.0,19.0,1.0,Tabriz,0.0,0.0,0.0,24.8,4.2,9.8,100000
326.0,5.0,4.0,4.0,21.0,2.0,Qom,0.0,0.0,1.0,12.7,2.9,9.6,403821
136.0,1.0,1.0,,16.0,2.0,Shiraz,0.0,0.0,1.0,7.1,9.5,5.1,100000
346.0,7.0,5.0,4.0,23.0,0.0,Mashhad,1.0,0.0,0.0,2.2,7.7,9.8,644356
218.0,5.0,5.0,3.0,1.0,2.0,Tehran,0.0,0.0,1.0,14.7,3.9,7.4,538534
221.0,5.0,5.0,1.0,20.0,2.0,Tehran,1.0,0.0,0.0,1.6,7.6,8.9,624514
225.0,5.0,5.0,3.0,39.0,1.0,Qom,0.0,0.0,1.0,14.6,5.1,6.2,201740
285.0,5.0,5.0,,18.0,3.0,Qom,1.0,0.0,1.0,5.2,5.8,4.3,429493
341.0,5.0,5.0,4.0,6.0,1.0,Tehran,1.0,0.0,0.0,34.6,8.3,9.0,682241
306.0,5.0,5.0,3.0,10.0,0.0,Tabriz,1.0,0.0,0.0,7.8,8.0,,491771
331.0,7.0,5.0,4.0,20.0,0.0,Tehran,1.0,0.0,0.0,10.9,1.2,9.6,792361
128.0,1.0,1.0,4.0,44.0,0.0,Rasht,0.0,0.0,0.0,28.2,3.7,7.7,100000
207.0,5.0,4.0,4.0,45.0,2.0,Tabriz,1.0,0.0,0.0,20.1,2.6,6.3,104444
370.0,6.0,5.0,2.0,4.0,3.0,Karaj,0.0,0.0,1.0,32.3,6.1,4.8,493927
287.0,6.0,5.0,,44.0,3.0,Tehran,0.0,1.0,1.0,14.2,1.3,7.4,695422
99.0,3.0,3.0,1.0,9.0,3.0,Mashhad,0.0,0.0,0.0,32.7,1.4,,177086
168.0,4.0,4.0,1.0,2.0,2.0,Karaj,0.0,0.0,0.0,24.1,1.1,7.5,315652
357.0,7.0,5.0,2.0,38.0,0.0,Tabriz,0.0,0.0,1.0,26.9,2.0,,352044
273.0,5.0,5.0,4.0,23.0,0.0,Isfahan,0.0,1.0,1.0,24.5,6.6,5.3,400602
169.0,2.0,1.0,1.0,9.0,0.0,Rasht,0.0,0.0,0.0,6.6,7.8,9.6,254150
382.0,6.0,5.0,1.0,41.0,3.0,Karaj,0.0,0.0,0.0,22.4,4.6,7.3,504068
186.0,2.0,3.0,4.0,7.0,0.0,Tabriz,0.0,0.0,1.0,7.2,8.6,6.3,271053
255.0,5.0,5.0,4.0,29.0,3.0,Isfahan,0.0,1.0,0.0,16.3,9.2,8.4,374891
263.0,4.0,3.0,2.0,17.0,0.0,Qom,0.0,0.0,0.0,7.2,7.4,8.0,226976
404.0,7.0,5.0,3.0,36.0,0.0,Tehran,1.0,0.0,0.0,26.1,7.7,6.0,783640
259.0,4.0,3.0,2.0,4.0,2.0,Karaj,0.0,0.0,0.0,23.7,5.3,5.1,276637
194.0,4.0,4.0,3.0,44.0,1.0,Karaj,1.0,0.0,1.0,24.4,4.3,7.4,253299
266.0,6.0,5.0,2.0,43.0,1.0,Mashhad,1.0,0.0,0.0,32.7,9.5,9.5,272014
125.0,1.0,2.0,4.0,23.0,0.0,Mashhad,,0.0,0.0,7.9,3.7,6.9,100000
298.0,6.0,5.0,3.0,12.0,1.0,Karaj,1.0,0.0,0.0,,8.0,7.2,504563
108.0,1.0,2.0,4.0,38.0,3.0,Tehran,0.0,0.0,1.0,24.1,3.6,6.0,100000
284.0,6.0,5.0,3.0,23.0,1.0,Tehran,1.0,0.0,0.0,33.8,4.6,9.9,497137
359.0,7.0,5.0,4.0,30.0,2.0,Karaj,0.0,0.0,0.0,14.6,5.6,9.1,679735
242.0,4.0,3.0,2.0,2.0,1.0,Shiraz,1.0,0.0,0.0,1.1,9.5,6.9,436265
405.0,6.0,5.0,3.0,28.0,2.0,Isfahan,1.0,0.0,1.0,1.2,2.9,5.9,648799
308.0,6.0,5.0,4.0,6.0,1.0,Mashhad,0.0,0.0,0.0,1.4,7.7,4.4,441411
363.0,7.0,5.0,2.0,31.0,1.0,Qom,1.0,0.0,1.0,9.4,8.2,9.3,434158
52.0,1.0,2.0,3.0,24.0,3.0,Mashhad,1.0,0.0,1.0,18.2,1.5,5.4,100000
228.0,3.0,3.0,3.0,13.0,3.0,Mashhad,0.0,0.0,0.0,19.9,1.6,9.2,353411
168.0,3.0,2.0,4.0,35.0,1.0,Isfahan,0.0,0.0,0.0,7.7,1.2,4.3,222172
173.0,2.0,3.0,3.0,42.0,0.0,Tabriz,1.0,0.0,1.0,12.9,4.0,8.8,100000
242.0,5.0,5.0,2.0,21.0,2.0,Karaj,0.0,0.0,1.0,5.9,8.2,7.7,426913
278.0,5.0,5.0,1.0,22.0,3.0,Tabriz,1.0,1.0,0.0,8.7,3.0,6.9,522386
183.0,2.0,3.0,2.0,45.0,2.0,Qom,0.0,1.0,0.0,22.1,5.3,6.1,100000
109.0,3.0,2.0,2.0,29.0,0.0,Qom,0.0,0.0,1.0,17.2,5.1,5.5,100000
402.0,6.0,5.0,1.0,22.0,3.0,Tabriz,0.0,0.0,0.0,0.7,4.0,4.6,537553
114.0,1.0,1.0,1.0,12.0,3.0,Rasht,0.0,0.0,0.0,5.5,3.3,9.9,233280
137.0,1.0,1.0,2.0,8.0,1.0,Shiraz,1.0,0.0,0.0,,1.0,5.0,137446
320.0,5.0,5.0,4.0,30.0,1.0,Qom,0.0,0.0,0.0,20.1,2.1,4.4,209464
272.0,5.0,5.0,4.0,16.0,1.0,Qom,1.0,0.0,1.0,6.6,7.4,4.3,335742
361.0,7.0,5.0,3.0,24.0,3.0,Tabriz,0.0,0.0,0.0,34.8,4.1,8.9,266958
203.0,3.0,3.0,1.0,7.0,3.0,Isfahan,0.0,0.0,1.0,28.5,9.8,7.9,211871
59.0,1.0,2.0,2.0,25.0,3.0,Karaj,0.0,0.0,0.0,29.5,8.2,7.1,100000
132.0,2.0,2.0,1.0,40.0,2.0,Tabriz,1.0,0.0,1.0,6.3,5.4,8.8,143408
384.0,7.0,5.0,3.0,26.0,0.0,Rasht,1.0,1.0,0.0,3.7,9.7,,683486
63.0,1.0,1.0,4.0,13.0,2.0,Karaj,0.0,0.0,1.0,24.6,7.7,6.5,100000
92.0,2.0,3.0,3.0,7.0,0.0,Qom,0.0,0.0,1.0,7.2,6.1,9.0,192430
382.0,6.0,5.0,2.0,29.0,0.0,Isfahan,0.0,0.0,0.0,21.3,6.6,9.3,430366
156.0,2.0,3.0,4.0,3.0,0.0,Qom,1.0,0.0,0.0,10.8,3.9,8.7,265717
127.0,1.0,1.0,2.0,8.0,3.0,Qom,1.0,1.0,1.0,31.4,7.7,6.1,116621
341.0,6.0,5.0,,25.0,1.0,Tehran,0.0,0.0,1.0,27.0,4.5,7.0,694082
236.0,4.0,5.0,3.0,17.0,2.0,Mashhad,0.0,0.0,0.0,23.9,7.4,9.1,334318
139.0,2.0,1.0,1.0,16.0,3.0,Qom,0.0,0.0,0.0,30.6,8.3,6.7,100000
210.0,3.0,3.0,1.0,18.0,0.0,Mashhad,0.0,0.0,1.0,29.2,4.7,7.0,206744
399.0,7.0,5.0,4.0,5.0,0.0,Isfahan,0.0,0.0,0.0,9.4,4.4,4.1,593461
169.0,3.0,3.0,,21.0,2.0,Tabriz,0.0,1.0,0.0,12.2,9.8,6.5,223812
401.0,7.0,5.0,4.0,21.0,0.0,Isfahan,0.0,0.0,1.0,22.2,3.1,8.2,583317
215.0,4.0,5.0,1.0,19.0,2.0,Karaj,1.0,0.0,1.0,9.4,5.0,5.6,406133
85.0,3.0,3.0,3.0,8.0,3.0,Qom,0.0,0.0,0.0,19.6,1.0,4.2,139489
201.0,3.0,2.0,1.0,40.0,2.0,Qom,1.0,0.0,1.0,24.1,6.5,7.1,100000
185.0,2.0,2.0,2.0,38.0,2.0,Tehran,0.0,0.0,1.0,6.7,2.2,5.9,202701
358.0,7.0,5.0,2.0,24.0,1.0,Qom,1.0,1.0,0.0,17.8,7.9,6.7,482509
134.0,2.0,3.0,1.0,19.0,1.0,Shiraz,0.0,0.0,0.0,12.2,1.8,4.3,206290
417.0,7.0,5.0,2.0,9.0,,Tehran,0.0,0.0,1.0,17.3,8.4,9.5,1053354
220.0,3.0,3.0,1.0,4.0,2.0,Qom,0.0,0.0,1.0,16.2,9.2,4.6,265279
315.0,5.0,5.0,1.0,20.0,3.0,Tabriz,0.0,1.0,1.0,33.5,1.5,9.7,485149
318.0,7.0,5.0,2.0,7.0,3.0,Tabriz,1.0,0.0,0.0,8.1,9.3,4.4,559003
273.0,,5.0,2.0,5.0,0.0,Isfahan,0.0,0.0,1.0,11.9,5.0,7.2,541701
211.0,3.0,4.0,3.0,16.0,1.0,Qom,0.0,0.0,1.0,15.0,6.5,9.2,284641
167.0,2.0,3.0,3.0,7.0,3.0,Shiraz,1.0,0.0,0.0,21.9,5.5,7.4,168592
416.0,7.0,5.0,2.0,38.0,1.0,Isfahan,0.0,0.0,0.0,22.8,6.3,7.3,456108
52.0,1.0,1.0,2.0,8.0,1.0,,0.0,0.0,1.0,21.5,1.8,5.6,100000
350.0,5.0,4.0,2.0,18.0,2.0,Tehran,0.0,0.0,0.0,1.9,8.1,7.3,788460
218.0,3.0,2.0,3.0,16.0,3.0,Qom,1.0,1.0,1.0,31.7,2.7,5.5,271627
58.0,1.0,1.0,1.0,30.0,0.0,Isfahan,0.0,0.0,0.0,4.7,3.6,6.0,100000
256.0,5.0,5.0,2.0,29.0,3.0,Tabriz,0.0,0.0,1.0,4.6,9.1,4.8,335051
398.0,7.0,5.0,1.0,15.0,3.0,Shiraz,0.0,0.0,1.0,4.3,5.8,9.7,619285
283.0,6.0,5.0,3.0,1.0,0.0,Tabriz,1.0,0.0,0.0,32.4,8.8,7.9,262931
169.0,2.0,2.0,2.0,16.0,3.0,Rasht,0.0,0.0,1.0,11.4,8.0,6.7,100000
93.0,3.0,2.0,3.0,20.0,3.0,Rasht,0.0,0.0,1.0,15.1,9.5,8.3,100000
180.0,2.0,1.0,4.0,2.0,3.0,Tehran,0.0,0.0,1.0,23.1,2.8,9.6,328922
393.0,6.0,5.0,1.0,45.0,1.0,Shiraz,0.0,0.0,0.0,20.9,5.9,8.1,395399
145.0,4.0,3.0,1.0,37.0,1.0,Qom,0.0,1.0,1.0,11.7,5.3,5.1,270977
169.0,4.0,4.0,3.0,40.0,2.0,Tabriz,1.0,0.0,1.0,26.6,5.2,6.2,100000
375.0,7.0,5.0,1.0,21.0,1.0,Tabriz,0.0,0.0,0.0,6.3,4.6,6.5,455849
312.0,7.0,5.0,3.0,13.0,1.0,Tehran,0.0,0.0,1.0,16.6,6.4,5.1,668774
78.0,1.0,1.0,1.0,21.0,3.0,Tehran,1.0,0.0,1.0,26.9,9.0,5.1,100000
253.0,4.0,5.0,1.0,41.0,0.0,Shiraz,0.0,0.0,1.0,28.8,8.2,5.8,138967
359.0,6.0,5.0,2.0,23.0,2.0,Rasht,0.0,0.0,1.0,6.4,7.5,7.1,537218
350.0,6.0,5.0,1.0,11.0,3.0,Mashhad,1.0,0.0,1.0,13.5,6.0,4.8,495953
392.0,7.0,5.0,4.0,1.0,0.0,Isfahan,1.0,0.0,0.0,11.7,3.3,4.5,656218
141.0,3.0,3.0,1.0,4.0,0.0,Tabriz,0.0,1.0,0.0,27.4,3.6,9.2,250092
307.0,5.0,5.0,1.0,0.0,2.0,Shiraz,0.0,0.0,0.0,2.9,6.6,4.2,533759
143.0,4.0,3.0,1.0,38.0,1.0,Rasht,0.0,1.0,0.0,2.3,3.6,8.7,226167
400.0,7.0,5.0,1.0,0.0,1.0,Tehran,0.0,0.0,0.0,12.0,4.7,5.9,894416
139.0,2.0,2.0,3.0,23.0,2.0,Rasht,0.0,0.0,0.0,5.7,8.0,5.8,190854
372.0,7.0,5.0,3.0,28.0,1.0,Karaj,0.0,0.0,,9.4,8.2,10.0,635234
97.0,2.0,1.0,4.0,37.0,1.0,Rasht,0.0,1.0,,2.7,9.1,9.1,221710
,2.0,3.0,1.0,36.0,3.0,Karaj,0.0,0.0,0.0,14.1,2.7,6.7,263364
416.0,7.0,5.0,2.0,11.0,2.0,Isfahan,0.0,0.0,1.0,3.4,8.8,4.5,584046
137.0,2.0,1.0,4.0,18.0,1.0,Tabriz,0.0,0.0,1.0,0.9,4.1,4.4,119719
96.0,2.0,3.0,2.0,7.0,0.0,Isfahan,1.0,0.0,0.0,33.4,2.2,6.2,100000
91.0,2.0,2.0,2.0,43.0,1.0,Mashhad,0.0,1.0,0.0,27.7,1.5,6.9,100000
344.0,6.0,5.0,3.0,23.0,1.0,Tehran,0.0,0.0,1.0,32.2,8.6,4.7,515469
243.0,3.0,3.0,2.0,18.0,2.0,Rasht,0.0,0.0,1.0,12.2,3.8,9.1,324304
323.0,5.0,5.0,4.0,13.0,2.0,Mashhad,1.0,0.0,1.0,3.5,3.1,9.5,756191
126.0,1.0,1.0,2.0,15.0,0.0,Tehran,0.0,0.0,1.0,1.6,9.6,9.0,226357
306.0,6.0,5.0,1.0,18.0,1.0,Rasht,0.0,0.0,0.0,30.7,6.6,5.6,302736
179.0,2.0,1.0,4.0,34.0,2.0,Karaj,0.0,0.0,1.0,15.3,4.0,7.8,236124
174.0,2.0,1.0,1.0,31.0,1.0,Tehran,0.0,1.0,0.0,12.5,3.7,8.5,330304
73.0,1.0,1.0,3.0,,3.0,Karaj,0.0,0.0,1.0,32.8,5.7,9.4,100000
71.0,1.0,1.0,1.0,13.0,1.0,Shiraz,1.0,0.0,1.0,25.1,5.3,5.8,100000
314.0,5.0,4.0,2.0,39.0,3.0,Qom,0.0,0.0,0.0,11.8,6.3,9.9,302954
419.0,7.0,5.0,4.0,10.0,2.0,Isfahan,1.0,0.0,0.0,14.8,4.6,7.9,677715
141.0,4.0,3.0,,25.0,3.0,Mashhad,0.0,0.0,0.0,27.1,3.8,6.2,121404
142.0,4.0,4.0,3.0,6.0,1.0,Shiraz,1.0,0.0,0.0,29.1,8.1,7.3,100000
306.0,5.0,5.0,2.0,14.0,2.0,Isfahan,0.0,0.0,1.0,13.4,4.1,9.1,593212
296.0,6.0,5.0,2.0,21.0,3.0,Qom,0.0,0.0,0.0,9.8,3.6,6.0,416014
145.0,4.0,4.0,1.0,28.0,1.0,Tehran,0.0,1.0,0.0,7.6,6.5,8.0,445152
167.0,3.0,3.0,3.0,27.0,1.0,Tabriz,1.0,1.0,1.0,12.0,2.0,4.0,238816
47.0,1.0,2.0,1.0,31.0,2.0,Rasht,1.0,0.0,0.0,27.3,,5.3,100000
336.0,6.0,5.0,2.0,38.0,2.0,Rasht,1.0,,0.0,2.9,2.2,5.8,510917
122.0,1.0,1.0,3.0,12.0,1.0,Rasht,0.0,0.0,0.0,4.7,,,194916
119.0,1.0,1.0,2.0,40.0,3.0,Karaj,0.0,0.0,0.0,0.8,7.4,8.1,116438
282.0,4.0,5.0,3.0,11.0,1.0,Shiraz,1.0,0.0,1.0,13.9,1.7,6.9,430400
153.0,3.0,3.0,2.0,43.0,3.0,Mashhad,1.0,0.0,1.0,16.0,6.0,7.8,195625
239.0,4.0,3.0,3.0,41.0,1.0,Mashhad,0.0,0.0,1.0,32.4,,7.8,236905
203.0,4.0,4.0,3.0,0.0,2.0,Tabriz,0.0,0.0,0.0,4.4,4.0,9.8,470034
106.0,3.0,3.0,3.0,6.0,0.0,Karaj,1.0,0.0,1.0,32.7,2.9,9.5,100000
60.0,1.0,1.0,4.0,38.0,1.0,Rasht,0.0,0.0,0.0,7.9,6.3,8.2,100000
117.0,3.0,3.0,3.0,12.0,0.0,Isfahan,1.0,1.0,0.0,4.4,1.8,5.7,316396
138.0,4.0,4.0,2.0,10.0,2.0,Tabriz,0.0,0.0,1.0,33.6,8.4,8.0,300000
334.0,6.0,5.0,2.0,36.0,3.0,Rasht,0.0,0.0,1.0,15.3,7.6,8.7,395463
310.0,6.0,5.0,4.0,12.0,0.0,Tabriz,0.0,0.0,1.0,10.6,8.0,8.7,443728
75.0,1.0,1.0,1.0,38.0,2.0,Karaj,1.0,0.0,1.0,3.6,4.4,9.7,222822
410.0,6.0,,3.0,1.0,3.0,Tabriz,0.0,0.0,1.0,5.1,5.1,9.0,636572
119.0,2.0,2.0,1.0,16.0,3.0,Isfahan,1.0,0.0,1.0,6.7,9.1,7.4,202586
84.0,2.0,2.0,4.0,32.0,1.0,Karaj,1.0,0.0,0.0,29.7,,4.6,100000
126.0,1.0,1.0,1.0,44.0,0.0,Karaj,0.0,0.0,0.0,25.1,4.2,6.9,100000
69.0,1.0,1.0,3.0,9.0,2.0,Karaj,0.0,0.0,0.0,14.1,4.0,8.6,134255
351.0,6.0,5.0,1.0,31.0,1.0,Mashhad,0.0,0.0,1.0,10.9,,6.2,501343
392.0,7.0,5.0,4.0,7.0,1.0,Tabriz,1.0,0.0,1.0,16.1,9.6,6.8,593675
166.0,2.0,3.0,1.0,17.0,2.0,Mashhad,0.0,0.0,1.0,16.7,9.3,8.5,150841
374.0,6.0,5.0,1.0,26.0,3.0,Rasht,0.0,0.0,0.0,1.0,6.0,5.1,600011
367.0,7.0,5.0,4.0,10.0,3.0,Qom,0.0,0.0,0.0,19.3,,6.5,520593
381.0,7.0,5.0,4.0,35.0,3.0,Tehran,1.0,0.0,0.0,25.0,4.5,4.1,1390426
371.0,6.0,5.0,3.0,30.0,0.0,Tehran,0.0,0.0,0.0,21.5,3.0,8.9,747929
344.0,6.0,5.0,3.0,19.0,3.0,Tehran,0.0,0.0,1.0,15.8,6.9,7.2,793833
345.0,5.0,5.0,4.0,1.0,1.0,Mashhad,0.0,0.0,1.0,2.9,6.8,7.1,523621
226.0,4.0,4.0,4.0,22.0,1.0,Tabriz,0.0,0.0,0.0,4.9,6.1,4.7,356030
353.0,5.0,5.0,3.0,21.0,1.0,Shiraz,1.0,0.0,0.0,0.8,8.8,9.1,577891
91.0,1.0,1.0,2.0,42.0,3.0,Rasht,,0.0,0.0,29.6,2.6,8.9,100000
311.0,5.0,5.0,3.0,,1.0,Qom,1.0,0.0,0.0,12.0,1.7,6.2,387685
308.0,6.0,5.0,3.0,42.0,3.0,Rasht,1.0,0.0,0.0,10.2,7.6,6.4,425197
68.0,1.0,2.0,4.0,40.0,2.0,Isfahan,1.0,0.0,0.0,26.1,6.6,6.4,100000
155.0,2.0,2.0,4.0,25.0,3.0,Mashhad,0.0,1.0,1.0,27.2,8.1,6.8,193952
261.0,4.0,4.0,2.0,43.0,1.0,Rasht,,0.0,1.0,33.1,,9.5,188319
236.0,4.0,5.0,3.0,43.0,3.0,Qom,0.0,0.0,0.0,10.9,9.5,6.1,244358
314.0,5.0,5.0,3.0,42.0,2.0,Isfahan,0.0,0.0,0.0,31.0,3.1,9.0,338535
146.0,2.0,2.0,4.0,,1.0,Mashhad,1.0,0.0,0.0,15.6,1.2,,100000
354.0,7.0,5.0,1.0,4.0,0.0,Isfahan,1.0,0.0,0.0,33.9,9.0,5.6,357318
251.0,,5.0,2.0,44.0,0.0,Karaj,1.0,0.0,1.0,3.2,3.3,7.0,506797
160.0,2.0,1.0,4.0,12.0,0.0,Shiraz,0.0,0.0,1.0,8.9,5.0,8.9,220397
359.0,7.0,5.0,4.0,38.0,1.0,Mashhad,1.0,0.0,1.0,19.0,,4.4,420106
419.0,7.0,,3.0,37.0,2.0,Karaj,1.0,0.0,0.0,,8.2,5.5,519005
195.0,4.0,5.0,3.0,30.0,2.0,Mashhad,0.0,0.0,0.0,27.4,7.8,7.8,156487
254.0,6.0,5.0,1.0,33.0,0.0,Rasht,0.0,0.0,1.0,25.2,6.2,8.6,307304
352.0,7.0,5.0,1.0,44.0,1.0,Tabriz,1.0,0.0,1.0,24.3,1.5,9.0,398345
353.0,5.0,4.0,2.0,6.0,2.0,Shiraz,0.0,0.0,0.0,2.6,3.9,8.4,612336
233.0,5.0,4.0,1.0,27.0,3.0,Shiraz,0.0,0.0,1.0,9.5,5.4,8.2,347071
248.0,5.0,5.0,3.0,40.0,0.0,Tabriz,0.0,0.0,1.0,18.8,6.2,8.2,304968
145.0,2.0,2.0,4.0,17.0,3.0,Tehran,1.0,0.0,0.0,21.4,1.1,9.5,308529
146.0,2.0,2.0,2.0,40.0,2.0,Isfahan,0.0,0.0,0.0,9.5,8.2,6.0,100000
,6.0,5.0,2.0,25.0,3.0,Qom,0.0,0.0,1.0,17.2,6.5,9.1,345531
254.0,4.0,5.0,1.0,19.0,1.0,Mashhad,0.0,0.0,0.0,21.9,4.9,6.9,306256
384.0,6.0,5.0,4.0,42.0,3.0,Shiraz,0.0,0.0,1.0,34.0,8.3,5.5,320275
53.0,1.0,1.0,2.0,39.0,0.0,Tabriz,1.0,0.0,0.0,31.1,,6.7,100000
290.0,4.0,4.0,3.0,34.0,2.0,Qom,1.0,0.0,0.0,24.6,2.6,8.7,237815
218.0,3.0,2.0,1.0,33.0,0.0,Qom,,0.0,1.0,18.0,5.7,4.3,161863
148.0,2.0,,2.0,0.0,2.0,Qom,0.0,0.0,0.0,8.5,5.0,6.9,232722
121.0,2.0,1.0,3.0,33.0,1.0,Karaj,0.0,0.0,0.0,26.4,1.5,5.2,100000
398.0,7.0,5.0,1.0,26.0,0.0,Isfahan,0.0,0.0,1.0,9.0,3.6,9.8,653994
259.0,5.0,5.0,2.0,43.0,1.0,Karaj,0.0,,,30.6,7.9,9.0,218946
158.0,4.0,4.0,1.0,43.0,3.0,Isfahan,0.0,0.0,0.0,34.8,5.1,4.7,100000
147.0,4.0,4.0,3.0,14.0,2.0,Isfahan,0.0,0.0,0.0,28.2,9.1,4.2,100000
254.0,6.0,5.0,1.0,14.0,2.0,,0.0,0.0,1.0,1.6,,6.8,709756
168.0,4.0,5.0,1.0,21.0,1.0,Tehran,0.0,0.0,0.0,24.2,6.1,4.4,285681
399.0,7.0,5.0,1.0,11.0,3.0,Tehran,0.0,0.0,1.0,24.7,5.6,7.1,865523
303.0,6.0,5.0,3.0,44.0,3.0,Tehran,1.0,,0.0,16.7,2.9,6.3,663670
127.0,2.0,1.0,4.0,38.0,0.0,Tabriz,0.0,,1.0,16.0,4.8,6.8,100000
322.0,5.0,5.0,4.0,22.0,0.0,Rasht,0.0,0.0,1.0,9.3,1.9,7.4,490883
417.0,7.0,5.0,2.0,3.0,1.0,Mashhad,1.0,0.0,0.0,27.5,4.0,8.6,587070
45.0,1.0,,1.0,24.0,0.0,Isfahan,0.0,0.0,0.0,16.5,1.5,5.4,100000
72.0,1.0,2.0,4.0,45.0,3.0,Tabriz,0.0,0.0,1.0,30.4,6.8,4.2,100000
154.0,4.0,4.0,1.0,6.0,3.0,Rasht,1.0,0.0,0.0,3.8,8.3,8.0,329150
244.0,5.0,5.0,4.0,14.0,,Tehran,,0.0,0.0,32.9,9.3,5.7,343977
275.0,5.0,4.0,3.0,45.0,2.0,Isfahan,0.0,0.0,1.0,4.6,8.8,5.9,448947
276.0,5.0,4.0,1.0,28.0,2.0,Tabriz,1.0,0.0,0.0,32.7,5.7,8.6,226546
251.0,5.0,5.0,3.0,11.0,2.0,Rasht,0.0,0.0,0.0,34.5,9.4,5.7,228420
174.0,2.0,1.0,1.0,19.0,0.0,Isfahan,0.0,0.0,1.0,10.7,8.5,5.5,138420
395.0,6.0,5.0,4.0,44.0,2.0,Isfahan,0.0,0.0,1.0,29.9,8.0,7.8,478642
289.0,4.0,3.0,2.0,5.0,1.0,Tehran,1.0,0.0,1.0,4.2,8.6,7.5,718520
80.0,1.0,2.0,4.0,18.0,,Karaj,0.0,0.0,0.0,3.6,2.8,5.8,246623
,5.0,4.0,1.0,13.0,0.0,Isfahan,0.0,0.0,1.0,22.3,7.2,,295101
213.0,5.0,5.0,2.0,4.0,3.0,Shiraz,1.0,0.0,0.0,23.5,7.8,4.8,329302
99.0,3.0,4.0,3.0,27.0,3.0,Tehran,1.0,0.0,0.0,33.3,1.8,6.5,155952
120.0,1.0,1.0,4.0,43.0,1.0,Shiraz,0.0,0.0,0.0,2.9,1.0,8.0,111742
299.0,5.0,5.0,2.0,10.0,2.0,Mashhad,1.0,0.0,0.0,26.7,1.4,5.7,425744
348.0,5.0,5.0,,0.0,2.0,Mashhad,0.0,0.0,1.0,23.7,5.4,9.5,586029
341.0,7.0,5.0,2.0,13.0,3.0,Mashhad,0.0,0.0,0.0,23.0,9.1,6.4,531957
354.0,6.0,5.0,4.0,33.0,2.0,Rasht,0.0,0.0,0.0,23.6,7.5,4.6,352960
410.0,7.0,5.0,3.0,4.0,1.0,Isfahan,0.0,0.0,1.0,19.3,6.3,7.8,586694
205.0,5.0,4.0,2.0,33.0,1.0,Karaj,0.0,1.0,1.0,22.9,7.2,4.9,277649
168.0,3.0,3.0,4.0,30.0,0.0,Rasht,1.0,0.0,0.0,5.6,4.5,9.9,217278
202.0,3.0,2.0,1.0,18.0,2.0,Qom,,0.0,1.0,27.1,3.7,4.7,100000
192.0,3.0,3.0,2.0,18.0,1.0,Karaj,1.0,1.0,0.0,18.2,7.4,5.8,333581
147.0,4.0,4.0,1.0,17.0,3.0,Karaj,0.0,0.0,0.0,34.7,10.0,6.7,100000
171.0,4.0,3.0,4.0,33.0,2.0,Mashhad,0.0,0.0,1.0,5.9,8.3,8.9,342292
281.0,6.0,5.0,2.0,10.0,3.0,Karaj,0.0,0.0,0.0,4.9,4.1,6.4,1073994
137.0,1.0,1.0,4.0,36.0,2.0,Tehran,1.0,0.0,1.0,18.0,1.7,9.2,219528
327.0,5.0,5.0,4.0,15.0,2.0,Mashhad,0.0,0.0,0.0,,9.3,8.1,372968
189.0,3.0,2.0,1.0,18.0,2.0,Tehran,1.0,0.0,1.0,3.2,7.3,5.9,483013
84.0,1.0,1.0,4.0,19.0,0.0,Isfahan,0.0,1.0,0.0,6.4,4.8,9.4,235698
305.0,5.0,4.0,1.0,23.0,3.0,Isfahan,1.0,0.0,1.0,16.5,3.8,8.7,435987
325.0,7.0,5.0,3.0,37.0,1.0,Tabriz,0.0,0.0,0.0,29.5,2.2,8.0,383937
220.0,5.0,5.0,4.0,19.0,3.0,Shiraz,1.0,0.0,0.0,23.3,8.6,9.6,289778
405.0,7.0,5.0,3.0,24.0,1.0,Isfahan,0.0,0.0,0.0,6.8,,6.7,661577
292.0,5.0,5.0,4.0,3.0,1.0,Qom,1.0,0.0,0.0,12.9,5.5,6.4,432998
114.0,3.0,4.0,3.0,23.0,1.0,Qom,1.0,0.0,1.0,27.9,8.0,8.4,125847
,1.0,1.0,4.0,26.0,3.0,Karaj,0.0,0.0,1.0,34.1,7.3,7.2,100000
391.0,7.0,5.0,3.0,10.0,3.0,Tabriz,1.0,0.0,1.0,7.0,9.5,6.6,622532
98.0,1.0,1.0,4.0,39.0,2.0,Mashhad,1.0,0.0,0.0,15.1,9.2,6.2,100000
131.0,3.0,2.0,1.0,43.0,2.0,Tabriz,0.0,1.0,0.0,7.9,9.7,4.5,176403
86.0,1.0,,2.0,2.0,3.0,Shiraz,1.0,0.0,0.0,26.0,2.8,5.6,100000
175.0,3.0,4.0,,,0.0,Qom,1.0,0.0,1.0,33.5,8.6,7.2,100000
390.0,7.0,5.0,3.0,16.0,0.0,Isfahan,0.0,0.0,0.0,12.3,6.0,8.3,553013
161.0,3.0,3.0,2.0,24.0,3.0,Qom,0.0,0.0,0.0,27.9,1.9,4.8,100000
173.0,3.0,3.0,2.0,4.0,1.0,Tabriz,0.0,0.0,0.0,14.1,7.3,7.5,196205
286.0,6.0,5.0,3.0,31.0,2.0,Mashhad,0.0,0.0,1.0,17.8,9.7,9.4,409785
382.0,6.0,5.0,3.0,24.0,3.0,Rasht,1.0,0.0,0.0,23.6,3.0,5.1,501742
261.0,5.0,5.0,1.0,25.0,1.0,Tabriz,1.0,0.0,1.0,32.6,8.1,7.9,275066
146.0,3.0,3.0,1.0,13.0,0.0,Karaj,0.0,0.0,0.0,20.6,6.9,6.8,115245
377.0,7.0,5.0,1.0,34.0,3.0,Shiraz,1.0,0.0,0.0,26.6,7.4,6.1,431642
99.0,1.0,1.0,3.0,1.0,1.0,Mashhad,0.0,0.0,0.0,33.3,3.3,8.3,100000
208.0,5.0,5.0,2.0,37.0,2.0,Mashhad,0.0,0.0,1.0,14.9,5.8,7.7,277502
335.0,7.0,5.0,1.0,41.0,0.0,Karaj,0.0,0.0,1.0,24.6,1.2,6.1,482609
71.0,2.0,3.0,1.0,6.0,0.0,Karaj,0.0,0.0,0.0,8.3,2.8,7.1,175204
322.0,5.0,5.0,3.0,,0.0,Karaj,1.0,0.0,0.0,33.1,3.9,9.3,477301
285.0,4.0,4.0,2.0,31.0,3.0,Tabriz,0.0,0.0,1.0,6.1,4.4,7.8,371347
322.0,7.0,5.0,3.0,37.0,3.0,Karaj,0.0,0.0,1.0,31.9,2.8,9.2,447001
360.0,7.0,5.0,2.0,10.0,0.0,Karaj,1.0,0.0,1.0,5.9,2.9,4.7,678895
360.0,6.0,5.0,2.0,21.0,0.0,Karaj,0.0,0.0,0.0,2.4,4.8,5.3,549196
94.0,2.0,2.0,2.0,5.0,3.0,Tehran,0.0,0.0,0.0,9.9,2.5,6.8,189465
156.0,3.0,2.0,4.0,29.0,0.0,Tehran,0.0,0.0,,7.0,5.0,9.1,366318
276.0,6.0,5.0,2.0,4.0,3.0,Isfahan,1.0,0.0,1.0,15.7,3.4,5.1,567255
412.0,7.0,5.0,4.0,29.0,2.0,Isfahan,1.0,0.0,0.0,20.0,4.4,8.2,569359
337.0,7.0,5.0,2.0,39.0,0.0,Tehran,0.0,0.0,1.0,6.1,3.8,10.0,775348
162.0,3.0,3.0,4.0,42.0,3.0,Qom,0.0,0.0,0.0,32.1,9.7,6.5,100000
130.0,1.0,1.0,1.0,10.0,2.0,Tehran,0.0,0.0,0.0,25.4,3.0,8.9,185729
55.0,1.0,1.0,,18.0,0.0,Tehran,0.0,0.0,1.0,18.9,8.5,7.6,100000
135.0,2.0,2.0,2.0,4.0,3.0,Mashhad,0.0,0.0,0.0,26.0,1.1,7.3,146042
166.0,2.0,2.0,3.0,31.0,2.0,Rasht,0.0,1.0,0.0,6.5,4.4,9.9,318361
49.0,1.0,1.0,2.0,11.0,1.0,Tehran,0.0,0.0,0.0,3.9,5.5,8.3,269058
120.0,3.0,4.0,2.0,42.0,2.0,Tabriz,1.0,0.0,1.0,17.4,2.5,5.4,100000
396.0,7.0,5.0,1.0,45.0,1.0,Tabriz,1.0,0.0,,33.0,8.7,8.2,218002
314.0,6.0,5.0,1.0,13.0,0.0,Qom,0.0,0.0,1.0,1.3,9.1,8.1,539345
367.0,7.0,5.0,3.0,17.0,0.0,Isfahan,1.0,1.0,1.0,12.1,5.0,5.7,715699
379.0,7.0,5.0,1.0,26.0,1.0,Qom,0.0,0.0,1.0,,9.5,8.2,370594
220.0,5.0,5.0,4.0,26.0,2.0,Shiraz,1.0,0.0,0.0,15.0,7.8,7.3,396590
364.0,7.0,5.0,4.0,43.0,3.0,Qom,0.0,,0.0,9.4,3.7,7.3,408428
49.0,1.0,1.0,3.0,3.0,0.0,Shiraz,1.0,0.0,0.0,32.2,3.3,9.0,100000
313.0,6.0,5.0,,21.0,2.0,Rasht,0.0,0.0,0.0,19.8,3.4,8.4,433992
337.0,5.0,5.0,2.0,26.0,3.0,Tabriz,0.0,1.0,1.0,16.4,6.9,4.2,405987
221.0,5.0,4.0,4.0,,2.0,Tabriz,0.0,,1.0,31.1,7.8,9.9,155239
397.0,7.0,5.0,4.0,7.0,2.0,Qom,1.0,1.0,0.0,4.3,3.6,7.7,621029
403.0,7.0,5.0,2.0,18.0,3.0,Tabriz,1.0,0.0,1.0,29.1,2.1,8.9,579668
132.0,3.0,4.0,1.0,22.0,2.0,Tabriz,1.0,1.0,0.0,24.7,4.5,4.6,136778
287.0,5.0,5.0,4.0,2.0,1.0,Karaj,0.0,1.0,0.0,7.1,5.7,9.1,661747
116.0,2.0,1.0,4.0,,1.0,Rasht,1.0,0.0,1.0,15.9,8.2,8.5,184960
341.0,5.0,5.0,2.0,28.0,3.0,Shiraz,1.0,0.0,0.0,30.3,3.1,8.0,368080
340.0,6.0,5.0,4.0,37.0,1.0,Qom,1.0,1.0,0.0,34.6,4.1,6.2,396813
227.0,4.0,3.0,4.0,28.0,3.0,Shiraz,0.0,0.0,0.0,29.3,3.2,7.8,100000
134.0,3.0,3.0,1.0,11.0,2.0,Isfahan,0.0,1.0,0.0,24.4,2.3,8.5,269196
272.0,4.0,5.0,4.0,25.0,1.0,Rasht,0.0,0.0,0.0,9.9,2.3,9.0,415194
394.0,6.0,5.0,3.0,29.0,0.0,Shiraz,0.0,0.0,0.0,13.5,7.4,4.3,429154
60.0,1.0,1.0,3.0,7.0,3.0,Rasht,0.0,0.0,0.0,22.7,6.7,8.5,100000
75.0,1.0,1.0,2.0,14.0,1.0,Karaj,0.0,0.0,1.0,22.4,10.0,7.9,100000
332.0,5.0,4.0,2.0,20.0,3.0,Karaj,1.0,0.0,1.0,24.5,3.4,8.2,560912
61.0,1.0,1.0,4.0,7.0,2.0,Rasht,1.0,0.0,1.0,15.1,7.9,5.0,100000
85.0,2.0,1.0,2.0,21.0,1.0,Tabriz,0.0,0.0,1.0,27.6,8.1,5.6,100000
114.0,3.0,4.0,1.0,41.0,1.0,Isfahan,0.0,0.0,1.0,6.8,1.9,6.7,159088
145.0,4.0,4.0,3.0,30.0,1.0,Tabriz,1.0,0.0,0.0,10.0,6.0,9.2,253609
167.0,2.0,2.0,1.0,12.0,3.0,Karaj,1.0,0.0,1.0,14.1,6.9,8.6,357028
184.0,3.0,4.0,2.0,39.0,3.0,Mashhad,1.0,0.0,1.0,12.8,6.2,7.7,274946
161.0,2.0,2.0,4.0,2.0,0.0,Rasht,0.0,0.0,1.0,15.6,3.7,9.4,296360
167.0,4.0,5.0,1.0,39.0,0.0,Qom,0.0,0.0,1.0,2.0,6.3,7.5,107353
128.0,3.0,3.0,1.0,15.0,0.0,Karaj,1.0,0.0,0.0,3.0,5.1,4.7,245889
53.0,1.0,1.0,4.0,36.0,3.0,Shiraz,1.0,0.0,0.0,22.7,9.9,6.0,100000
95.0,1.0,1.0,1.0,3.0,1.0,Tabriz,,0.0,0.0,17.6,9.3,5.9,100000
211.0,4.0,4.0,4.0,12.0,3.0,Qom,0.0,0.0,0.0,2.1,4.9,4.2,302345
387.0,6.0,5.0,3.0,24.0,1.0,Karaj,1.0,0.0,1.0,19.0,2.8,9.6,689414
304.0,7.0,5.0,4.0,44.0,1.0,Karaj,0.0,0.0,1.0,21.9,4.9,4.3,363836
317.0,7.0,5.0,1.0,19.0,3.0,Rasht,1.0,1.0,0.0,32.6,5.0,8.9,450313
101.0,2.0,1.0,1.0,6.0,0.0,Karaj,0.0,0.0,1.0,7.2,9.5,9.4,107525
357.0,7.0,5.0,2.0,41.0,0.0,Isfahan,1.0,0.0,1.0,29.0,3.4,7.3,352415
275.0,6.0,5.0,1.0,37.0,1.0,Tabriz,0.0,0.0,1.0,6.8,9.9,5.0,249222
259.0,4.0,3.0,3.0,21.0,2.0,Shiraz,0.0,0.0,0.0,19.4,2.1,6.6,322597
388.0,7.0,5.0,1.0,11.0,0.0,,1.0,0.0,1.0,7.9,8.9,7.1,622314
110.0,3.0,3.0,,10.0,0.0,Tehran,0.0,0.0,0.0,5.4,9.0,4.2,270423
302.0,6.0,5.0,4.0,2.0,1.0,Shiraz,0.0,1.0,1.0,6.7,2.1,8.6,692607
303.0,5.0,,3.0,2.0,3.0,Rasht,0.0,0.0,1.0,25.7,7.5,8.2,394519
128.0,,1.0,3.0,22.0,3.0,Tabriz,1.0,0.0,0.0,18.6,7.9,9.6,100000
168.0,2.0,3.0,3.0,42.0,3.0,Mashhad,1.0,0.0,0.0,12.5,7.3,7.3,205112
130.0,2.0,2.0,4.0,31.0,2.0,Isfahan,0.0,0.0,0.0,31.3,6.3,8.9,100000
338.0,5.0,5.0,2.0,37.0,3.0,Tehran,0.0,0.0,1.0,29.1,4.2,8.3,726841
104.0,2.0,2.0,3.0,32.0,1.0,Rasht,0.0,0.0,1.0,17.8,9.7,4.8,100000
234.0,4.0,4.0,1.0,4.0,2.0,Tabriz,0.0,0.0,1.0,31.3,7.4,5.3,190573
352.0,6.0,5.0,2.0,41.0,1.0,,0.0,0.0,1.0,30.6,9.3,9.5,338505
353.0,7.0,5.0,1.0,13.0,2.0,Qom,0.0,0.0,0.0,3.7,7.3,9.8,454737
140.0,4.0,5.0,4.0,43.0,3.0,Tabriz,0.0,0.0,1.0,16.6,1.5,6.3,218780
201.0,4.0,,3.0,16.0,2.0,Tehran,1.0,0.0,1.0,34.6,6.2,8.8,311317
264.0,4.0,4.0,2.0,22.0,0.0,Isfahan,0.0,0.0,0.0,8.9,4.1,5.0,333137
223.0,5.0,5.0,2.0,42.0,0.0,Mashhad,1.0,0.0,0.0,19.2,3.7,,312813
402.0,7.0,5.0,3.0,11.0,1.0,Mashhad,0.0,0.0,1.0,17.6,3.3,8.1,678077
46.0,2.0,2.0,3.0,2.0,2.0,Shiraz,0.0,0.0,1.0,3.8,9.1,6.9,100000
317.0,7.0,5.0,1.0,17.0,1.0,Rasht,1.0,0.0,0.0,13.4,4.1,8.7,599473
156.0,4.0,4.0,4.0,28.0,0.0,Rasht,0.0,,0.0,29.9,4.7,10.0,112190
227.0,3.0,3.0,3.0,5.0,3.0,Karaj,0.0,0.0,0.0,21.4,9.1,8.8,343602
86.0,1.0,1.0,2.0,19.0,0.0,Mashhad,0.0,1.0,0.0,0.7,1.0,6.3,233453
154.0,2.0,2.0,2.0,12.0,2.0,Qom,0.0,1.0,0.0,26.8,8.9,5.0,171301
286.0,6.0,5.0,4.0,6.0,2.0,Karaj,0.0,0.0,0.0,33.3,7.4,7.5,363221
135.0,2.0,,3.0,22.0,2.0,Mashhad,0.0,0.0,1.0,0.5,8.8,9.5,166246
142.0,3.0,3.0,3.0,27.0,1.0,Shiraz,1.0,0.0,0.0,10.8,8.9,7.4,197691
63.0,2.0,3.0,1.0,34.0,0.0,Shiraz,1.0,0.0,0.0,5.8,7.4,9.4,143056
404.0,7.0,5.0,1.0,24.0,3.0,Qom,1.0,0.0,0.0,34.0,6.6,9.2,464562
368.0,6.0,5.0,2.0,20.0,0.0,Shiraz,1.0,0.0,0.0,12.8,1.2,5.1,501861
49.0,1.0,1.0,4.0,12.0,0.0,Isfahan,0.0,0.0,1.0,6.4,1.5,4.8,106508
93.0,2.0,1.0,1.0,44.0,3.0,Isfahan,0.0,1.0,0.0,10.8,4.4,8.0,100000
401.0,7.0,5.0,4.0,20.0,2.0,Karaj,0.0,0.0,0.0,21.9,4.0,10.0,586031
169.0,3.0,2.0,1.0,37.0,1.0,Tehran,1.0,0.0,1.0,24.4,4.1,5.3,297084
168.0,2.0,3.0,,0.0,3.0,Karaj,1.0,0.0,1.0,18.7,8.2,9.1,346469
,5.0,5.0,1.0,3.0,0.0,Mashhad,0.0,0.0,,6.9,4.8,4.3,488741
222.0,,3.0,4.0,25.0,3.0,,0.0,0.0,1.0,28.5,4.0,8.5,211487
78.0,2.0,3.0,2.0,1.0,,Tabriz,1.0,0.0,1.0,20.7,4.9,6.3,127912
195.0,3.0,4.0,2.0,4.0,3.0,Tehran,1.0,,1.0,22.1,8.7,4.3,559061
365.0,7.0,5.0,1.0,29.0,1.0,Qom,1.0,0.0,1.0,21.2,6.0,4.6,336450
225.0,3.0,3.0,4.0,1.0,0.0,Rasht,1.0,0.0,1.0,31.4,1.5,8.6,251631
112.0,3.0,3.0,4.0,26.0,1.0,Rasht,1.0,0.0,0.0,31.9,3.7,9.5,100000
334.0,6.0,5.0,4.0,30.0,0.0,Qom,0.0,0.0,1.0,2.1,5.7,8.4,353153
312.0,,,1.0,11.0,3.0,Mashhad,0.0,0.0,0.0,4.1,1.2,7.1,657869
92.0,1.0,1.0,1.0,44.0,0.0,Tehran,0.0,0.0,0.0,0.5,7.6,9.2,151225
184.0,3.0,4.0,1.0,8.0,,Qom,1.0,0.0,,12.6,3.7,8.2,319093
115.0,2.0,3.0,1.0,42.0,3.0,Rasht,0.0,0.0,0.0,23.2,3.6,8.3,177732
371.0,6.0,5.0,1.0,42.0,0.0,Tehran,0.0,1.0,0.0,10.7,9.4,9.8,798667
208.0,4.0,4.0,3.0,44.0,2.0,Tabriz,1.0,0.0,0.0,10.4,5.8,4.7,178414
335.0,6.0,5.0,2.0,17.0,3.0,Rasht,0.0,0.0,1.0,18.2,6.9,6.4,339024
223.0,5.0,5.0,1.0,33.0,3.0,Shiraz,0.0,0.0,0.0,20.1,1.3,6.9,326746
80.0,2.0,1.0,1.0,32.0,2.0,Tehran,1.0,1.0,0.0,18.4,6.9,7.1,125075
222.0,5.0,5.0,1.0,6.0,3.0,Shiraz,0.0,0.0,1.0,21.4,8.5,8.3,294521
226.0,,5.0,1.0,30.0,2.0,Qom,0.0,0.0,0.0,4.7,5.7,8.8,940809
185.0,2.0,1.0,2.0,33.0,1.0,Isfahan,1.0,1.0,0.0,32.7,6.8,8.1,164113
390.0,7.0,5.0,2.0,32.0,1.0,Tabriz,1.0,0.0,1.0,18.7,3.9,4.3,432408
264.0,4.0,3.0,3.0,31.0,0.0,Qom,1.0,0.0,0.0,34.1,1.6,6.9,206539
98.0,2.0,1.0,4.0,35.0,0.0,Karaj,0.0,0.0,0.0,6.1,7.2,8.7,129835
169.0,3.0,2.0,4.0,23.0,2.0,Tehran,1.0,0.0,0.0,18.4,8.0,9.0,281306
90.0,2.0,3.0,1.0,6.0,2.0,Rasht,0.0,0.0,1.0,22.6,2.1,7.3,165767
374.0,7.0,5.0,2.0,9.0,1.0,Tehran,0.0,0.0,0.0,34.7,5.4,7.0,744143
125.0,2.0,1.0,3.0,32.0,3.0,Isfahan,0.0,0.0,1.0,24.3,6.3,9.1,100000
119.0,3.0,4.0,4.0,0.0,3.0,Mashhad,0.0,0.0,,8.5,6.2,9.2,209355
352.0,7.0,5.0,3.0,4.0,0.0,Mashhad,0.0,0.0,0.0,4.8,2.1,7.9,731769
77.0,1.0,1.0,3.0,14.0,3.0,Rasht,1.0,0.0,0.0,11.3,8.7,9.9,150521
176.0,2.0,3.0,1.0,37.0,0.0,Tabriz,1.0,0.0,0.0,25.9,7.3,,100000
132.0,3.0,3.0,3.0,12.0,2.0,Mashhad,0.0,0.0,1.0,10.3,3.8,4.3,269146
184.0,2.0,2.0,4.0,35.0,3.0,Qom,0.0,0.0,1.0,27.0,2.6,7.9,100000
109.0,2.0,3.0,1.0,33.0,2.0,Mashhad,0.0,0.0,0.0,8.2,8.7,9.5,157208
130.0,2.0,1.0,2.0,41.0,,Qom,1.0,0.0,0.0,7.4,5.9,7.9,115597
63.0,1.0,1.0,2.0,34.0,3.0,Mashhad,1.0,0.0,0.0,25.4,8.9,6.2,100000
309.0,7.0,5.0,4.0,8.0,3.0,Karaj,1.0,0.0,0.0,32.3,3.4,6.9,483325
75.0,1.0,1.0,4.0,36.0,0.0,Tehran,1.0,0.0,0.0,8.3,3.2,7.8,100000
66.0,2.0,3.0,3.0,43.0,2.0,Rasht,0.0,0.0,1.0,20.8,1.1,9.3,100000
367.0,7.0,5.0,3.0,0.0,1.0,Mashhad,1.0,1.0,0.0,17.6,9.6,5.1,676239
335.0,7.0,5.0,3.0,27.0,3.0,Qom,0.0,0.0,0.0,12.7,4.9,,355978
109.0,2.0,2.0,2.0,40.0,3.0,Tabriz,0.0,0.0,0.0,1.9,5.6,5.9,100000
230.0,5.0,5.0,4.0,1.0,1.0,Tabriz,1.0,0.0,1.0,13.6,3.6,7.6,539120
226.0,5.0,5.0,3.0,13.0,3.0,Tehran,0.0,1.0,0.0,30.9,3.1,9.2,581344
416.0,7.0,5.0,2.0,20.0,1.0,Rasht,0.0,0.0,0.0,19.1,5.5,6.9,518835
197.0,5.0,5.0,3.0,3.0,1.0,Rasht,1.0,0.0,1.0,26.0,4.8,4.7,293970
265.0,5.0,5.0,2.0,24.0,1.0,Shiraz,0.0,0.0,0.0,,7.5,8.7,253686
62.0,1.0,2.0,1.0,33.0,1.0,Karaj,0.0,0.0,1.0,27.4,10.0,8.3,100000
70.0,1.0,1.0,1.0,29.0,2.0,Tehran,0.0,0.0,1.0,26.0,9.4,8.1,100000
356.0,6.0,5.0,4.0,41.0,3.0,Shiraz,0.0,,0.0,32.5,1.3,7.3,337250
301.0,5.0,5.0,1.0,23.0,3.0,Tabriz,1.0,0.0,0.0,25.3,1.9,4.9,349246
344.0,7.0,5.0,2.0,26.0,0.0,Mashhad,0.0,0.0,1.0,29.7,3.3,5.9,430724
368.0,7.0,5.0,4.0,45.0,1.0,Mashhad,0.0,0.0,0.0,1.9,4.1,6.7,593616
114.0,3.0,2.0,3.0,2.0,2.0,Tabriz,1.0,0.0,1.0,20.4,7.6,5.3,113807
368.0,6.0,5.0,4.0,35.0,0.0,Tehran,1.0,0.0,1.0,16.9,,9.1,850430
62.0,1.0,1.0,4.0,29.0,2.0,Karaj,0.0,0.0,1.0,24.1,2.3,7.3,100000
226.0,4.0,3.0,4.0,15.0,3.0,Rasht,0.0,1.0,1.0,19.3,5.4,8.8,388806
344.0,,4.0,3.0,19.0,1.0,,0.0,0.0,1.0,20.2,9.2,9.4,473156
233.0,4.0,4.0,4.0,2.0,0.0,Tabriz,1.0,0.0,0.0,17.5,6.6,5.2,251642
234.0,4.0,3.0,2.0,35.0,1.0,Shiraz,0.0,0.0,0.0,16.2,5.0,7.2,235132
107.0,1.0,1.0,3.0,44.0,1.0,Qom,0.0,1.0,1.0,8.3,2.0,9.4,151669
80.0,2.0,2.0,2.0,36.0,1.0,Tabriz,0.0,0.0,1.0,23.6,1.2,6.7,100000
408.0,6.0,5.0,2.0,32.0,3.0,Qom,0.0,0.0,0.0,29.9,6.6,8.8,331690
122.0,3.0,4.0,1.0,2.0,2.0,Qom,1.0,0.0,0.0,3.8,3.7,8.5,372824
,5.0,5.0,4.0,35.0,1.0,Tehran,1.0,0.0,1.0,,7.4,6.2,647987
339.0,7.0,5.0,2.0,5.0,3.0,Isfahan,1.0,0.0,0.0,5.0,4.6,5.7,579274
220.0,3.0,2.0,1.0,6.0,0.0,Rasht,0.0,0.0,1.0,4.2,6.2,5.6,298416
68.0,,1.0,4.0,9.0,2.0,Mashhad,0.0,0.0,1.0,0.7,5.9,4.8,117326
269.0,4.0,3.0,3.0,4.0,3.0,Mashhad,0.0,1.0,1.0,33.4,1.4,8.8,364651
215.0,4.0,5.0,3.0,13.0,2.0,Karaj,1.0,0.0,0.0,17.5,7.1,5.7,419874
292.0,5.0,4.0,3.0,45.0,,Qom,0.0,0.0,1.0,6.7,5.1,8.8,262522
70.0,1.0,1.0,3.0,30.0,3.0,Mashhad,1.0,0.0,1.0,32.0,4.9,5.8,100000
346.0,6.0,5.0,4.0,15.0,2.0,Rasht,0.0,,0.0,5.0,6.3,8.1,517124
227.0,4.0,4.0,4.0,30.0,0.0,Shiraz,0.0,0.0,0.0,20.3,2.0,7.4,337577
111.0,3.0,2.0,2.0,32.0,0.0,Isfahan,0.0,0.0,1.0,28.7,7.4,5.9,100000
61.0,1.0,2.0,4.0,25.0,3.0,Tehran,1.0,,0.0,33.2,4.2,8.7,100000
375.0,7.0,5.0,1.0,34.0,0.0,Tabriz,1.0,0.0,0.0,8.5,6.9,4.2,356987
363.0,7.0,5.0,4.0,26.0,3.0,,0.0,0.0,1.0,27.6,2.4,4.3,482008
404.0,7.0,5.0,3.0,18.0,1.0,Shiraz,0.0,0.0,0.0,15.6,1.1,6.5,563130
182.0,3.0,2.0,2.0,3.0,0.0,Qom,1.0,0.0,0.0,33.2,1.4,5.5,122968
178.0,4.0,4.0,2.0,27.0,1.0,Tabriz,0.0,0.0,1.0,26.1,2.6,4.7,130089
349.0,5.0,5.0,3.0,39.0,1.0,Tehran,0.0,0.0,1.0,21.3,1.4,6.3,674657
86.0,3.0,4.0,4.0,34.0,2.0,Shiraz,0.0,1.0,0.0,32.7,6.9,8.5,113788
196.0,4.0,4.0,3.0,34.0,3.0,Tabriz,0.0,0.0,1.0,12.8,2.0,6.0,233588
352.0,6.0,5.0,3.0,26.0,3.0,Isfahan,0.0,0.0,0.0,25.4,9.0,8.5,530119
367.0,7.0,5.0,3.0,38.0,3.0,Isfahan,0.0,0.0,1.0,20.8,7.4,6.1,523750
109.0,1.0,1.0,2.0,21.0,3.0,Mashhad,0.0,0.0,1.0,18.7,3.7,8.5,100000
84.0,1.0,1.0,1.0,2.0,1.0,Qom,0.0,0.0,1.0,22.6,9.2,7.1,100000
234.0,5.0,4.0,3.0,10.0,2.0,Shiraz,0.0,0.0,0.0,2.8,6.1,9.8,482196
352.0,7.0,5.0,2.0,17.0,0.0,Shiraz,0.0,0.0,1.0,29.1,1.3,5.7,453453
140.0,2.0,3.0,1.0,2.0,2.0,Tabriz,0.0,0.0,0.0,1.4,2.7,7.6,268564
270.0,5.0,4.0,4.0,15.0,2.0,Qom,0.0,0.0,1.0,8.0,5.2,5.9,396856
356.0,6.0,5.0,2.0,28.0,3.0,Tabriz,0.0,0.0,0.0,18.2,8.9,9.6,470002
245.0,5.0,5.0,2.0,17.0,2.0,Tabriz,0.0,0.0,0.0,10.8,1.5,9.4,459026
57.0,2.0,3.0,1.0,26.0,1.0,Tehran,1.0,0.0,1.0,22.5,3.5,8.5,142387
138.0,4.0,4.0,2.0,34.0,3.0,Qom,0.0,1.0,0.0,16.2,6.8,6.8,135696
365.0,6.0,5.0,3.0,0.0,2.0,Tehran,1.0,1.0,0.0,11.8,7.5,7.2,913270
340.0,6.0,5.0,2.0,9.0,2.0,Karaj,0.0,0.0,0.0,12.0,,6.6,621005
205.0,3.0,3.0,1.0,5.0,1.0,Tehran,0.0,1.0,1.0,16.6,5.9,4.0,486694
163.0,4.0,4.0,1.0,9.0,,Tabriz,1.0,0.0,1.0,17.2,9.2,4.7,229121
,1.0,1.0,4.0,37.0,3.0,,0.0,0.0,0.0,18.8,7.0,7.8,100000
100.0,1.0,2.0,4.0,33.0,0.0,Qom,0.0,0.0,1.0,0.8,1.6,6.8,185778
334.0,,5.0,3.0,14.0,1.0,Tabriz,1.0,0.0,1.0,25.5,1.3,10.0,464688
133.0,1.0,1.0,3.0,35.0,3.0,Mashhad,0.0,0.0,0.0,26.8,9.5,4.1,100000
168.0,4.0,5.0,1.0,40.0,0.0,Isfahan,1.0,,0.0,7.0,1.9,7.4,365702
56.0,1.0,2.0,4.0,45.0,1.0,Karaj,1.0,1.0,0.0,15.0,7.8,9.5,100000
114.0,1.0,1.0,1.0,41.0,0.0,Tabriz,1.0,0.0,1.0,22.3,2.1,8.6,100000
46.0,1.0,1.0,2.0,17.0,1.0,Karaj,0.0,0.0,0.0,1.2,8.1,9.2,100000
243.0,4.0,5.0,1.0,20.0,1.0,Isfahan,1.0,0.0,1.0,22.7,3.5,4.1,362567
369.0,7.0,5.0,4.0,29.0,1.0,Shiraz,0.0,0.0,0.0,14.1,3.3,9.7,528638
403.0,7.0,5.0,3.0,11.0,3.0,Shiraz,0.0,0.0,0.0,31.6,4.6,6.0,472610
188.0,2.0,2.0,3.0,34.0,3.0,Mashhad,1.0,0.0,0.0,4.4,8.8,6.1,270990
62.0,1.0,1.0,4.0,8.0,1.0,Mashhad,0.0,0.0,0.0,7.5,5.6,8.1,129022
361.0,7.0,5.0,3.0,20.0,2.0,Isfahan,0.0,0.0,1.0,3.9,2.7,8.3,642592
198.0,3.0,3.0,1.0,2.0,1.0,Shiraz,0.0,0.0,1.0,24.0,8.2,,185635
88.0,1.0,2.0,3.0,34.0,0.0,Mashhad,0.0,,1.0,20.0,5.1,5.9,200000
279.0,5.0,5.0,4.0,5.0,0.0,Rasht,0.0,0.0,1.0,11.3,3.8,9.5,424741
384.0,7.0,5.0,4.0,18.0,1.0,Shiraz,1.0,0.0,0.0,32.6,1.4,8.6,417180
79.0,2.0,2.0,1.0,36.0,3.0,Karaj,0.0,0.0,1.0,20.6,8.0,7.7,400000
145.0,4.0,5.0,1.0,22.0,2.0,Isfahan,0.0,0.0,1.0,30.1,2.1,7.8,177132
174.0,4.0,3.0,2.0,30.0,0.0,Rasht,1.0,0.0,1.0,28.3,8.3,7.2,163109
354.0,6.0,5.0,3.0,41.0,1.0,Shiraz,0.0,0.0,0.0,30.0,8.4,6.1,338642
127.0,1.0,2.0,2.0,11.0,1.0,Karaj,1.0,0.0,1.0,19.8,7.4,6.6,227645
245.0,4.0,3.0,2.0,37.0,3.0,Qom,0.0,1.0,0.0,13.9,5.9,8.3,311316
85.0,,2.0,3.0,44.0,1.0,Isfahan,0.0,,1.0,33.2,,5.2,100000
181.0,3.0,2.0,1.0,4.0,2.0,Tehran,1.0,0.0,1.0,4.5,3.7,8.3,529411
103.0,3.0,3.0,1.0,,1.0,Qom,0.0,0.0,0.0,4.8,4.4,7.2,133161
251.0,5.0,5.0,3.0,12.0,3.0,Shiraz,0.0,0.0,0.0,27.4,2.0,7.3,354536
222.0,4.0,4.0,4.0,8.0,0.0,Shiraz,1.0,0.0,0.0,10.2,7.8,7.3,376591
410.0,6.0,5.0,1.0,27.0,3.0,Mashhad,0.0,0.0,0.0,32.5,3.1,8.9,551814
331.0,6.0,5.0,2.0,41.0,2.0,Karaj,0.0,0.0,1.0,16.7,3.2,6.9,569385
173.0,3.0,2.0,3.0,12.0,1.0,Rasht,0.0,0.0,0.0,7.0,8.2,6.5,204087
160.0,4.0,4.0,2.0,14.0,1.0,Tabriz,0.0,1.0,,8.9,6.6,4.3,287144
409.0,6.0,5.0,4.0,1.0,2.0,Isfahan,1.0,0.0,0.0,8.5,2.2,9.9,772484
329.0,6.0,5.0,3.0,17.0,3.0,Isfahan,0.0,1.0,1.0,,5.8,6.9,687753
191.0,,3.0,4.0,23.0,1.0,Mashhad,0.0,0.0,0.0,5.9,4.7,,338288
239.0,3.0,3.0,4.0,5.0,2.0,Isfahan,0.0,0.0,0.0,2.7,8.4,4.5,285719
187.0,3.0,3.0,4.0,13.0,0.0,Qom,0.0,,1.0,10.4,8.0,5.2,198358
263.0,5.0,4.0,1.0,3.0,3.0,Rasht,0.0,0.0,0.0,21.0,6.8,9.5,301253
350.0,6.0,5.0,1.0,34.0,2.0,Tehran,0.0,1.0,0.0,9.0,6.4,9.1,881779
62.0,2.0,3.0,3.0,6.0,1.0,Rasht,0.0,0.0,0.0,3.0,8.3,8.7,167734
210.0,4.0,3.0,2.0,36.0,2.0,Mashhad,0.0,0.0,0.0,3.0,4.0,5.8,296136
284.0,4.0,4.0,1.0,39.0,3.0,Isfahan,0.0,0.0,0.0,15.5,1.0,4.8,313590
185.0,3.0,2.0,1.0,37.0,1.0,Mashhad,0.0,1.0,0.0,22.8,2.0,8.7,172223
82.0,2.0,3.0,1.0,19.0,1.0,Rasht,0.0,0.0,0.0,23.5,7.7,4.7,100000
390.0,7.0,5.0,4.0,28.0,3.0,Rasht,1.0,0.0,0.0,25.7,7.9,8.6,557464
,5.0,5.0,2.0,38.0,2.0,Shiraz,0.0,0.0,0.0,5.5,4.5,6.0,373210
296.0,6.0,5.0,1.0,21.0,2.0,Shiraz,0.0,0.0,0.0,6.5,2.7,5.8,459852
155.0,4.0,4.0,2.0,36.0,2.0,Tehran,0.0,0.0,1.0,24.6,4.8,4.7,339670
132.0,1.0,1.0,2.0,16.0,1.0,Tabriz,1.0,0.0,1.0,1.3,1.5,8.1,238020
395.0,7.0,5.0,3.0,5.0,0.0,Qom,0.0,0.0,0.0,13.6,2.8,5.0,481076
265.0,5.0,5.0,4.0,23.0,2.0,Mashhad,0.0,1.0,1.0,1.8,4.3,8.9,635705
303.0,6.0,5.0,4.0,40.0,3.0,Rasht,0.0,0.0,1.0,20.1,3.8,9.5,368391
289.0,4.0,4.0,2.0,34.0,1.0,Shiraz,1.0,0.0,0.0,1.7,9.2,4.9,382289
235.0,4.0,3.0,2.0,32.0,2.0,Karaj,1.0,0.0,1.0,31.7,9.4,4.8,278826
221.0,3.0,4.0,1.0,8.0,0.0,Isfahan,1.0,0.0,0.0,15.5,6.9,4.4,225678
272.0,4.0,5.0,1.0,35.0,3.0,Qom,0.0,0.0,0.0,2.6,9.8,4.7,223934
58.0,1.0,1.0,2.0,14.0,3.0,Tabriz,1.0,0.0,0.0,25.6,4.9,4.6,100000
53.0,1.0,1.0,2.0,6.0,0.0,Qom,0.0,0.0,1.0,15.4,2.9,7.8,100000
124.0,2.0,2.0,3.0,45.0,2.0,Tehran,0.0,0.0,0.0,33.8,6.1,7.8,100000
235.0,3.0,2.0,4.0,21.0,0.0,Karaj,1.0,0.0,1.0,4.6,6.1,4.7,382988
276.0,5.0,5.0,1.0,44.0,3.0,Qom,1.0,0.0,1.0,2.4,8.4,9.5,416685
116.0,1.0,1.0,3.0,32.0,3.0,Rasht,0.0,0.0,0.0,28.1,8.6,6.6,100000
74.0,1.0,1.0,4.0,32.0,0.0,Tehran,0.0,0.0,1.0,21.8,6.9,7.5,100000
383.0,6.0,5.0,4.0,16.0,1.0,Rasht,1.0,0.0,1.0,13.9,4.6,4.6,493055
105.0,1.0,1.0,1.0,13.0,1.0,Shiraz,0.0,0.0,,6.7,1.5,7.4,101559
102.0,3.0,3.0,2.0,40.0,3.0,Karaj,0.0,0.0,1.0,16.8,3.0,8.7,138275
213.0,3.0,4.0,3.0,7.0,3.0,Mashhad,0.0,1.0,0.0,29.5,8.3,7.9,269683
98.0,1.0,1.0,2.0,,2.0,Shiraz,0.0,0.0,0.0,10.3,3.0,4.6,100000
48.0,1.0,1.0,2.0,32.0,3.0,Tehran,1.0,0.0,,2.9,,4.7,100000
92.0,1.0,1.0,4.0,31.0,2.0,Shiraz,0.0,0.0,1.0,,4.5,5.9,100000
267.0,6.0,5.0,3.0,37.0,1.0,Shiraz,0.0,0.0,0.0,1.6,7.0,5.0,391448
300.0,4.0,5.0,3.0,7.0,,Isfahan,1.0,0.0,0.0,1.7,3.9,8.7,626904
377.0,7.0,5.0,1.0,16.0,3.0,Shiraz,1.0,0.0,0.0,28.8,9.2,,572687
356.0,7.0,5.0,4.0,10.0,0.0,Shiraz,0.0,0.0,1.0,16.1,2.4,6.2,472620
221.0,5.0,5.0,4.0,43.0,1.0,Rasht,1.0,0.0,1.0,31.0,5.1,5.2,277548
155.0,3.0,2.0,1.0,40.0,0.0,Shiraz,0.0,0.0,0.0,17.9,2.3,8.0,197149
393.0,6.0,5.0,3.0,43.0,1.0,Isfahan,1.0,0.0,1.0,1.3,2.0,7.1,603415
,6.0,5.0,4.0,2.0,0.0,Rasht,1.0,1.0,0.0,13.6,2.1,4.9,573761
110.0,2.0,2.0,2.0,17.0,1.0,Qom,0.0,0.0,1.0,31.9,4.8,8.8,100000
111.0,1.0,1.0,3.0,31.0,1.0,Mashhad,1.0,0.0,1.0,13.3,3.0,6.2,153511
63.0,2.0,2.0,4.0,40.0,2.0,Mashhad,0.0,0.0,1.0,28.9,7.4,7.2,100000
211.0,4.0,4.0,1.0,36.0,0.0,Rasht,0.0,0.0,1.0,2.5,7.5,7.9,372554
243.0,4.0,5.0,4.0,29.0,3.0,Karaj,0.0,0.0,0.0,21.6,7.8,7.9,299442
366.0,6.0,5.0,2.0,27.0,3.0,Karaj,1.0,1.0,,11.1,,5.4,631076
276.0,5.0,5.0,2.0,,1.0,Shiraz,0.0,0.0,0.0,15.2,3.0,6.4,415754
217.0,3.0,4.0,2.0,38.0,2.0,Tabriz,0.0,0.0,1.0,8.2,8.0,4.5,120966
94.0,2.0,1.0,2.0,24.0,3.0,Qom,1.0,0.0,1.0,26.5,9.4,9.9,100000
203.0,5.0,4.0,4.0,19.0,1.0,Rasht,0.0,0.0,0.0,11.4,7.0,9.2,313774
174.0,4.0,4.0,1.0,15.0,3.0,Isfahan,0.0,0.0,0.0,22.8,7.6,4.2,115084
136.0,1.0,2.0,3.0,40.0,1.0,Mashhad,1.0,0.0,1.0,10.6,8.6,6.5,153560
100.0,2.0,2.0,3.0,45.0,0.0,Tehran,1.0,1.0,1.0,4.3,5.2,7.8,245920
67.0,2.0,2.0,1.0,5.0,2.0,Shiraz,0.0,1.0,1.0,22.9,8.6,9.0,207436
420.0,7.0,5.0,3.0,21.0,0.0,,1.0,0.0,0.0,0.6,1.7,6.6,587443
229.0,3.0,4.0,2.0,37.0,3.0,Shiraz,0.0,1.0,1.0,13.5,7.3,7.7,418811
239.0,,4.0,1.0,41.0,0.0,Qom,0.0,0.0,1.0,9.7,5.8,7.7,231742
291.0,6.0,5.0,1.0,35.0,1.0,Tabriz,1.0,1.0,0.0,18.8,5.9,7.2,426937
351.0,5.0,5.0,3.0,12.0,3.0,Isfahan,1.0,0.0,0.0,3.1,5.7,8.1,692065
200.0,3.0,4.0,3.0,37.0,3.0,Mashhad,0.0,1.0,0.0,21.5,5.7,9.9,302561
340.0,6.0,5.0,1.0,8.0,1.0,Shiraz,1.0,0.0,0.0,11.2,6.7,,490867
54.0,1.0,1.0,4.0,31.0,,Rasht,0.0,0.0,1.0,27.8,4.1,7.6,100000
256.0,4.0,4.0,4.0,2.0,0.0,Rasht,0.0,0.0,1.0,4.5,3.7,6.2,416481
49.0,1.0,2.0,4.0,4.0,1.0,Tabriz,0.0,1.0,0.0,30.1,3.3,5.5,100000
79.0,2.0,1.0,2.0,41.0,3.0,Tabriz,0.0,0.0,0.0,23.1,1.2,5.0,100000
354.0,7.0,5.0,1.0,39.0,3.0,Tabriz,0.0,0.0,0.0,21.9,4.2,9.5,416809
153.0,2.0,1.0,1.0,33.0,,Qom,0.0,0.0,0.0,,8.2,8.0,100000
107.0,1.0,1.0,4.0,29.0,1.0,Isfahan,0.0,0.0,0.0,5.2,5.0,9.2,100000
368.0,6.0,5.0,1.0,0.0,3.0,Shiraz,0.0,0.0,0.0,27.0,8.4,7.2,393619
64.0,1.0,2.0,4.0,33.0,,Mashhad,0.0,,1.0,12.3,4.8,9.5,134942
237.0,5.0,5.0,3.0,9.0,1.0,Shiraz,,0.0,0.0,28.8,9.7,5.9,205026
317.0,5.0,5.0,2.0,32.0,1.0,Karaj,1.0,1.0,0.0,20.5,2.6,4.9,481744
377.0,6.0,5.0,1.0,17.0,2.0,Mashhad,0.0,0.0,0.0,3.3,2.1,9.0,656254
406.0,6.0,5.0,1.0,18.0,2.0,,1.0,0.0,1.0,24.6,10.0,6.7,805333
217.0,5.0,5.0,3.0,1.0,3.0,Tehran,0.0,0.0,1.0,31.3,3.1,9.7,551731
199.0,3.0,3.0,1.0,13.0,0.0,Tehran,0.0,1.0,0.0,4.4,6.5,7.1,469692
389.0,6.0,5.0,3.0,32.0,2.0,Tehran,0.0,0.0,0.0,12.9,1.4,4.7,725244
73.0,1.0,1.0,3.0,29.0,3.0,Tehran,0.0,0.0,0.0,19.2,2.4,5.3,100000
199.0,3.0,4.0,2.0,7.0,3.0,Isfahan,0.0,0.0,1.0,29.7,3.2,4.8,264052
49.0,2.0,3.0,3.0,5.0,2.0,Qom,0.0,0.0,0.0,10.9,4.5,7.9,100000
58.0,2.0,2.0,3.0,31.0,1.0,Tehran,1.0,1.0,0.0,8.3,5.0,8.3,206500
374.0,7.0,5.0,1.0,25.0,1.0,Isfahan,1.0,0.0,0.0,9.7,4.4,8.1,586898
218.0,4.0,4.0,3.0,15.0,3.0,Karaj,0.0,1.0,1.0,2.5,6.9,8.0,581505
162.0,4.0,4.0,2.0,38.0,3.0,Shiraz,0.0,0.0,1.0,25.9,8.3,4.6,100000
162.0,3.0,3.0,2.0,33.0,1.0,Mashhad,1.0,0.0,0.0,20.7,2.3,7.4,239809
340.0,6.0,5.0,3.0,44.0,1.0,Karaj,,0.0,0.0,16.1,1.9,5.6,549866
274.0,4.0,5.0,1.0,30.0,3.0,Isfahan,1.0,0.0,1.0,32.8,7.7,9.0,170180
148.0,2.0,3.0,1.0,30.0,1.0,Isfahan,1.0,,0.0,7.9,2.5,4.7,197673
268.0,4.0,3.0,4.0,37.0,2.0,Rasht,0.0,0.0,0.0,16.0,7.4,9.8,227877
380.0,6.0,5.0,1.0,3.0,0.0,Isfahan,1.0,0.0,0.0,26.0,5.6,5.8,514977
300.0,6.0,5.0,3.0,13.0,3.0,Qom,1.0,0.0,0.0,27.9,9.9,5.3,247717
198.0,5.0,5.0,2.0,19.0,3.0,Tehran,1.0,0.0,0.0,4.4,1.8,5.2,474484
,6.0,5.0,2.0,8.0,1.0,Mashhad,0.0,0.0,1.0,31.0,6.0,5.8,491504
403.0,7.0,5.0,3.0,11.0,1.0,Tabriz,0.0,0.0,0.0,30.4,7.1,6.3,393115
155.0,4.0,4.0,2.0,31.0,0.0,Karaj,0.0,0.0,0.0,,2.7,5.9,100000
348.0,6.0,5.0,1.0,3.0,2.0,Qom,0.0,0.0,0.0,8.0,6.5,9.7,508173
184.0,2.0,2.0,4.0,23.0,1.0,Rasht,0.0,0.0,1.0,34.5,1.8,9.4,100000
368.0,7.0,5.0,4.0,6.0,0.0,Mashhad,1.0,1.0,0.0,18.4,6.0,9.4,748400
184.0,2.0,3.0,2.0,21.0,0.0,Shiraz,0.0,0.0,0.0,33.0,9.2,5.1,100000
293.0,4.0,4.0,3.0,44.0,3.0,Shiraz,0.0,0.0,0.0,17.2,4.4,7.8,367019
127.0,1.0,1.0,3.0,13.0,,Shiraz,1.0,0.0,1.0,5.8,4.0,4.9,213818
307.0,5.0,5.0,2.0,14.0,1.0,Tehran,1.0,0.0,1.0,12.8,8.6,4.5,723074
279.0,4.0,3.0,2.0,0.0,3.0,Mashhad,1.0,1.0,,7.5,6.7,7.4,578332
93.0,1.0,2.0,4.0,20.0,0.0,Isfahan,1.0,0.0,1.0,27.2,9.2,8.3,100000
379.0,6.0,5.0,4.0,4.0,1.0,Shiraz,0.0,0.0,1.0,18.5,4.4,6.6,502150
266.0,6.0,5.0,2.0,7.0,0.0,Isfahan,0.0,0.0,0.0,9.5,,4.2,377171
297.0,5.0,5.0,3.0,15.0,2.0,Mashhad,0.0,0.0,0.0,27.6,7.4,8.0,443350
250.0,4.0,4.0,1.0,11.0,0.0,Tehran,1.0,0.0,1.0,23.4,9.6,5.1,433117
240.0,3.0,3.0,1.0,6.0,3.0,Mashhad,1.0,0.0,0.0,23.7,7.6,5.4,266084
280.0,4.0,4.0,3.0,23.0,0.0,Rasht,0.0,0.0,,30.8,8.6,4.6,180520
,1.0,1.0,4.0,27.0,3.0,Karaj,1.0,0.0,1.0,13.1,9.4,8.8,150213
127.0,3.0,3.0,2.0,10.0,3.0,Tehran,1.0,0.0,1.0,0.8,9.4,9.9,378653
407.0,6.0,,4.0,19.0,2.0,Rasht,0.0,0.0,1.0,23.7,,7.6,534546
343.0,5.0,5.0,4.0,23.0,2.0,Qom,0.0,0.0,0.0,33.8,5.1,5.7,260277
382.0,6.0,5.0,3.0,14.0,2.0,Qom,0.0,0.0,1.0,8.1,4.8,8.2,497069
211.0,5.0,5.0,3.0,38.0,0.0,Mashhad,0.0,0.0,0.0,21.3,1.0,6.2,321885
284.0,6.0,5.0,3.0,9.0,1.0,Shiraz,0.0,0.0,1.0,17.4,8.5,9.1,423283
305.0,7.0,5.0,2.0,6.0,3.0,Shiraz,0.0,1.0,1.0,22.8,3.7,7.1,627035
211.0,5.0,5.0,3.0,26.0,3.0,Rasht,,0.0,1.0,12.3,2.7,6.4,295707
,1.0,1.0,1.0,39.0,2.0,Rasht,0.0,0.0,0.0,19.2,2.2,6.7,100000
172.0,2.0,1.0,1.0,37.0,2.0,Mashhad,0.0,0.0,0.0,27.3,8.8,4.7,100000
312.0,6.0,5.0,1.0,40.0,2.0,Isfahan,0.0,1.0,1.0,5.4,1.9,10.0,589047
364.0,6.0,5.0,1.0,7.0,1.0,Tabriz,1.0,0.0,0.0,18.4,7.0,7.0,469980
272.0,5.0,5.0,4.0,7.0,0.0,Rasht,0.0,0.0,0.0,14.3,7.8,,289679
404.0,7.0,5.0,1.0,1.0,1.0,Mashhad,1.0,0.0,1.0,22.4,3.9,6.3,637960
163.0,4.0,4.0,4.0,7.0,1.0,Karaj,0.0,0.0,1.0,4.2,9.9,4.9,354642
86.0,1.0,2.0,2.0,3.0,2.0,Tehran,0.0,0.0,0.0,7.2,4.7,8.9,240911
69.0,1.0,2.0,,9.0,2.0,Karaj,1.0,0.0,0.0,28.8,2.5,4.8,100000
327.0,7.0,5.0,2.0,24.0,3.0,Shiraz,1.0,0.0,1.0,33.1,8.4,4.1,311039
54.0,1.0,1.0,4.0,35.0,1.0,Shiraz,1.0,0.0,0.0,11.6,5.0,4.7,100000
378.0,6.0,5.0,1.0,31.0,0.0,,1.0,0.0,1.0,20.4,6.8,7.2,235998
53.0,1.0,1.0,,22.0,0.0,Rasht,0.0,0.0,0.0,5.9,4.8,9.6,100000
272.0,5.0,4.0,2.0,33.0,3.0,Tabriz,0.0,1.0,1.0,15.2,1.1,4.0,384223
294.0,6.0,5.0,4.0,21.0,0.0,Tabriz,0.0,0.0,1.0,26.3,2.5,6.2,365668
294.0,6.0,5.0,1.0,29.0,3.0,Karaj,1.0,1.0,0.0,22.6,8.1,8.9,512947
297.0,6.0,5.0,2.0,40.0,3.0,Isfahan,0.0,1.0,1.0,31.7,2.5,6.7,413519
73.0,1.0,1.0,1.0,15.0,3.0,Mashhad,0.0,0.0,0.0,7.1,6.6,4.5,100000
417.0,7.0,5.0,3.0,43.0,,Qom,1.0,0.0,0.0,11.3,9.5,9.3,418661
299.0,5.0,5.0,3.0,39.0,3.0,Rasht,0.0,,1.0,3.8,6.3,5.9,374497
300.0,5.0,5.0,3.0,1.0,1.0,Mashhad,0.0,0.0,1.0,11.3,9.3,9.8,536517
190.0,3.0,,2.0,21.0,2.0,Tehran,0.0,0.0,0.0,23.9,4.3,6.3,362675
336.0,7.0,5.0,4.0,28.0,1.0,Qom,0.0,0.0,1.0,23.6,3.5,5.6,379946
81.0,2.0,3.0,2.0,13.0,1.0,Rasht,0.0,0.0,1.0,11.5,7.5,8.1,166953
78.0,1.0,2.0,1.0,25.0,1.0,Karaj,0.0,0.0,1.0,34.9,5.1,4.1,100000
378.0,7.0,5.0,1.0,9.0,2.0,Qom,1.0,0.0,0.0,28.3,,5.3,476071
76.0,1.0,2.0,4.0,29.0,1.0,Shiraz,1.0,1.0,0.0,26.8,2.8,7.4,100000
387.0,7.0,5.0,1.0,22.0,3.0,Mashhad,,0.0,0.0,28.6,8.5,9.0,474999
191.0,2.0,3.0,3.0,4.0,1.0,,0.0,0.0,0.0,34.7,8.7,4.5,206594
338.0,5.0,5.0,3.0,31.0,3.0,Mashhad,1.0,0.0,0.0,5.0,2.1,7.7,622393
90.0,3.0,2.0,2.0,37.0,2.0,Qom,0.0,1.0,1.0,8.5,,6.5,213735
251.0,5.0,5.0,4.0,1.0,1.0,Shiraz,0.0,1.0,1.0,0.6,7.0,9.7,664126
155.0,3.0,2.0,4.0,42.0,3.0,Shiraz,1.0,0.0,0.0,21.4,5.6,10.0,174780
126.0,2.0,1.0,1.0,17.0,1.0,Qom,0.0,0.0,1.0,33.1,3.8,5.4,100000
276.0,6.0,5.0,3.0,45.0,0.0,Mashhad,0.0,0.0,1.0,5.1,1.1,5.9,506155
216.0,5.0,5.0,1.0,30.0,,Qom,0.0,0.0,0.0,14.9,3.1,5.9,256505
249.0,4.0,4.0,2.0,41.0,0.0,Mashhad,0.0,0.0,1.0,4.9,1.8,6.3,431589
119.0,3.0,2.0,1.0,19.0,2.0,Rasht,1.0,0.0,0.0,22.0,5.2,9.0,128688
95.0,3.0,3.0,3.0,31.0,0.0,Isfahan,1.0,0.0,0.0,2.1,1.5,5.8,144047
328.0,6.0,5.0,1.0,33.0,3.0,Mashhad,1.0,0.0,1.0,21.5,7.7,6.4,376982
261.0,5.0,5.0,4.0,16.0,0.0,Rasht,1.0,0.0,1.0,20.0,1.7,7.4,453658
335.0,6.0,5.0,3.0,38.0,1.0,Mashhad,0.0,0.0,0.0,23.6,7.9,9.9,476387
246.0,4.0,5.0,4.0,32.0,3.0,Mashhad,0.0,0.0,0.0,19.5,8.7,8.3,210459
245.0,3.0,3.0,4.0,19.0,2.0,Tabriz,1.0,0.0,1.0,16.9,6.1,8.9,343528
46.0,1.0,1.0,1.0,14.0,3.0,Qom,1.0,0.0,1.0,34.0,5.0,8.8,100000
229.0,3.0,3.0,3.0,9.0,0.0,Rasht,,0.0,0.0,2.8,2.4,8.8,260020
367.0,7.0,5.0,3.0,19.0,2.0,Shiraz,0.0,0.0,1.0,23.5,7.8,8.7,486990
244.0,4.0,5.0,2.0,7.0,3.0,Shiraz,1.0,0.0,0.0,32.8,8.8,7.0,195324
237.0,3.0,4.0,2.0,,,Tabriz,0.0,1.0,0.0,30.0,2.7,8.8,352669
,6.0,5.0,3.0,41.0,0.0,Karaj,1.0,0.0,1.0,17.0,9.1,4.3,443421
200.0,3.0,3.0,4.0,9.0,1.0,Qom,1.0,0.0,1.0,18.5,,7.7,293288
140.0,4.0,4.0,4.0,36.0,1.0,Tabriz,0.0,1.0,1.0,26.4,1.9,5.5,170952
395.0,7.0,5.0,1.0,18.0,2.0,Qom,0.0,0.0,0.0,19.0,6.2,8.2,451541
366.0,7.0,5.0,2.0,38.0,2.0,Qom,0.0,0.0,,10.0,4.7,7.1,400668
272.0,5.0,5.0,3.0,1.0,1.0,Isfahan,1.0,0.0,1.0,31.6,4.8,5.4,317633
57.0,2.0,2.0,3.0,28.0,2.0,Isfahan,1.0,0.0,0.0,18.1,1.2,9.3,100000
282.0,5.0,5.0,2.0,41.0,0.0,Rasht,1.0,0.0,0.0,17.1,4.7,4.8,278862
101.0,1.0,1.0,2.0,34.0,0.0,Tehran,0.0,0.0,1.0,22.4,3.3,,130849
147.0,3.0,3.0,2.0,8.0,3.0,Tabriz,1.0,0.0,0.0,30.4,3.5,9.0,164562
417.0,7.0,5.0,4.0,42.0,2.0,Rasht,0.0,0.0,0.0,25.9,2.7,5.0,399554
273.0,,5.0,2.0,33.0,2.0,,0.0,0.0,1.0,24.9,3.5,5.0,214030
60.0,1.0,,4.0,32.0,3.0,Shiraz,1.0,0.0,0.0,20.2,8.9,5.0,100000
73.0,1.0,1.0,3.0,14.0,3.0,Rasht,1.0,0.0,0.0,17.0,4.2,6.5,100000
65.0,1.0,2.0,1.0,0.0,0.0,Qom,1.0,0.0,1.0,19.6,4.7,7.7,100000
207.0,4.0,4.0,4.0,16.0,2.0,Karaj,1.0,0.0,1.0,29.0,4.6,8.6,340992
141.0,3.0,3.0,1.0,41.0,0.0,Shiraz,0.0,0.0,0.0,17.0,4.7,4.0,100000
110.0,1.0,2.0,2.0,2.0,3.0,Tehran,0.0,1.0,0.0,30.9,4.1,8.4,367542
163.0,4.0,3.0,1.0,37.0,1.0,Karaj,0.0,0.0,1.0,6.5,3.2,6.6,279174
131.0,3.0,2.0,1.0,21.0,0.0,Rasht,1.0,0.0,0.0,0.6,8.0,7.8,188197
264.0,5.0,5.0,3.0,13.0,,Isfahan,,0.0,0.0,33.9,1.9,5.1,256379
252.0,4.0,5.0,2.0,43.0,1.0,Karaj,1.0,0.0,1.0,34.0,7.9,7.6,230706
205.0,3.0,2.0,3.0,40.0,1.0,Tabriz,1.0,0.0,1.0,23.2,4.7,8.7,165610
169.0,3.0,2.0,2.0,23.0,3.0,Karaj,0.0,0.0,0.0,34.4,,8.7,172734
188.0,,3.0,2.0,32.0,3.0,Mashhad,0.0,0.0,0.0,24.1,7.9,7.2,100000
297.0,5.0,5.0,3.0,40.0,3.0,Rasht,,,0.0,25.0,3.0,5.2,311887
318.0,6.0,5.0,3.0,0.0,3.0,Shiraz,0.0,0.0,1.0,18.8,4.8,7.8,587073
375.0,7.0,5.0,3.0,44.0,1.0,Tabriz,0.0,0.0,1.0,25.9,1.3,5.3,334221
388.0,7.0,5.0,4.0,43.0,2.0,Shiraz,1.0,0.0,1.0,32.1,1.6,4.5,448368
184.0,3.0,3.0,1.0,41.0,1.0,,0.0,0.0,0.0,6.9,5.1,7.1,160491
55.0,1.0,1.0,4.0,12.0,2.0,Tehran,1.0,0.0,0.0,28.8,5.5,5.6,100000
412.0,6.0,5.0,2.0,23.0,2.0,Mashhad,0.0,0.0,0.0,18.9,2.7,7.3,546610
64.0,,1.0,2.0,2.0,0.0,Shiraz,1.0,0.0,0.0,9.9,4.8,7.6,110308
261.0,5.0,5.0,4.0,9.0,1.0,Isfahan,1.0,0.0,1.0,13.1,1.1,5.8,409077
179.0,4.0,4.0,1.0,14.0,0.0,Rasht,1.0,1.0,0.0,1.5,7.5,8.6,327355
318.0,7.0,5.0,4.0,4.0,2.0,Tabriz,0.0,0.0,0.0,30.1,5.5,8.1,475401
400.0,7.0,,2.0,30.0,2.0,Tabriz,0.0,0.0,0.0,31.7,9.7,9.8,392724
60.0,1.0,1.0,4.0,7.0,2.0,Karaj,1.0,0.0,0.0,1.4,7.4,6.0,229080
184.0,4.0,3.0,2.0,38.0,3.0,Tehran,1.0,0.0,1.0,23.1,2.4,4.2,331997
72.0,1.0,1.0,4.0,24.0,0.0,Mashhad,1.0,0.0,0.0,8.8,9.8,7.9,100000
335.0,6.0,5.0,2.0,43.0,0.0,Isfahan,0.0,0.0,0.0,1.4,3.9,5.9,521111
225.0,5.0,4.0,3.0,15.0,0.0,Tabriz,0.0,0.0,0.0,18.5,1.5,9.1,275470
179.0,4.0,4.0,1.0,22.0,2.0,Isfahan,1.0,0.0,0.0,31.0,8.7,8.5,116620
285.0,4.0,3.0,2.0,14.0,0.0,Tabriz,1.0,0.0,1.0,30.7,3.0,7.5,289107
241.0,3.0,2.0,1.0,43.0,0.0,Isfahan,1.0,0.0,0.0,,5.2,,158064
349.0,7.0,5.0,4.0,37.0,2.0,Shiraz,1.0,0.0,0.0,32.7,6.3,5.0,317046
355.0,6.0,5.0,4.0,10.0,1.0,Qom,0.0,0.0,1.0,8.7,5.4,8.5,508218
378.0,7.0,5.0,3.0,28.0,0.0,Tabriz,0.0,0.0,0.0,13.2,9.2,5.8,387159
366.0,7.0,5.0,4.0,15.0,1.0,Tabriz,0.0,0.0,1.0,26.2,8.4,8.2,1923996
304.0,5.0,4.0,,38.0,3.0,Isfahan,1.0,0.0,1.0,8.0,2.2,9.2,466204
359.0,7.0,5.0,4.0,36.0,0.0,Tabriz,0.0,0.0,0.0,14.7,8.4,9.1,404788
179.0,2.0,2.0,1.0,22.0,1.0,Mashhad,0.0,0.0,1.0,10.0,6.3,8.6,281867
303.0,5.0,5.0,4.0,22.0,2.0,Mashhad,0.0,0.0,1.0,30.1,9.6,6.6,405807
125.0,2.0,2.0,2.0,30.0,0.0,Karaj,0.0,0.0,1.0,8.6,6.1,8.9,100000
361.0,6.0,5.0,1.0,37.0,2.0,Mashhad,0.0,0.0,1.0,14.5,3.0,7.9,490744
196.0,3.0,2.0,2.0,18.0,3.0,Shiraz,0.0,0.0,0.0,0.6,8.2,9.1,355316
92.0,2.0,3.0,1.0,23.0,0.0,Tehran,0.0,0.0,1.0,22.3,5.8,9.6,161241
153.0,2.0,2.0,2.0,31.0,1.0,Qom,0.0,0.0,0.0,22.9,6.0,7.3,100000
162.0,3.0,4.0,3.0,38.0,2.0,Shiraz,1.0,0.0,1.0,21.4,8.2,8.8,100000
61.0,1.0,1.0,3.0,35.0,1.0,Tehran,1.0,0.0,0.0,26.7,4.1,9.9,100000
336.0,5.0,5.0,4.0,11.0,2.0,Rasht,0.0,0.0,0.0,2.8,9.0,6.9,487875
50.0,1.0,1.0,1.0,33.0,2.0,Isfahan,0.0,0.0,1.0,8.8,9.4,8.5,100000
256.0,6.0,5.0,2.0,21.0,2.0,Tabriz,1.0,0.0,1.0,15.7,3.8,6.0,311613
406.0,7.0,5.0,3.0,30.0,0.0,Rasht,1.0,1.0,0.0,12.5,9.9,7.6,636036
111.0,2.0,2.0,2.0,33.0,2.0,Tabriz,0.0,0.0,0.0,4.7,9.7,6.6,100000
308.0,6.0,5.0,2.0,3.0,1.0,Isfahan,1.0,0.0,1.0,32.7,9.9,4.4,413218
305.0,5.0,5.0,3.0,36.0,0.0,Tehran,1.0,0.0,1.0,19.2,7.8,6.7,550103
299.0,5.0,4.0,1.0,13.0,0.0,Tehran,0.0,1.0,0.0,10.3,3.5,4.5,795462
278.0,5.0,5.0,4.0,20.0,2.0,Mashhad,0.0,0.0,0.0,7.0,7.3,6.6,448328
352.0,5.0,5.0,2.0,4.0,1.0,Karaj,0.0,0.0,0.0,30.5,2.3,7.9,537291
223.0,4.0,5.0,4.0,11.0,3.0,Mashhad,1.0,0.0,0.0,24.3,3.1,9.9,406528
72.0,1.0,2.0,3.0,20.0,0.0,Tabriz,0.0,0.0,1.0,34.3,1.5,9.8,100000
395.0,6.0,5.0,2.0,5.0,2.0,Tehran,0.0,0.0,0.0,7.2,2.9,6.2,916412
319.0,6.0,5.0,3.0,44.0,1.0,Rasht,1.0,0.0,1.0,5.2,3.3,7.1,427327
66.0,2.0,3.0,4.0,33.0,3.0,Tabriz,1.0,0.0,1.0,5.5,4.8,5.9,100000
61.0,1.0,1.0,3.0,3.0,3.0,Karaj,0.0,0.0,0.0,,4.2,5.1,100000
302.0,6.0,5.0,2.0,10.0,0.0,Shiraz,1.0,0.0,1.0,28.2,3.8,8.0,490699
149.0,3.0,3.0,4.0,3.0,3.0,Shiraz,1.0,0.0,0.0,16.3,6.2,6.8,307034
361.0,7.0,5.0,2.0,42.0,1.0,Rasht,0.0,0.0,1.0,5.8,7.6,5.8,447278
65.0,2.0,2.0,3.0,24.0,,Mashhad,0.0,1.0,1.0,9.5,3.2,4.4,156024
324.0,7.0,5.0,2.0,3.0,2.0,Isfahan,0.0,0.0,1.0,31.4,2.2,5.1,442474
188.0,3.0,4.0,1.0,,2.0,Mashhad,0.0,0.0,0.0,4.8,5.9,8.4,249645
256.0,6.0,5.0,2.0,42.0,2.0,Isfahan,0.0,0.0,1.0,24.8,7.3,4.5,201694
61.0,1.0,2.0,2.0,37.0,0.0,Rasht,0.0,0.0,1.0,17.1,1.7,5.3,100000
393.0,7.0,5.0,4.0,45.0,1.0,Mashhad,1.0,0.0,0.0,18.9,4.4,7.8,611750
76.0,2.0,2.0,1.0,19.0,3.0,Tabriz,1.0,0.0,1.0,2.5,9.5,8.0,163761
273.0,6.0,5.0,4.0,24.0,3.0,Isfahan,0.0,0.0,1.0,6.3,7.6,6.1,451499
,6.0,5.0,3.0,37.0,1.0,Tabriz,1.0,1.0,0.0,10.4,7.9,7.0,439837
408.0,7.0,5.0,3.0,11.0,0.0,Qom,1.0,0.0,1.0,32.5,4.3,9.0,423886
72.0,1.0,2.0,3.0,,3.0,Tabriz,1.0,0.0,1.0,23.6,2.6,5.2,100000
317.0,7.0,5.0,3.0,23.0,2.0,Qom,0.0,0.0,1.0,20.6,8.1,5.1,336582
327.0,7.0,5.0,2.0,43.0,1.0,Tabriz,0.0,0.0,1.0,28.0,8.6,5.0,304771
331.0,5.0,5.0,4.0,13.0,0.0,Mashhad,0.0,0.0,1.0,1.4,6.5,5.0,457191
390.0,7.0,5.0,3.0,23.0,3.0,Isfahan,0.0,0.0,0.0,14.5,7.8,7.3,667777
308.0,7.0,5.0,4.0,20.0,2.0,Rasht,1.0,0.0,0.0,5.5,1.3,9.7,613920
68.0,1.0,2.0,3.0,31.0,3.0,Isfahan,0.0,0.0,1.0,0.7,2.2,8.1,224792
83.0,3.0,3.0,4.0,,,Tehran,0.0,0.0,1.0,34.1,2.4,4.6,100000
321.0,6.0,5.0,2.0,24.0,,Qom,0.0,0.0,0.0,17.6,2.4,5.4,381907
149.0,4.0,4.0,3.0,37.0,2.0,Mashhad,,0.0,1.0,34.5,1.8,9.1,170677
98.0,3.0,3.0,2.0,8.0,0.0,Shiraz,0.0,0.0,1.0,23.4,7.4,6.6,138187
221.0,5.0,5.0,2.0,27.0,1.0,Qom,0.0,0.0,0.0,14.4,4.4,6.2,176512
287.0,6.0,5.0,3.0,,0.0,Isfahan,0.0,0.0,0.0,9.1,9.4,8.0,383508
383.0,7.0,5.0,1.0,40.0,0.0,Tabriz,1.0,0.0,0.0,8.5,2.6,9.0,500098
292.0,6.0,5.0,1.0,37.0,1.0,Tabriz,0.0,0.0,0.0,6.6,5.9,6.9,257137
49.0,2.0,2.0,4.0,37.0,0.0,Isfahan,0.0,0.0,1.0,34.4,1.8,9.1,100000
365.0,7.0,5.0,3.0,0.0,3.0,Shiraz,0.0,0.0,1.0,17.5,4.4,,571000
,7.0,5.0,4.0,0.0,3.0,Qom,0.0,0.0,0.0,25.4,5.1,7.8,387843
131.0,3.0,3.0,4.0,16.0,2.0,Qom,1.0,0.0,0.0,15.4,10.0,5.9,100000
403.0,7.0,5.0,4.0,32.0,2.0,Rasht,0.0,0.0,0.0,17.8,7.3,6.1,450779
90.0,3.0,3.0,2.0,39.0,1.0,Qom,1.0,0.0,1.0,20.9,7.6,8.0,100000
128.0,3.0,3.0,1.0,23.0,1.0,Tehran,0.0,0.0,0.0,28.3,8.6,7.8,100000
219.0,4.0,4.0,3.0,35.0,2.0,Mashhad,1.0,0.0,1.0,32.9,3.0,9.9,263900
255.0,5.0,5.0,3.0,26.0,1.0,Shiraz,0.0,0.0,0.0,22.0,2.0,5.2,350977
196.0,5.0,5.0,4.0,14.0,3.0,Qom,0.0,0.0,0.0,20.7,1.3,4.9,199676
84.0,3.0,3.0,2.0,0.0,2.0,Tehran,1.0,0.0,1.0,1.1,4.1,5.7,354794
353.0,5.0,5.0,1.0,6.0,3.0,Isfahan,0.0,0.0,1.0,9.5,8.5,4.6,559813
195.0,4.0,4.0,3.0,39.0,2.0,Isfahan,0.0,0.0,0.0,22.1,1.4,6.4,181083
316.0,7.0,5.0,2.0,2.0,1.0,Shiraz,1.0,0.0,1.0,25.2,5.1,4.6,548195
395.0,7.0,5.0,3.0,31.0,0.0,Rasht,1.0,0.0,0.0,5.1,8.8,5.0,469544
252.0,6.0,5.0,2.0,21.0,2.0,Mashhad,0.0,0.0,1.0,32.5,3.7,6.9,384183
286.0,6.0,5.0,2.0,5.0,2.0,Isfahan,1.0,0.0,1.0,7.6,6.0,4.1,541224
285.0,4.0,5.0,1.0,38.0,2.0,Tabriz,0.0,0.0,1.0,2.3,7.1,5.9,312513
154.0,3.0,3.0,1.0,36.0,1.0,Tabriz,0.0,0.0,1.0,13.2,2.3,9.2,100000
88.0,1.0,1.0,4.0,35.0,2.0,Mashhad,0.0,0.0,0.0,9.6,8.5,6.7,100000
,1.0,1.0,4.0,3.0,0.0,Tehran,0.0,0.0,0.0,20.7,3.7,6.1,100000
377.0,6.0,5.0,3.0,31.0,3.0,Shiraz,1.0,0.0,0.0,23.5,7.1,4.7,420072
366.0,6.0,5.0,,29.0,3.0,Tehran,1.0,0.0,0.0,33.0,7.0,6.7,685398
194.0,4.0,5.0,1.0,9.0,3.0,Tehran,0.0,0.0,1.0,27.4,9.0,8.1,315318
,7.0,5.0,4.0,4.0,0.0,Karaj,0.0,0.0,0.0,,1.1,4.5,516989
293.0,6.0,,3.0,34.0,1.0,Karaj,0.0,0.0,0.0,11.3,8.2,6.5,383092
182.0,3.0,3.0,4.0,40.0,2.0,Karaj,0.0,1.0,0.0,14.9,2.0,7.8,267688
59.0,1.0,1.0,2.0,13.0,3.0,Shiraz,1.0,0.0,1.0,2.0,8.6,5.7,130373
381.0,6.0,5.0,4.0,43.0,1.0,Mashhad,0.0,0.0,1.0,33.3,1.7,4.6,493291
124.0,1.0,2.0,4.0,35.0,3.0,Isfahan,0.0,0.0,1.0,18.9,8.2,5.7,100000
123.0,1.0,2.0,1.0,2.0,1.0,Qom,1.0,0.0,1.0,23.2,2.3,4.3,100000
336.0,7.0,5.0,3.0,26.0,3.0,Karaj,0.0,0.0,0.0,11.9,7.6,4.1,510220
213.0,,4.0,3.0,41.0,0.0,Mashhad,0.0,0.0,0.0,29.3,3.0,7.4,148328
83.0,1.0,2.0,4.0,5.0,2.0,,1.0,0.0,0.0,28.8,8.8,9.8,100000
121.0,1.0,1.0,2.0,16.0,2.0,Qom,1.0,0.0,0.0,3.6,4.7,9.6,178034
404.0,7.0,5.0,4.0,15.0,3.0,Rasht,0.0,0.0,,12.9,2.4,8.6,615533
108.0,3.0,3.0,1.0,26.0,0.0,Karaj,1.0,0.0,0.0,30.0,8.2,5.0,100000
317.0,5.0,5.0,1.0,36.0,2.0,Tabriz,0.0,0.0,0.0,4.6,6.9,,451020
343.0,7.0,5.0,2.0,12.0,1.0,Qom,0.0,0.0,0.0,10.5,3.4,4.2,451231
176.0,4.0,3.0,2.0,4.0,1.0,Qom,0.0,0.0,1.0,31.1,3.5,6.4,182093
396.0,7.0,5.0,4.0,8.0,1.0,Mashhad,0.0,0.0,0.0,,9.5,7.1,596326
405.0,7.0,5.0,1.0,16.0,3.0,Shiraz,,0.0,0.0,2.5,7.6,4.6,597324
117.0,1.0,1.0,4.0,31.0,3.0,Shiraz,0.0,0.0,0.0,27.9,8.0,5.2,100000
269.0,5.0,5.0,4.0,20.0,,Shiraz,0.0,0.0,0.0,32.0,3.2,8.0,390698
125.0,3.0,3.0,4.0,37.0,0.0,Shiraz,1.0,1.0,0.0,10.8,4.3,6.7,141319
407.0,7.0,5.0,1.0,12.0,0.0,Karaj,0.0,0.0,0.0,6.5,3.7,8.6,740017
128.0,3.0,3.0,2.0,43.0,1.0,Rasht,0.0,0.0,1.0,27.0,5.4,5.7,400000
218.0,4.0,4.0,2.0,10.0,3.0,Mashhad,1.0,,1.0,7.1,9.4,5.5,504825
404.0,6.0,5.0,1.0,2.0,1.0,Isfahan,0.0,0.0,0.0,34.7,2.8,9.0,474766
282.0,4.0,4.0,4.0,8.0,1.0,Tabriz,1.0,0.0,1.0,18.1,9.3,8.1,376053
56.0,1.0,1.0,1.0,43.0,1.0,Mashhad,1.0,0.0,0.0,3.8,7.4,9.9,100000
395.0,7.0,5.0,4.0,14.0,3.0,Tabriz,0.0,0.0,0.0,15.3,9.4,4.1,441578
68.0,1.0,1.0,1.0,16.0,2.0,Tabriz,0.0,0.0,1.0,9.0,5.5,4.5,100000
352.0,5.0,4.0,1.0,27.0,3.0,Tehran,1.0,0.0,1.0,16.6,7.1,7.6,672126
74.0,1.0,1.0,2.0,31.0,0.0,Shiraz,1.0,0.0,1.0,34.4,1.9,6.8,100000
320.0,5.0,5.0,4.0,31.0,2.0,Tabriz,0.0,0.0,1.0,27.4,1.1,6.3,257470
54.0,1.0,1.0,2.0,27.0,1.0,Rasht,0.0,0.0,0.0,7.1,1.3,8.6,100000
255.0,5.0,5.0,2.0,19.0,0.0,Mashhad,0.0,0.0,0.0,31.8,7.4,7.2,340825
152.0,4.0,4.0,3.0,32.0,2.0,Qom,0.0,0.0,1.0,6.9,8.2,4.1,267773
119.0,3.0,3.0,1.0,8.0,0.0,Isfahan,0.0,0.0,0.0,8.5,9.0,7.7,244949
137.0,1.0,1.0,3.0,16.0,1.0,Tehran,1.0,0.0,1.0,7.9,3.1,4.8,251702
182.0,4.0,4.0,3.0,26.0,2.0,Karaj,0.0,0.0,1.0,13.2,5.1,4.1,207423
103.0,3.0,3.0,3.0,7.0,0.0,Mashhad,0.0,1.0,1.0,18.9,4.3,5.1,175280
188.0,2.0,3.0,2.0,3.0,3.0,Mashhad,0.0,0.0,0.0,6.7,4.9,8.1,320057
373.0,7.0,5.0,1.0,35.0,2.0,Karaj,1.0,0.0,0.0,33.9,4.2,6.1,517776
383.0,7.0,5.0,3.0,44.0,2.0,Shiraz,1.0,0.0,1.0,3.1,1.0,7.4,674332
209.0,5.0,5.0,3.0,41.0,1.0,Tehran,0.0,0.0,0.0,3.4,7.2,6.0,385349
343.0,6.0,5.0,,40.0,2.0,Tehran,1.0,0.0,1.0,8.6,5.9,5.4,748543
309.0,6.0,5.0,1.0,25.0,0.0,Isfahan,0.0,0.0,1.0,23.8,1.0,6.2,418421
351.0,6.0,5.0,2.0,14.0,3.0,Tabriz,0.0,0.0,1.0,2.1,6.6,9.9,615454
243.0,3.0,3.0,2.0,12.0,0.0,Qom,0.0,0.0,1.0,9.5,7.8,5.2,199405
270.0,5.0,4.0,2.0,37.0,2.0,Qom,0.0,0.0,1.0,4.0,8.1,6.0,292592
276.0,4.0,4.0,4.0,37.0,2.0,Tehran,0.0,0.0,0.0,19.6,8.0,4.2,486387
255.0,4.0,4.0,2.0,19.0,2.0,Mashhad,0.0,0.0,1.0,28.9,1.5,6.9,258352
205.0,,3.0,3.0,39.0,0.0,Tehran,0.0,0.0,0.0,34.7,5.1,5.0,194976
291.0,4.0,5.0,2.0,27.0,2.0,Isfahan,1.0,0.0,0.0,15.7,2.5,9.2,549399
84.0,3.0,2.0,1.0,16.0,2.0,Tabriz,1.0,1.0,1.0,10.2,4.7,6.3,235255
387.0,6.0,5.0,4.0,44.0,,Karaj,1.0,0.0,1.0,30.4,4.0,7.2,478408
,5.0,4.0,2.0,44.0,1.0,Qom,0.0,0.0,0.0,14.1,6.3,5.2,223715
65.0,1.0,1.0,4.0,16.0,0.0,Qom,0.0,0.0,0.0,30.3,2.0,5.1,100000
197.0,4.0,4.0,4.0,17.0,1.0,Rasht,1.0,0.0,1.0,6.2,3.4,9.8,464200
370.0,6.0,5.0,1.0,32.0,1.0,Qom,0.0,0.0,0.0,3.1,5.9,5.1,398589
314.0,6.0,5.0,1.0,31.0,3.0,Tabriz,0.0,0.0,1.0,20.5,7.5,9.3,418373
209.0,4.0,3.0,2.0,28.0,3.0,Qom,0.0,0.0,0.0,17.3,8.8,4.8,100000
250.0,6.0,5.0,3.0,40.0,3.0,Tabriz,0.0,0.0,0.0,9.7,,6.6,206599
226.0,3.0,3.0,2.0,1.0,2.0,Tabriz,0.0,1.0,0.0,7.0,3.6,7.6,424061
257.0,5.0,5.0,2.0,14.0,3.0,Karaj,0.0,0.0,0.0,20.5,6.7,4.9,381434
299.0,6.0,5.0,1.0,42.0,2.0,Rasht,0.0,0.0,1.0,18.9,3.6,8.5,444310
292.0,5.0,4.0,1.0,17.0,0.0,Rasht,0.0,,1.0,31.8,8.8,5.8,138233
246.0,5.0,5.0,2.0,38.0,2.0,Tehran,0.0,0.0,0.0,23.9,7.8,8.8,451149
397.0,7.0,5.0,,26.0,1.0,Tabriz,0.0,0.0,0.0,11.4,3.2,9.4,486979
390.0,7.0,5.0,1.0,22.0,2.0,Isfahan,0.0,1.0,0.0,12.2,2.8,9.3,727973
158.0,3.0,3.0,4.0,20.0,3.0,,1.0,0.0,1.0,27.1,9.6,9.6,155210
151.0,3.0,4.0,3.0,36.0,3.0,Isfahan,0.0,0.0,0.0,13.2,2.3,6.9,140656
213.0,3.0,3.0,3.0,18.0,0.0,Shiraz,0.0,,0.0,30.6,3.6,9.8,273045
263.0,4.0,5.0,2.0,18.0,3.0,,0.0,1.0,1.0,14.1,8.6,5.4,498224
,7.0,5.0,3.0,32.0,0.0,Shiraz,0.0,0.0,0.0,0.7,2.0,8.8,636807
94.0,1.0,1.0,3.0,45.0,3.0,Mashhad,0.0,0.0,0.0,5.3,7.7,4.9,100000
170.0,2.0,2.0,1.0,41.0,3.0,Karaj,0.0,1.0,1.0,33.3,6.1,8.6,139912
190.0,3.0,3.0,4.0,27.0,1.0,Tehran,1.0,0.0,1.0,5.6,6.0,4.9,462691
214.0,3.0,4.0,3.0,21.0,3.0,Shiraz,1.0,0.0,1.0,19.4,7.5,4.5,307726
319.0,5.0,4.0,2.0,3.0,2.0,Qom,1.0,0.0,1.0,24.5,5.1,6.5,397922
352.0,5.0,5.0,,38.0,1.0,Karaj,0.0,0.0,0.0,24.6,1.3,8.3,452075
293.0,6.0,5.0,1.0,4.0,2.0,Tehran,1.0,1.0,1.0,11.0,9.1,6.2,724590
203.0,5.0,5.0,4.0,22.0,1.0,Tehran,1.0,0.0,0.0,18.7,5.0,5.4,427555
189.0,3.0,4.0,4.0,30.0,2.0,Tehran,0.0,0.0,0.0,22.4,,6.7,405540
166.0,2.0,2.0,1.0,11.0,,Rasht,1.0,0.0,0.0,33.0,3.4,5.7,192801
205.0,5.0,5.0,1.0,3.0,,Karaj,0.0,0.0,1.0,,4.7,6.4,354559
61.0,2.0,1.0,4.0,12.0,3.0,Tabriz,0.0,0.0,0.0,15.4,3.5,6.6,100000
361.0,7.0,5.0,4.0,25.0,1.0,Qom,0.0,0.0,,34.6,6.1,4.2,533360
187.0,3.0,2.0,1.0,45.0,0.0,Tehran,1.0,0.0,0.0,4.3,7.2,5.2,291832
381.0,6.0,5.0,1.0,13.0,1.0,Isfahan,0.0,0.0,0.0,10.7,5.2,9.0,634634
305.0,7.0,5.0,3.0,18.0,2.0,Isfahan,0.0,0.0,1.0,6.9,2.2,6.8,612436
261.0,6.0,5.0,4.0,26.0,3.0,Tabriz,1.0,0.0,0.0,17.4,1.6,5.2,439205
115.0,1.0,1.0,4.0,18.0,3.0,Karaj,0.0,0.0,0.0,12.8,2.6,9.0,168613
214.0,4.0,4.0,3.0,12.0,1.0,Isfahan,0.0,0.0,1.0,31.9,5.3,4.7,100000
224.0,4.0,3.0,4.0,18.0,1.0,Isfahan,0.0,0.0,0.0,30.6,4.9,5.9,199474
227.0,4.0,4.0,1.0,34.0,0.0,Tehran,0.0,0.0,0.0,24.3,7.8,9.6,412242
233.0,3.0,3.0,2.0,10.0,0.0,Isfahan,0.0,0.0,0.0,29.0,3.0,4.3,199816
161.0,3.0,4.0,4.0,45.0,1.0,Karaj,0.0,0.0,1.0,15.1,6.7,4.4,164066
174.0,2.0,3.0,1.0,14.0,3.0,Tabriz,0.0,0.0,1.0,16.2,7.7,8.8,230719
139.0,2.0,1.0,2.0,4.0,0.0,Qom,0.0,1.0,1.0,33.6,4.3,7.2,100000
253.0,6.0,5.0,4.0,34.0,2.0,Qom,,0.0,1.0,7.6,8.6,5.5,241983
197.0,5.0,4.0,2.0,29.0,3.0,Rasht,0.0,0.0,0.0,3.5,9.3,9.4,256251
178.0,3.0,3.0,4.0,39.0,3.0,,0.0,0.0,1.0,1.2,8.3,6.6,284469
91.0,3.0,3.0,4.0,12.0,2.0,Shiraz,0.0,0.0,0.0,25.9,3.3,4.5,100000
363.0,7.0,5.0,2.0,0.0,3.0,Shiraz,0.0,0.0,1.0,17.8,5.7,8.1,555849
277.0,5.0,5.0,1.0,27.0,2.0,Karaj,1.0,0.0,0.0,,9.9,6.1,312003
238.0,5.0,5.0,3.0,42.0,1.0,Karaj,,0.0,0.0,1.1,2.0,7.8,469825
406.0,7.0,,1.0,42.0,1.0,Rasht,0.0,0.0,0.0,9.8,2.0,5.3,461124
210.0,4.0,3.0,3.0,29.0,3.0,Karaj,0.0,1.0,0.0,10.7,3.3,8.2,454398
359.0,7.0,5.0,2.0,27.0,3.0,Rasht,1.0,0.0,1.0,28.9,4.8,5.2,483815
206.0,5.0,4.0,2.0,30.0,0.0,,0.0,0.0,1.0,20.7,8.6,6.5,155416
355.0,6.0,5.0,2.0,42.0,0.0,Tehran,0.0,0.0,1.0,7.8,5.5,5.4,769283
81.0,2.0,1.0,2.0,43.0,3.0,Qom,0.0,0.0,0.0,20.9,1.4,5.8,100000
186.0,2.0,2.0,2.0,33.0,3.0,Karaj,0.0,0.0,0.0,27.4,6.7,9.5,123148
318.0,5.0,4.0,,29.0,0.0,Isfahan,1.0,0.0,0.0,24.5,9.1,6.4,306797
187.0,2.0,1.0,4.0,14.0,3.0,Shiraz,1.0,0.0,1.0,14.2,8.2,9.0,212487
178.0,2.0,2.0,3.0,0.0,0.0,Isfahan,0.0,0.0,1.0,0.7,6.0,9.9,335039
352.0,6.0,5.0,,22.0,0.0,Karaj,0.0,0.0,0.0,16.1,1.6,5.4,540572
275.0,5.0,4.0,3.0,7.0,0.0,Mashhad,1.0,0.0,0.0,26.1,1.8,7.1,336177
71.0,2.0,2.0,3.0,5.0,1.0,Mashhad,0.0,,0.0,29.7,4.0,5.2,100000
131.0,1.0,1.0,2.0,16.0,0.0,Qom,0.0,0.0,0.0,26.2,2.8,4.4,100000
297.0,6.0,5.0,1.0,36.0,2.0,Qom,0.0,0.0,0.0,,7.9,6.3,153026
408.0,7.0,5.0,3.0,0.0,3.0,Mashhad,0.0,0.0,1.0,18.9,6.5,5.0,638869
370.0,7.0,5.0,1.0,4.0,0.0,Mashhad,0.0,1.0,0.0,11.4,5.3,8.1,770973
113.0,1.0,1.0,1.0,22.0,0.0,Isfahan,0.0,0.0,0.0,23.5,3.1,4.4,100000
133.0,1.0,2.0,,39.0,1.0,Rasht,1.0,0.0,0.0,3.4,9.1,6.0,100000
304.0,6.0,5.0,1.0,23.0,0.0,Rasht,0.0,0.0,0.0,6.9,4.7,4.5,384290
303.0,6.0,5.0,1.0,42.0,1.0,Karaj,0.0,,1.0,24.2,8.6,10.0,306860
267.0,6.0,5.0,3.0,25.0,3.0,Karaj,1.0,0.0,0.0,9.1,5.4,4.9,557749
348.0,6.0,5.0,3.0,18.0,1.0,Shiraz,0.0,0.0,1.0,2.2,2.1,6.1,693101
252.0,6.0,5.0,2.0,12.0,3.0,Mashhad,1.0,0.0,0.0,23.0,3.1,,563660
350.0,7.0,5.0,1.0,42.0,1.0,Shiraz,1.0,1.0,0.0,3.1,2.7,7.0,654164
214.0,3.0,3.0,1.0,8.0,0.0,Tehran,0.0,0.0,0.0,11.2,4.0,8.8,466122
378.0,7.0,5.0,1.0,3.0,2.0,Tehran,1.0,0.0,1.0,22.8,6.5,7.9,930511
93.0,1.0,1.0,2.0,23.0,0.0,Qom,0.0,1.0,0.0,6.7,5.5,8.4,202297
157.0,4.0,5.0,3.0,38.0,1.0,Tabriz,1.0,1.0,0.0,,5.8,8.4,322554
308.0,6.0,5.0,1.0,45.0,3.0,Tabriz,0.0,0.0,1.0,2.2,6.8,9.8,409459
307.0,5.0,5.0,3.0,39.0,0.0,Qom,0.0,0.0,1.0,2.0,1.3,7.6,342424
227.0,3.0,4.0,4.0,35.0,3.0,Tehran,0.0,0.0,0.0,2.2,3.1,7.6,506395
264.0,6.0,5.0,3.0,25.0,2.0,,0.0,0.0,1.0,7.5,5.8,5.7,517625
240.0,4.0,5.0,4.0,13.0,0.0,Mashhad,0.0,0.0,1.0,27.5,5.4,4.8,245313
151.0,3.0,2.0,2.0,11.0,2.0,Tehran,0.0,0.0,1.0,15.2,3.4,7.9,371190
97.0,3.0,2.0,3.0,44.0,1.0,Isfahan,0.0,1.0,0.0,31.7,9.7,9.8,100000
291.0,4.0,4.0,2.0,39.0,0.0,Karaj,1.0,1.0,1.0,30.9,5.5,5.6,401237
57.0,2.0,1.0,4.0,44.0,1.0,Shiraz,0.0,0.0,0.0,34.4,7.3,6.9,100000
338.0,5.0,5.0,2.0,33.0,1.0,Isfahan,1.0,0.0,0.0,5.5,6.0,8.6,461037
317.0,6.0,5.0,1.0,3.0,1.0,Rasht,0.0,0.0,1.0,1.7,9.1,6.7,500025
416.0,7.0,5.0,1.0,8.0,2.0,Shiraz,0.0,0.0,1.0,34.2,9.9,5.5,497950
339.0,5.0,5.0,4.0,16.0,0.0,Tabriz,0.0,0.0,0.0,10.3,9.9,6.6,387557
83.0,3.0,2.0,3.0,0.0,3.0,,1.0,0.0,1.0,16.2,4.3,4.9,215143
389.0,6.0,5.0,4.0,11.0,2.0,Tabriz,0.0,0.0,1.0,4.5,4.8,7.0,470603
116.0,3.0,3.0,3.0,28.0,2.0,Tabriz,0.0,0.0,0.0,27.2,7.8,7.4,100000
325.0,7.0,5.0,,23.0,0.0,Tabriz,0.0,0.0,0.0,10.1,1.3,6.6,409096
379.0,6.0,5.0,2.0,36.0,1.0,Rasht,0.0,0.0,1.0,8.8,7.8,5.9,448241
195.0,,5.0,3.0,22.0,2.0,Karaj,0.0,0.0,0.0,28.9,8.2,7.6,237288
208.0,4.0,4.0,1.0,35.0,1.0,Tabriz,1.0,0.0,0.0,22.0,7.7,6.3,168926
356.0,7.0,5.0,3.0,40.0,3.0,Rasht,0.0,0.0,0.0,32.8,7.4,5.3,347914
315.0,7.0,5.0,1.0,44.0,3.0,Mashhad,1.0,0.0,0.0,16.7,8.5,7.5,461914
296.0,4.0,4.0,2.0,4.0,1.0,Karaj,0.0,0.0,0.0,4.4,4.2,7.6,603452
,4.0,4.0,4.0,,0.0,Shiraz,0.0,0.0,1.0,3.3,6.3,8.4,592943
131.0,2.0,1.0,1.0,16.0,3.0,Rasht,0.0,0.0,1.0,8.0,4.0,8.1,238397
260.0,5.0,5.0,2.0,8.0,3.0,Karaj,0.0,0.0,0.0,8.3,7.9,4.9,503610
235.0,3.0,2.0,4.0,25.0,0.0,Karaj,1.0,0.0,0.0,19.9,2.3,5.7,277037
144.0,4.0,3.0,4.0,27.0,3.0,Tabriz,0.0,0.0,0.0,15.1,2.3,5.8,180513
383.0,6.0,5.0,3.0,31.0,1.0,Mashhad,0.0,0.0,1.0,22.7,4.1,9.4,583520
87.0,2.0,2.0,2.0,31.0,1.0,Tabriz,0.0,0.0,0.0,16.7,1.8,8.8,122536
114.0,1.0,1.0,4.0,36.0,0.0,Qom,0.0,0.0,1.0,11.4,3.0,4.6,100000
207.0,3.0,2.0,1.0,,2.0,Karaj,,0.0,0.0,23.6,3.0,5.8,161702
,1.0,2.0,2.0,39.0,3.0,Rasht,1.0,0.0,1.0,16.3,8.5,6.5,100000
118.0,3.0,3.0,3.0,30.0,2.0,Shiraz,,0.0,1.0,14.4,4.1,4.1,197884
73.0,1.0,1.0,4.0,30.0,3.0,Mashhad,1.0,0.0,1.0,32.2,6.0,8.9,100000
121.0,,1.0,3.0,36.0,0.0,Rasht,1.0,0.0,0.0,9.8,5.4,5.8,100000
267.0,6.0,5.0,4.0,29.0,1.0,Tehran,0.0,0.0,1.0,31.4,3.2,4.4,627137
124.0,3.0,3.0,1.0,1.0,2.0,Isfahan,0.0,1.0,1.0,18.5,1.6,7.6,317220
66.0,2.0,2.0,4.0,44.0,2.0,Isfahan,0.0,0.0,0.0,20.6,1.7,6.0,100000
111.0,3.0,2.0,2.0,16.0,3.0,Tabriz,0.0,0.0,1.0,1.5,2.6,4.3,310218
356.0,6.0,5.0,2.0,36.0,2.0,Shiraz,0.0,0.0,1.0,24.7,5.3,8.4,413579
197.0,4.0,4.0,4.0,6.0,0.0,Rasht,0.0,0.0,0.0,0.5,1.7,9.0,358809
328.0,5.0,5.0,2.0,33.0,3.0,Tehran,1.0,1.0,1.0,5.4,4.7,8.2,872727
373.0,7.0,5.0,1.0,43.0,0.0,Tehran,0.0,0.0,0.0,21.0,6.1,7.3,766349
62.0,1.0,1.0,3.0,29.0,3.0,Tabriz,1.0,0.0,0.0,8.0,8.8,7.0,100000
319.0,6.0,5.0,1.0,20.0,3.0,Karaj,0.0,0.0,,,6.5,6.8,403761
392.0,7.0,5.0,3.0,1.0,1.0,Mashhad,0.0,0.0,0.0,26.7,1.0,8.1,652878
110.0,1.0,1.0,2.0,19.0,2.0,Tabriz,0.0,0.0,0.0,4.6,8.0,9.9,121455
294.0,6.0,5.0,4.0,29.0,2.0,Isfahan,0.0,0.0,1.0,16.4,8.7,8.4,343131
162.0,3.0,3.0,2.0,7.0,1.0,Mashhad,1.0,1.0,0.0,31.6,4.6,6.5,307442
80.0,2.0,2.0,3.0,27.0,1.0,Mashhad,0.0,0.0,1.0,31.8,9.9,6.7,100000
341.0,5.0,4.0,3.0,9.0,3.0,Tehran,0.0,0.0,0.0,9.5,5.3,4.1,735384
241.0,5.0,5.0,1.0,36.0,3.0,Isfahan,0.0,0.0,0.0,9.3,8.3,8.2,370621
347.0,5.0,5.0,4.0,19.0,2.0,Qom,0.0,0.0,0.0,7.1,4.5,9.4,440411
414.0,7.0,5.0,2.0,3.0,1.0,Tabriz,1.0,0.0,1.0,23.9,3.3,8.8,483359
303.0,5.0,5.0,2.0,11.0,3.0,Tehran,1.0,0.0,1.0,10.6,5.2,9.1,757171
320.0,5.0,5.0,2.0,37.0,2.0,Shiraz,1.0,1.0,0.0,33.5,6.1,6.9,357934
376.0,7.0,5.0,1.0,8.0,1.0,Karaj,0.0,0.0,1.0,19.6,8.0,4.3,614302
147.0,4.0,5.0,,29.0,2.0,Tehran,0.0,0.0,1.0,28.5,6.9,6.9,263655
224.0,4.0,5.0,3.0,4.0,1.0,Shiraz,0.0,0.0,0.0,,2.2,,373591
140.0,4.0,4.0,4.0,13.0,2.0,Rasht,0.0,0.0,0.0,32.8,1.8,8.0,158870
50.0,1.0,1.0,3.0,42.0,1.0,Shiraz,0.0,0.0,0.0,15.5,4.2,4.6,100000
259.0,5.0,5.0,3.0,26.0,3.0,Rasht,0.0,0.0,0.0,11.5,9.0,7.6,387180
158.0,2.0,3.0,3.0,14.0,3.0,Qom,0.0,1.0,1.0,30.2,5.4,7.8,149360
100.0,2.0,1.0,4.0,28.0,2.0,Mashhad,0.0,0.0,0.0,12.4,3.9,4.6,100000
84.0,2.0,3.0,3.0,39.0,1.0,,0.0,0.0,0.0,13.6,3.1,8.2,100000
,4.0,3.0,2.0,18.0,2.0,Tehran,0.0,0.0,0.0,5.0,8.4,8.9,454960
222.0,3.0,3.0,4.0,27.0,0.0,Rasht,1.0,0.0,1.0,30.3,3.3,6.3,182533
309.0,5.0,4.0,1.0,18.0,2.0,Karaj,1.0,0.0,0.0,33.0,8.8,6.6,358825
45.0,1.0,1.0,3.0,24.0,3.0,Shiraz,0.0,0.0,0.0,6.6,5.5,7.2,100000
99.0,3.0,,1.0,45.0,3.0,Shiraz,0.0,0.0,1.0,29.4,5.3,4.2,100000
387.0,7.0,5.0,2.0,9.0,1.0,Qom,0.0,0.0,0.0,8.0,9.9,6.7,475205
89.0,1.0,1.0,1.0,19.0,1.0,Tabriz,0.0,0.0,0.0,,2.4,5.0,100000
385.0,7.0,5.0,1.0,32.0,2.0,Tehran,1.0,0.0,1.0,32.4,3.9,6.9,776958
401.0,6.0,5.0,4.0,40.0,0.0,Qom,1.0,0.0,0.0,18.2,3.2,8.1,380114
399.0,7.0,5.0,1.0,9.0,3.0,Shiraz,1.0,0.0,0.0,2.3,4.1,,686929
49.0,1.0,1.0,1.0,18.0,2.0,Shiraz,1.0,0.0,0.0,31.1,2.0,7.0,100000
131.0,3.0,4.0,3.0,28.0,0.0,Isfahan,1.0,0.0,1.0,1.8,8.4,7.8,205368
109.0,2.0,2.0,2.0,8.0,2.0,Rasht,0.0,0.0,0.0,27.0,5.0,5.5,100000
369.0,6.0,5.0,1.0,15.0,1.0,Qom,0.0,0.0,0.0,17.2,7.9,7.2,330372
163.0,3.0,3.0,4.0,38.0,1.0,Isfahan,0.0,0.0,1.0,10.7,9.3,7.6,120500
316.0,5.0,5.0,3.0,31.0,,Isfahan,0.0,0.0,0.0,25.8,2.4,6.2,333490
318.0,5.0,5.0,1.0,3.0,2.0,Mashhad,0.0,0.0,1.0,29.4,6.0,6.9,352251
59.0,1.0,1.0,2.0,45.0,3.0,Mashhad,1.0,0.0,1.0,19.5,4.3,,100000
261.0,5.0,5.0,1.0,30.0,2.0,Rasht,0.0,0.0,0.0,28.0,8.3,7.7,228403
292.0,5.0,5.0,2.0,44.0,3.0,Tabriz,0.0,0.0,,3.2,9.8,4.4,351424
355.0,7.0,5.0,3.0,33.0,3.0,Isfahan,1.0,0.0,1.0,16.2,8.9,6.7,433719
78.0,1.0,1.0,4.0,30.0,0.0,Mashhad,0.0,0.0,1.0,21.7,4.1,5.8,100000
145.0,2.0,2.0,3.0,12.0,1.0,Mashhad,0.0,0.0,0.0,34.3,4.2,7.7,100000
94.0,2.0,1.0,2.0,30.0,3.0,Qom,1.0,0.0,1.0,17.5,2.6,5.7,100000
119.0,1.0,1.0,4.0,35.0,0.0,Karaj,1.0,0.0,1.0,6.0,6.6,6.8,123015
141.0,3.0,2.0,3.0,12.0,1.0,Tabriz,1.0,0.0,1.0,31.8,1.0,9.8,122628
242.0,4.0,4.0,2.0,41.0,0.0,Shiraz,0.0,0.0,1.0,29.2,2.1,4.3,113181
394.0,7.0,5.0,1.0,7.0,1.0,Karaj,1.0,0.0,0.0,30.3,3.4,4.8,633622
342.0,5.0,,1.0,15.0,2.0,Mashhad,1.0,0.0,1.0,14.1,3.0,4.2,561112
99.0,1.0,2.0,1.0,14.0,1.0,Shiraz,0.0,1.0,1.0,24.1,2.3,5.3,113043
249.0,5.0,5.0,1.0,40.0,0.0,Qom,1.0,0.0,0.0,11.9,5.9,6.9,284677
284.0,5.0,5.0,1.0,27.0,3.0,Rasht,0.0,0.0,1.0,2.9,8.8,7.5,394111
243.0,5.0,5.0,1.0,39.0,1.0,Qom,0.0,0.0,,4.7,2.4,9.7,280445
114.0,1.0,2.0,3.0,25.0,3.0,Isfahan,,0.0,1.0,11.7,9.0,7.8,168352
417.0,7.0,5.0,2.0,19.0,0.0,Tabriz,1.0,1.0,1.0,17.3,4.0,8.2,598874
286.0,6.0,5.0,4.0,7.0,1.0,Karaj,1.0,0.0,0.0,31.3,3.6,4.5,330083
283.0,6.0,5.0,1.0,38.0,2.0,Mashhad,1.0,0.0,0.0,24.3,8.2,8.9,391243
214.0,4.0,4.0,2.0,41.0,0.0,Mashhad,0.0,0.0,0.0,9.6,4.3,7.6,343231
351.0,5.0,5.0,1.0,0.0,1.0,Karaj,1.0,0.0,1.0,8.4,4.2,8.9,683553
323.0,6.0,5.0,3.0,7.0,0.0,Mashhad,1.0,0.0,1.0,28.4,2.7,9.2,486587
375.0,6.0,5.0,4.0,31.0,1.0,Mashhad,0.0,0.0,0.0,6.2,2.1,6.7,535676
259.0,6.0,5.0,2.0,43.0,0.0,Shiraz,1.0,0.0,0.0,30.0,1.1,4.8,165023
86.0,3.0,4.0,1.0,34.0,2.0,Tehran,0.0,0.0,1.0,27.9,2.0,8.6,100000
369.0,6.0,5.0,3.0,35.0,1.0,Shiraz,,0.0,0.0,15.5,1.4,7.7,509396
396.0,7.0,5.0,3.0,36.0,0.0,Tehran,0.0,0.0,0.0,21.9,3.7,7.4,801587
223.0,5.0,4.0,2.0,19.0,2.0,Shiraz,1.0,0.0,0.0,34.6,5.6,4.1,212132
64.0,1.0,2.0,2.0,45.0,,Rasht,0.0,0.0,0.0,7.3,6.3,,100000
109.0,2.0,1.0,4.0,8.0,1.0,Karaj,0.0,0.0,,7.7,9.1,7.7,100000
193.0,,3.0,3.0,26.0,0.0,Qom,0.0,0.0,0.0,1.6,1.3,6.5,182986
260.0,6.0,5.0,3.0,13.0,0.0,Tabriz,,1.0,0.0,2.5,3.7,4.0,526586
114.0,3.0,3.0,4.0,45.0,1.0,Tabriz,0.0,0.0,0.0,34.8,9.8,8.3,100000
242.0,4.0,5.0,3.0,40.0,3.0,Tabriz,0.0,0.0,0.0,14.0,2.5,6.2,293155
210.0,4.0,4.0,2.0,40.0,2.0,Isfahan,0.0,0.0,0.0,26.7,2.5,8.4,274597
273.0,6.0,5.0,2.0,30.0,0.0,Rasht,0.0,0.0,0.0,2.2,7.3,5.2,343221
383.0,7.0,5.0,2.0,31.0,0.0,Shiraz,0.0,0.0,0.0,13.3,3.8,6.2,480708
150.0,4.0,4.0,2.0,0.0,2.0,Tabriz,0.0,0.0,0.0,10.4,9.9,8.2,238189
85.0,2.0,1.0,4.0,27.0,3.0,Rasht,0.0,0.0,1.0,20.7,8.0,8.4,100000
304.0,7.0,5.0,2.0,12.0,3.0,Isfahan,0.0,0.0,0.0,33.9,7.2,5.6,368418
270.0,5.0,5.0,3.0,16.0,1.0,Isfahan,0.0,1.0,1.0,25.2,9.2,10.0,455935
201.0,4.0,3.0,2.0,15.0,2.0,Tabriz,1.0,0.0,0.0,28.9,2.0,7.6,296080
290.0,4.0,4.0,3.0,17.0,1.0,Mashhad,1.0,0.0,0.0,9.0,1.9,6.7,508493
399.0,7.0,5.0,3.0,13.0,0.0,Rasht,1.0,0.0,0.0,18.6,2.7,4.7,540987
382.0,6.0,5.0,1.0,2.0,0.0,Tehran,1.0,0.0,0.0,5.9,7.1,7.5,905352
358.0,7.0,5.0,4.0,35.0,1.0,Shiraz,0.0,0.0,1.0,32.4,5.8,7.5,317714
142.0,3.0,4.0,3.0,29.0,1.0,Karaj,0.0,0.0,0.0,32.3,5.9,4.3,100000
166.0,3.0,3.0,4.0,18.0,2.0,Karaj,0.0,0.0,1.0,10.4,5.1,7.7,336969
314.0,6.0,5.0,4.0,34.0,0.0,Qom,1.0,0.0,1.0,28.8,6.4,5.6,239437
136.0,1.0,1.0,4.0,13.0,1.0,Tehran,0.0,1.0,1.0,23.4,1.4,6.1,206770
367.0,7.0,5.0,2.0,42.0,0.0,Tehran,0.0,0.0,0.0,31.0,5.9,8.0,645416
147.0,2.0,2.0,4.0,44.0,1.0,Qom,0.0,0.0,0.0,5.4,7.6,7.0,110031
128.0,1.0,1.0,2.0,18.0,2.0,Qom,1.0,0.0,1.0,18.2,7.0,5.4,100000
218.0,3.0,3.0,2.0,44.0,0.0,Tehran,0.0,0.0,0.0,10.9,3.5,4.0,332739
295.0,5.0,5.0,2.0,7.0,2.0,Mashhad,1.0,0.0,0.0,31.9,4.4,6.9,292648
299.0,6.0,5.0,4.0,32.0,2.0,Rasht,0.0,0.0,1.0,23.7,2.3,9.1,468246
240.0,5.0,5.0,4.0,,1.0,Qom,0.0,0.0,0.0,13.0,9.3,8.7,410391
,5.0,5.0,4.0,16.0,0.0,Isfahan,0.0,0.0,1.0,20.1,5.6,9.6,423633
342.0,5.0,5.0,1.0,43.0,2.0,Tehran,0.0,0.0,0.0,1.4,3.6,6.3,771313
236.0,5.0,5.0,2.0,18.0,3.0,Qom,0.0,0.0,1.0,11.1,8.2,4.7,308156
316.0,5.0,5.0,4.0,18.0,1.0,Mashhad,0.0,1.0,0.0,3.4,6.9,6.0,679920
259.0,,3.0,4.0,18.0,3.0,Shiraz,0.0,0.0,0.0,32.6,4.0,6.9,219254
342.0,6.0,5.0,2.0,21.0,3.0,Isfahan,1.0,0.0,0.0,33.2,3.8,7.3,498264
229.0,3.0,2.0,2.0,6.0,0.0,Isfahan,0.0,0.0,1.0,3.0,9.2,6.4,383615
245.0,4.0,3.0,1.0,20.0,3.0,Isfahan,1.0,0.0,0.0,4.3,1.4,6.7,379713
56.0,1.0,1.0,3.0,20.0,3.0,Isfahan,0.0,0.0,1.0,1.3,1.7,4.9,105779
215.0,3.0,2.0,2.0,14.0,2.0,Tabriz,0.0,0.0,1.0,2.9,4.2,7.1,287859
165.0,4.0,4.0,3.0,30.0,3.0,Mashhad,0.0,0.0,1.0,8.3,1.7,6.8,393306
114.0,3.0,2.0,1.0,3.0,0.0,Tehran,0.0,,0.0,20.2,4.6,4.1,150438
132.0,1.0,1.0,3.0,34.0,1.0,Shiraz,0.0,0.0,1.0,23.6,9.4,5.9,100000
103.0,1.0,1.0,4.0,25.0,2.0,Isfahan,0.0,0.0,0.0,3.2,2.1,7.2,162701
,6.0,5.0,1.0,6.0,2.0,Shiraz,0.0,0.0,0.0,3.2,5.5,4.9,633939
99.0,2.0,2.0,2.0,21.0,2.0,Tehran,0.0,0.0,1.0,14.3,8.4,5.5,146999
388.0,,5.0,4.0,5.0,0.0,Rasht,0.0,1.0,0.0,29.4,3.0,8.5,608366
269.0,6.0,5.0,1.0,25.0,1.0,Mashhad,1.0,1.0,0.0,21.1,3.5,8.4,536720
290.0,6.0,5.0,1.0,2.0,2.0,Mashhad,1.0,,0.0,6.9,1.8,4.1,603722
69.0,2.0,3.0,3.0,35.0,0.0,Rasht,1.0,0.0,1.0,2.7,1.8,7.8,184032
164.0,2.0,3.0,4.0,36.0,2.0,Isfahan,0.0,0.0,1.0,7.2,4.2,6.8,199748
83.0,2.0,1.0,1.0,23.0,2.0,Qom,0.0,0.0,1.0,13.7,7.9,7.9,100000
107.0,2.0,1.0,3.0,36.0,1.0,Tabriz,0.0,0.0,1.0,3.9,2.6,7.5,100000
120.0,1.0,2.0,3.0,27.0,3.0,Mashhad,0.0,0.0,0.0,5.2,7.1,9.7,153370
45.0,1.0,1.0,2.0,26.0,3.0,Isfahan,0.0,0.0,0.0,13.9,3.0,4.6,100000
145.0,3.0,4.0,4.0,8.0,1.0,Tehran,0.0,0.0,0.0,34.2,,7.5,155527
69.0,1.0,2.0,4.0,0.0,2.0,Qom,1.0,0.0,0.0,2.3,,9.0,239455
299.0,,5.0,4.0,2.0,3.0,Shiraz,0.0,0.0,1.0,14.0,4.5,4.5,475576
91.0,1.0,1.0,4.0,30.0,3.0,Qom,0.0,0.0,1.0,8.0,7.1,9.5,204667
164.0,2.0,3.0,2.0,,2.0,Qom,1.0,0.0,0.0,33.2,8.3,5.1,100000
210.0,5.0,5.0,,34.0,1.0,Shiraz,1.0,0.0,1.0,3.4,5.8,5.5,301622
154.0,3.0,2.0,2.0,33.0,3.0,Isfahan,0.0,0.0,0.0,23.5,7.0,6.8,231749
173.0,2.0,3.0,4.0,2.0,1.0,Shiraz,1.0,0.0,0.0,8.7,5.2,6.8,326591
268.0,5.0,5.0,2.0,14.0,0.0,Rasht,0.0,0.0,0.0,7.1,8.8,9.5,432275
137.0,1.0,1.0,4.0,10.0,2.0,Tabriz,0.0,0.0,0.0,3.7,7.5,7.6,241429
52.0,1.0,2.0,2.0,29.0,3.0,Qom,0.0,0.0,0.0,24.3,6.4,6.6,100000
52.0,1.0,1.0,4.0,2.0,1.0,Tabriz,1.0,1.0,1.0,24.5,3.9,7.4,174953
236.0,3.0,4.0,4.0,4.0,1.0,Tabriz,0.0,0.0,1.0,21.2,5.9,6.9,235357
246.0,5.0,5.0,3.0,5.0,1.0,Qom,1.0,0.0,0.0,23.4,2.8,5.1,228489
109.0,3.0,3.0,4.0,20.0,1.0,Rasht,0.0,0.0,0.0,25.4,2.7,8.3,139860
408.0,7.0,5.0,2.0,37.0,2.0,Tabriz,1.0,0.0,1.0,33.0,7.2,7.6,473943
206.0,4.0,4.0,1.0,29.0,,Shiraz,1.0,0.0,1.0,12.9,4.7,4.2,289815
170.0,4.0,4.0,,36.0,1.0,Mashhad,0.0,0.0,,28.6,2.8,7.4,153420
235.0,4.0,4.0,3.0,,2.0,Qom,1.0,0.0,1.0,1.8,6.6,4.7,195969
216.0,5.0,5.0,3.0,10.0,0.0,Tabriz,0.0,0.0,1.0,12.1,2.8,6.8,416025
410.0,6.0,5.0,1.0,15.0,3.0,Mashhad,0.0,0.0,0.0,9.2,9.4,9.5,667573
342.0,7.0,5.0,2.0,32.0,1.0,Karaj,1.0,0.0,1.0,20.9,2.6,7.3,513559
296.0,4.0,4.0,2.0,12.0,1.0,Rasht,0.0,0.0,1.0,0.8,6.1,6.2,412617
45.0,1.0,1.0,1.0,12.0,2.0,Mashhad,0.0,0.0,1.0,28.9,7.2,7.1,100000
399.0,7.0,5.0,3.0,20.0,3.0,Tehran,1.0,0.0,1.0,15.5,6.9,6.6,895830
59.0,1.0,1.0,3.0,0.0,2.0,Qom,0.0,0.0,1.0,30.8,6.0,9.7,279728
113.0,1.0,1.0,2.0,37.0,0.0,Mashhad,1.0,0.0,1.0,5.2,5.0,6.3,211016
333.0,7.0,5.0,2.0,15.0,3.0,Shiraz,0.0,0.0,1.0,24.9,9.6,,478661
180.0,4.0,4.0,3.0,26.0,0.0,Tehran,1.0,0.0,0.0,8.8,3.7,6.3,351992
302.0,6.0,5.0,4.0,2.0,0.0,Isfahan,1.0,0.0,0.0,8.3,8.6,9.6,510221
197.0,4.0,4.0,1.0,32.0,1.0,Tabriz,0.0,0.0,1.0,23.7,5.8,9.1,100000
373.0,6.0,5.0,4.0,42.0,2.0,Tabriz,0.0,1.0,0.0,13.1,9.5,9.4,440034
156.0,2.0,1.0,2.0,36.0,2.0,Shiraz,0.0,1.0,1.0,11.8,7.7,9.3,209910
,3.0,3.0,1.0,13.0,3.0,Isfahan,1.0,0.0,0.0,11.8,8.8,9.6,373098
260.0,6.0,5.0,2.0,7.0,0.0,Rasht,1.0,0.0,1.0,20.0,3.1,6.6,470876
251.0,5.0,5.0,3.0,2.0,2.0,Isfahan,0.0,0.0,0.0,25.8,2.4,9.9,378393
417.0,7.0,5.0,2.0,7.0,2.0,Qom,0.0,0.0,0.0,2.2,8.4,7.9,551440
,2.0,3.0,4.0,14.0,0.0,,1.0,1.0,0.0,27.1,8.8,6.8,181870
396.0,7.0,5.0,4.0,39.0,1.0,Rasht,,0.0,1.0,4.6,4.9,5.5,509168
328.0,5.0,5.0,3.0,19.0,3.0,Tabriz,1.0,0.0,1.0,28.1,7.3,6.4,405592
54.0,1.0,1.0,2.0,24.0,2.0,Karaj,0.0,0.0,1.0,2.4,,4.3,108903
121.0,3.0,2.0,1.0,44.0,0.0,Mashhad,0.0,0.0,0.0,4.0,3.2,4.5,100000
191.0,4.0,3.0,3.0,17.0,2.0,Shiraz,1.0,0.0,0.0,1.5,7.4,8.4,387673
330.0,5.0,5.0,4.0,2.0,0.0,Rasht,1.0,0.0,0.0,17.1,1.7,8.5,480041
358.0,7.0,5.0,4.0,41.0,0.0,Shiraz,0.0,0.0,1.0,19.0,7.7,6.6,368163
292.0,6.0,5.0,3.0,11.0,0.0,Tehran,0.0,0.0,0.0,30.1,5.6,5.7,539030
174.0,3.0,3.0,1.0,0.0,2.0,Rasht,0.0,0.0,0.0,26.7,5.3,7.4,200864
168.0,3.0,2.0,2.0,9.0,0.0,Mashhad,0.0,0.0,1.0,25.0,5.9,8.2,116865
112.0,2.0,2.0,4.0,20.0,2.0,Mashhad,0.0,0.0,0.0,16.5,3.5,6.4,218140
76.0,2.0,2.0,1.0,39.0,0.0,Karaj,0.0,0.0,1.0,20.6,1.2,8.9,100000
67.0,2.0,3.0,4.0,9.0,0.0,Tehran,0.0,0.0,1.0,1.0,4.7,5.0,212710
420.0,7.0,5.0,2.0,2.0,0.0,Qom,0.0,0.0,0.0,29.0,4.3,8.5,399988
358.0,7.0,5.0,4.0,40.0,3.0,Tabriz,1.0,0.0,0.0,29.9,4.5,4.6,321159
336.0,6.0,5.0,2.0,9.0,2.0,Mashhad,0.0,0.0,1.0,18.8,6.7,7.8,519430
159.0,3.0,3.0,3.0,37.0,0.0,Rasht,0.0,0.0,1.0,24.2,5.2,7.3,100000
278.0,4.0,4.0,2.0,36.0,2.0,Tehran,0.0,0.0,0.0,21.5,5.3,8.7,454240
145.0,2.0,1.0,1.0,27.0,0.0,Mashhad,0.0,0.0,1.0,17.4,8.2,7.5,145726
86.0,3.0,3.0,3.0,36.0,1.0,Qom,0.0,0.0,0.0,6.9,8.6,,100000
185.0,2.0,1.0,2.0,8.0,1.0,Isfahan,0.0,0.0,1.0,4.9,7.6,4.8,267047
354.0,6.0,5.0,4.0,29.0,1.0,Qom,1.0,1.0,,9.2,1.6,7.5,532015
400.0,7.0,5.0,4.0,44.0,1.0,Tehran,1.0,0.0,1.0,22.1,1.1,7.8,875196
239.0,5.0,5.0,1.0,39.0,0.0,Mashhad,1.0,0.0,1.0,31.0,4.1,9.7,147858
93.0,2.0,2.0,3.0,8.0,0.0,Rasht,0.0,0.0,0.0,14.6,1.8,5.6,197293
330.0,5.0,,3.0,35.0,1.0,Isfahan,0.0,0.0,0.0,20.5,4.8,6.5,343708
116.0,3.0,2.0,1.0,26.0,0.0,Tehran,0.0,0.0,0.0,22.3,2.0,9.5,169440
49.0,1.0,2.0,2.0,9.0,1.0,Karaj,1.0,0.0,0.0,29.9,7.3,5.0,100000
64.0,1.0,1.0,4.0,22.0,1.0,Rasht,1.0,0.0,1.0,28.4,4.9,9.0,100000
252.0,5.0,5.0,4.0,42.0,1.0,Mashhad,1.0,0.0,0.0,16.3,7.8,6.5,382162
222.0,5.0,5.0,2.0,1.0,3.0,Shiraz,1.0,0.0,1.0,30.6,4.6,4.4,288297
315.0,6.0,5.0,1.0,3.0,2.0,Karaj,1.0,0.0,1.0,23.1,4.1,5.3,537237
403.0,7.0,5.0,2.0,44.0,3.0,Shiraz,1.0,0.0,0.0,29.1,9.0,8.1,375677
348.0,7.0,5.0,3.0,11.0,1.0,Isfahan,0.0,0.0,0.0,2.8,4.5,4.5,540456
317.0,7.0,5.0,2.0,42.0,0.0,Mashhad,1.0,0.0,0.0,28.4,8.6,9.0,396283
80.0,1.0,2.0,3.0,21.0,1.0,Tabriz,0.0,0.0,0.0,16.0,7.8,5.5,100000
120.0,2.0,2.0,2.0,0.0,2.0,Tehran,0.0,0.0,0.0,30.4,5.1,4.7,173207
199.0,4.0,5.0,2.0,40.0,2.0,Tehran,1.0,0.0,0.0,20.5,7.8,9.6,365761
353.0,6.0,5.0,3.0,43.0,3.0,Tabriz,0.0,0.0,0.0,16.9,6.6,7.7,348507
177.0,3.0,3.0,1.0,32.0,2.0,Qom,1.0,0.0,0.0,29.5,5.8,8.2,100000
302.0,5.0,5.0,3.0,25.0,0.0,Rasht,0.0,0.0,0.0,17.4,4.5,5.2,412930
333.0,7.0,5.0,1.0,41.0,1.0,Mashhad,1.0,0.0,0.0,28.1,5.8,4.3,374411
334.0,5.0,4.0,3.0,18.0,2.0,Karaj,0.0,1.0,1.0,10.4,3.5,6.8,660751
325.0,7.0,5.0,1.0,22.0,1.0,Rasht,1.0,0.0,1.0,31.5,,9.6,397578
313.0,7.0,5.0,2.0,13.0,2.0,Isfahan,1.0,0.0,0.0,9.2,8.5,7.7,597025
276.0,5.0,5.0,2.0,5.0,3.0,Shiraz,1.0,1.0,0.0,1.9,9.4,9.5,619960
222.0,,3.0,4.0,34.0,0.0,Shiraz,1.0,0.0,0.0,34.5,3.1,9.9,129836
149.0,3.0,2.0,1.0,22.0,1.0,Mashhad,0.0,1.0,0.0,7.7,4.7,9.6,381767
149.0,3.0,3.0,1.0,2.0,3.0,Tehran,0.0,0.0,0.0,0.7,5.9,4.1,375054
46.0,1.0,1.0,3.0,41.0,0.0,Qom,0.0,0.0,1.0,12.6,3.1,6.1,100000
222.0,,4.0,3.0,23.0,2.0,Tehran,1.0,0.0,0.0,8.3,6.6,4.7,527986
161.0,,3.0,4.0,14.0,3.0,Mashhad,0.0,0.0,1.0,31.4,9.6,6.6,100000
278.0,6.0,5.0,3.0,23.0,0.0,Mashhad,0.0,0.0,1.0,6.4,7.8,6.0,375970
277.0,5.0,4.0,4.0,33.0,3.0,Qom,1.0,0.0,0.0,7.3,10.0,9.0,290839
258.0,4.0,4.0,3.0,32.0,1.0,Tehran,,0.0,0.0,19.2,,7.8,479583
105.0,1.0,1.0,3.0,17.0,3.0,Shiraz,0.0,0.0,0.0,32.7,5.4,6.8,100000
175.0,2.0,1.0,3.0,18.0,3.0,Karaj,0.0,0.0,1.0,29.3,6.8,,100000
232.0,4.0,5.0,3.0,41.0,0.0,Tehran,0.0,0.0,0.0,34.1,3.4,7.7,311361
343.0,7.0,5.0,3.0,41.0,3.0,Karaj,0.0,0.0,1.0,28.7,1.2,9.1,493497
380.0,7.0,5.0,4.0,29.0,1.0,Mashhad,1.0,0.0,1.0,10.6,1.7,4.1,607248
402.0,7.0,5.0,2.0,31.0,1.0,Tabriz,1.0,0.0,1.0,16.4,8.5,5.7,422218
159.0,2.0,1.0,4.0,23.0,3.0,Rasht,1.0,0.0,0.0,32.8,4.7,4.7,100000
302.0,6.0,5.0,4.0,25.0,3.0,Isfahan,0.0,0.0,1.0,30.2,8.5,4.0,350575
259.0,6.0,5.0,1.0,16.0,2.0,Tehran,0.0,0.0,1.0,26.9,2.8,7.0,511064
391.0,7.0,5.0,3.0,11.0,1.0,Shiraz,0.0,0.0,1.0,29.4,3.5,6.3,433432
198.0,4.0,4.0,3.0,26.0,0.0,Tehran,0.0,0.0,1.0,17.4,6.8,7.5,405184
120.0,2.0,2.0,3.0,33.0,3.0,Isfahan,1.0,0.0,1.0,29.7,6.2,9.2,100000
335.0,6.0,5.0,2.0,13.0,0.0,Mashhad,1.0,0.0,0.0,4.3,1.5,9.4,598145
90.0,3.0,2.0,4.0,41.0,1.0,Isfahan,1.0,0.0,0.0,24.9,5.6,8.8,100000
315.0,6.0,5.0,1.0,34.0,1.0,,1.0,0.0,0.0,25.0,3.7,8.5,287300
209.0,4.0,3.0,4.0,36.0,0.0,Mashhad,0.0,1.0,0.0,34.8,3.3,8.6,251576
348.0,6.0,5.0,2.0,8.0,0.0,Shiraz,0.0,0.0,0.0,6.1,5.9,9.1,603381
259.0,6.0,5.0,1.0,15.0,3.0,Tabriz,0.0,0.0,1.0,5.7,2.0,8.8,621751
305.0,7.0,5.0,4.0,28.0,2.0,Tehran,0.0,0.0,0.0,14.3,9.6,8.4,678318
359.0,7.0,5.0,2.0,16.0,3.0,Tabriz,0.0,0.0,1.0,31.8,8.4,8.8,395044
243.0,5.0,5.0,2.0,8.0,2.0,Isfahan,1.0,0.0,1.0,26.1,1.5,5.7,431421
401.0,7.0,5.0,2.0,25.0,1.0,Mashhad,0.0,1.0,0.0,19.4,3.6,6.1,597581
367.0,,5.0,1.0,43.0,1.0,Shiraz,0.0,0.0,0.0,18.1,5.8,5.5,318105
333.0,7.0,5.0,2.0,37.0,2.0,Rasht,0.0,0.0,1.0,,8.2,9.3,365510
87.0,3.0,3.0,2.0,29.0,1.0,Shiraz,1.0,0.0,0.0,9.8,5.9,4.3,106190
300.0,6.0,5.0,3.0,33.0,1.0,Rasht,1.0,0.0,0.0,7.6,8.2,9.4,511430
349.0,6.0,5.0,2.0,31.0,3.0,Qom,0.0,0.0,1.0,27.2,6.1,6.7,339713
125.0,1.0,1.0,2.0,21.0,0.0,Tabriz,0.0,0.0,0.0,26.9,9.7,8.8,100000
122.0,1.0,2.0,4.0,20.0,3.0,Mashhad,0.0,0.0,0.0,27.6,1.2,,100000
247.0,5.0,4.0,3.0,28.0,1.0,Shiraz,1.0,0.0,0.0,25.6,7.2,7.0,261398
136.0,3.0,4.0,2.0,4.0,1.0,Qom,0.0,0.0,1.0,12.4,1.8,4.7,222754
315.0,5.0,5.0,2.0,36.0,1.0,Tabriz,1.0,0.0,1.0,19.5,2.2,5.8,335322
327.0,7.0,,4.0,23.0,2.0,Tehran,1.0,0.0,0.0,6.8,3.8,7.0,738965
373.0,7.0,5.0,1.0,11.0,0.0,Isfahan,0.0,0.0,0.0,1.4,3.5,5.5,613366
152.0,3.0,3.0,4.0,18.0,1.0,Tehran,1.0,0.0,0.0,21.3,9.5,7.8,269064
69.0,2.0,2.0,2.0,16.0,1.0,Isfahan,1.0,0.0,1.0,32.3,2.1,5.3,100000
51.0,1.0,1.0,3.0,45.0,3.0,Isfahan,0.0,0.0,0.0,4.7,5.5,9.9,117610
344.0,5.0,5.0,4.0,43.0,0.0,Isfahan,0.0,0.0,0.0,28.6,6.7,4.3,236944
106.0,1.0,1.0,2.0,24.0,1.0,Rasht,1.0,0.0,0.0,2.3,4.4,5.7,173243
293.0,6.0,5.0,1.0,14.0,0.0,Tehran,1.0,0.0,0.0,0.8,3.3,7.2,783655
295.0,4.0,5.0,2.0,41.0,3.0,Tehran,1.0,0.0,0.0,30.5,2.6,7.8,587888
87.0,2.0,1.0,2.0,14.0,1.0,Tehran,0.0,1.0,1.0,,4.0,6.9,310479
129.0,2.0,1.0,2.0,13.0,3.0,Qom,0.0,0.0,1.0,21.0,9.7,7.3,100000
235.0,3.0,2.0,4.0,22.0,3.0,Mashhad,1.0,0.0,0.0,10.9,5.7,7.8,383798
232.0,5.0,4.0,2.0,41.0,3.0,Tehran,1.0,0.0,0.0,21.6,9.7,5.6,351360
394.0,7.0,5.0,2.0,30.0,3.0,Qom,0.0,0.0,1.0,14.2,8.6,4.1,454415
60.0,2.0,3.0,3.0,25.0,1.0,Shiraz,0.0,0.0,1.0,32.0,1.7,6.4,100000
255.0,5.0,4.0,4.0,13.0,1.0,Shiraz,0.0,0.0,0.0,23.7,1.1,7.5,302179
320.0,7.0,5.0,4.0,0.0,3.0,Qom,0.0,0.0,1.0,29.5,5.4,8.5,424242
72.0,2.0,1.0,1.0,42.0,2.0,Isfahan,0.0,0.0,0.0,19.2,1.5,7.3,100000
336.0,6.0,5.0,4.0,16.0,0.0,Mashhad,0.0,0.0,0.0,13.6,5.5,8.8,612572
280.0,6.0,5.0,3.0,45.0,1.0,Tehran,0.0,1.0,0.0,25.1,2.9,6.1,637194
76.0,1.0,2.0,2.0,14.0,2.0,Mashhad,1.0,0.0,0.0,25.2,1.6,5.5,100000
251.0,6.0,5.0,3.0,38.0,1.0,Qom,1.0,1.0,0.0,21.5,9.2,7.0,297653
48.0,1.0,2.0,3.0,5.0,1.0,Tabriz,1.0,0.0,1.0,24.2,5.0,8.4,100000
295.0,4.0,5.0,1.0,19.0,2.0,Karaj,0.0,0.0,0.0,17.8,2.2,9.8,483660
150.0,2.0,3.0,2.0,36.0,0.0,Mashhad,1.0,0.0,1.0,19.7,1.9,10.0,204364
352.0,6.0,5.0,2.0,6.0,0.0,Tehran,1.0,0.0,0.0,33.3,4.7,8.4,664703
161.0,3.0,2.0,2.0,25.0,,,0.0,0.0,0.0,4.3,9.3,9.2,216796
414.0,7.0,5.0,1.0,15.0,1.0,,1.0,0.0,0.0,25.9,7.1,8.5,481976
188.0,3.0,3.0,1.0,28.0,2.0,Qom,0.0,0.0,1.0,32.8,5.5,8.0,100000
51.0,2.0,2.0,,4.0,3.0,Tehran,0.0,0.0,0.0,23.5,9.8,5.9,100000
326.0,5.0,4.0,2.0,31.0,2.0,Mashhad,0.0,1.0,1.0,32.7,8.2,6.0,413531
74.0,1.0,2.0,2.0,38.0,3.0,,1.0,0.0,0.0,26.3,8.3,9.2,100000
329.0,5.0,5.0,2.0,18.0,2.0,Tehran,0.0,0.0,1.0,33.0,1.3,8.4,645100
77.0,1.0,1.0,2.0,36.0,2.0,Qom,1.0,0.0,1.0,15.8,5.8,6.3,100000
393.0,7.0,5.0,4.0,34.0,2.0,Karaj,1.0,0.0,0.0,17.8,3.6,6.3,603704
391.0,6.0,5.0,1.0,3.0,1.0,Qom,0.0,0.0,0.0,12.7,2.5,6.3,563062
311.0,6.0,5.0,2.0,38.0,2.0,Tabriz,0.0,0.0,0.0,10.8,9.9,5.3,316195
224.0,3.0,2.0,4.0,27.0,1.0,Tabriz,0.0,0.0,0.0,9.9,1.3,6.4,189463
98.0,2.0,1.0,2.0,11.0,3.0,Tehran,0.0,0.0,0.0,15.1,4.9,9.0,192400
385.0,6.0,5.0,3.0,44.0,2.0,Tabriz,0.0,0.0,0.0,7.8,9.0,7.1,439926
282.0,6.0,5.0,4.0,45.0,2.0,Shiraz,0.0,0.0,1.0,11.1,1.5,8.9,455207
214.0,3.0,3.0,2.0,6.0,3.0,Isfahan,0.0,1.0,1.0,22.6,6.5,8.6,374892
135.0,2.0,2.0,3.0,38.0,2.0,Shiraz,0.0,1.0,0.0,27.5,9.4,8.2,100000
223.0,4.0,3.0,2.0,6.0,0.0,Mashhad,0.0,0.0,1.0,0.9,3.7,8.8,526065
333.0,5.0,4.0,1.0,29.0,0.0,Isfahan,1.0,0.0,1.0,28.4,3.5,4.4,348624
49.0,1.0,,2.0,29.0,2.0,Qom,1.0,0.0,0.0,29.6,6.4,8.0,100000
309.0,7.0,5.0,4.0,45.0,1.0,Isfahan,1.0,0.0,0.0,30.7,2.4,4.2,404913
289.0,6.0,5.0,1.0,31.0,0.0,Tabriz,0.0,0.0,0.0,30.9,9.7,7.1,189586
401.0,6.0,5.0,2.0,21.0,3.0,Isfahan,0.0,1.0,0.0,24.4,6.9,5.5,576216
68.0,1.0,1.0,1.0,41.0,0.0,Tehran,0.0,0.0,1.0,22.8,4.0,7.6,100000
287.0,6.0,5.0,1.0,0.0,1.0,Qom,0.0,0.0,0.0,2.6,6.2,4.5,502598
401.0,7.0,5.0,,43.0,1.0,Tehran,1.0,0.0,0.0,7.9,8.1,9.4,881888
280.0,4.0,4.0,1.0,41.0,2.0,Isfahan,0.0,1.0,0.0,1.8,7.2,5.2,470103
400.0,7.0,5.0,2.0,12.0,3.0,Tehran,0.0,0.0,1.0,,1.3,7.9,1094205
302.0,5.0,5.0,2.0,4.0,2.0,Qom,0.0,0.0,0.0,,5.9,7.6,293738
272.0,6.0,5.0,4.0,0.0,0.0,Karaj,0.0,0.0,1.0,7.3,6.8,8.8,658086
189.0,2.0,1.0,2.0,22.0,3.0,Rasht,0.0,0.0,0.0,29.6,8.1,9.7,100000
160.0,3.0,3.0,3.0,34.0,1.0,Tehran,0.0,0.0,1.0,30.0,3.3,7.9,158343
103.0,1.0,1.0,2.0,37.0,1.0,Tehran,1.0,0.0,0.0,9.6,,9.0,127085
185.0,2.0,2.0,3.0,25.0,0.0,Rasht,0.0,0.0,1.0,7.5,8.4,8.6,186898
77.0,2.0,2.0,1.0,25.0,3.0,Rasht,0.0,0.0,1.0,29.8,3.4,5.2,100000
319.0,6.0,5.0,4.0,34.0,2.0,Shiraz,0.0,0.0,1.0,19.1,8.5,7.3,319627
160.0,2.0,2.0,1.0,39.0,0.0,Tehran,0.0,,1.0,17.2,3.9,8.7,148780
195.0,5.0,5.0,2.0,3.0,,Shiraz,0.0,0.0,0.0,21.8,6.9,9.5,247417
97.0,1.0,1.0,4.0,,0.0,Isfahan,0.0,0.0,1.0,28.8,9.6,9.4,100000
184.0,4.0,5.0,2.0,10.0,2.0,Karaj,1.0,0.0,0.0,25.0,3.8,9.5,316399
63.0,2.0,2.0,3.0,38.0,3.0,Mashhad,1.0,0.0,0.0,4.0,6.5,8.8,100000
345.0,6.0,5.0,1.0,40.0,3.0,Shiraz,0.0,0.0,0.0,20.7,3.1,8.4,348031
363.0,6.0,5.0,4.0,32.0,3.0,Qom,0.0,0.0,0.0,34.3,8.1,5.4,201893
,4.0,4.0,1.0,16.0,3.0,Tabriz,0.0,0.0,0.0,20.8,1.2,6.2,221880
123.0,2.0,1.0,4.0,24.0,2.0,Rasht,0.0,,0.0,15.5,8.9,4.1,100000
210.0,3.0,4.0,2.0,28.0,2.0,Qom,0.0,0.0,1.0,21.2,8.6,9.1,148589
125.0,2.0,1.0,1.0,24.0,0.0,Tabriz,1.0,0.0,1.0,18.3,8.4,7.9,100000
217.0,3.0,3.0,3.0,38.0,2.0,Tehran,0.0,0.0,1.0,32.1,2.6,4.5,288917
295.0,4.0,4.0,2.0,43.0,3.0,Mashhad,0.0,0.0,1.0,25.3,5.4,6.0,314722
146.0,2.0,2.0,1.0,34.0,3.0,Karaj,0.0,0.0,1.0,7.2,7.0,4.4,135549
130.0,1.0,1.0,4.0,15.0,2.0,Tabriz,1.0,0.0,0.0,32.7,7.3,7.0,100000
404.0,7.0,5.0,2.0,15.0,0.0,Qom,0.0,0.0,0.0,33.1,7.5,4.4,243458
292.0,4.0,3.0,1.0,2.0,2.0,Shiraz,1.0,0.0,0.0,5.3,2.4,6.4,525858
325.0,6.0,5.0,1.0,20.0,3.0,Isfahan,0.0,0.0,0.0,26.9,4.0,8.9,394172
174.0,,4.0,2.0,21.0,2.0,Shiraz,0.0,1.0,1.0,3.7,5.8,7.2,358508
377.0,7.0,5.0,1.0,19.0,3.0,Isfahan,0.0,0.0,0.0,18.9,8.3,6.9,448556
354.0,7.0,5.0,4.0,31.0,2.0,Qom,0.0,0.0,1.0,6.9,1.6,7.5,456273
84.0,1.0,1.0,2.0,1.0,1.0,Karaj,0.0,0.0,1.0,15.3,4.3,9.0,100000
50.0,1.0,1.0,3.0,1.0,1.0,Karaj,1.0,0.0,1.0,34.8,2.2,5.4,100000
162.0,2.0,1.0,3.0,43.0,1.0,Shiraz,0.0,0.0,0.0,31.3,1.3,9.2,128572
343.0,7.0,5.0,2.0,19.0,0.0,Qom,0.0,0.0,1.0,12.1,9.4,9.2,525175
284.0,5.0,5.0,4.0,8.0,0.0,Qom,0.0,0.0,1.0,21.2,9.2,4.2,287764
163.0,2.0,3.0,3.0,40.0,3.0,Mashhad,0.0,0.0,1.0,31.8,7.3,8.0,100000
158.0,3.0,3.0,3.0,3.0,2.0,Tabriz,1.0,0.0,1.0,2.2,4.2,9.8,410393
217.0,4.0,4.0,4.0,11.0,2.0,Mashhad,1.0,0.0,0.0,22.5,4.8,8.6,406901
105.0,3.0,2.0,4.0,21.0,3.0,Mashhad,1.0,0.0,1.0,11.3,5.1,9.4,281094
205.0,5.0,5.0,2.0,11.0,3.0,Isfahan,0.0,0.0,,5.5,7.0,,352539
104.0,2.0,2.0,4.0,30.0,2.0,Isfahan,0.0,0.0,0.0,9.9,8.2,4.7,100000
87.0,1.0,2.0,3.0,25.0,1.0,Qom,1.0,0.0,0.0,11.5,4.7,6.4,100000
266.0,,3.0,2.0,24.0,2.0,Rasht,0.0,0.0,1.0,12.1,7.4,5.9,372539
173.0,3.0,3.0,2.0,36.0,3.0,Qom,0.0,,1.0,33.6,2.3,6.4,100000
131.0,3.0,3.0,1.0,1.0,,Isfahan,1.0,0.0,1.0,2.7,4.8,5.4,293712
317.0,6.0,5.0,1.0,9.0,3.0,Karaj,1.0,0.0,0.0,9.7,9.8,8.5,617308
297.0,4.0,4.0,1.0,25.0,0.0,Rasht,1.0,0.0,1.0,1.1,6.4,9.0,418323
146.0,2.0,3.0,2.0,35.0,0.0,Karaj,0.0,1.0,0.0,,5.7,4.3,100000
321.0,6.0,5.0,1.0,26.0,3.0,Tabriz,1.0,0.0,1.0,10.6,5.2,4.9,379160
68.0,1.0,1.0,3.0,31.0,0.0,Shiraz,0.0,0.0,0.0,5.4,4.4,6.9,101808
156.0,4.0,4.0,3.0,24.0,2.0,Tehran,1.0,0.0,0.0,9.8,3.7,6.9,424022
371.0,6.0,5.0,2.0,17.0,2.0,Qom,1.0,0.0,1.0,16.8,9.8,6.0,518086
62.0,2.0,3.0,4.0,11.0,0.0,Qom,0.0,0.0,1.0,23.0,9.8,8.9,100000
240.0,3.0,,1.0,20.0,3.0,Qom,1.0,1.0,1.0,16.0,2.1,7.3,301424
400.0,7.0,5.0,3.0,8.0,,Rasht,1.0,0.0,1.0,23.1,8.2,5.2,570787
281.0,4.0,4.0,2.0,14.0,3.0,Rasht,0.0,0.0,0.0,13.2,1.4,9.1,422383
409.0,7.0,5.0,3.0,31.0,3.0,,0.0,0.0,1.0,26.0,4.4,8.6,471707
109.0,1.0,1.0,2.0,5.0,2.0,,0.0,0.0,1.0,14.7,3.1,7.1,287349
146.0,3.0,2.0,2.0,5.0,2.0,Tehran,1.0,0.0,0.0,22.6,8.1,9.5,337401
272.0,6.0,5.0,1.0,23.0,2.0,Rasht,1.0,0.0,0.0,17.2,6.4,4.1,297647
322.0,7.0,5.0,2.0,15.0,1.0,Shiraz,1.0,0.0,1.0,27.7,1.1,4.5,411642
130.0,2.0,2.0,4.0,7.0,1.0,Rasht,0.0,0.0,0.0,11.4,8.0,6.3,140481
252.0,4.0,4.0,4.0,21.0,0.0,Shiraz,0.0,0.0,0.0,3.8,6.6,4.5,553192
71.0,1.0,2.0,3.0,33.0,2.0,Mashhad,1.0,0.0,0.0,6.5,2.7,4.8,102329
279.0,6.0,5.0,1.0,25.0,3.0,Rasht,1.0,0.0,0.0,3.2,5.9,7.1,505816
78.0,2.0,2.0,3.0,31.0,3.0,Tabriz,1.0,0.0,0.0,6.0,2.5,8.3,189941
,,3.0,2.0,18.0,2.0,Shiraz,0.0,0.0,0.0,16.8,3.8,4.3,172290
343.0,7.0,5.0,4.0,37.0,0.0,Shiraz,0.0,0.0,0.0,23.9,5.1,6.8,325750
126.0,1.0,1.0,1.0,23.0,3.0,Rasht,1.0,0.0,0.0,3.1,2.7,9.9,327042
345.0,5.0,5.0,2.0,29.0,2.0,Qom,0.0,0.0,0.0,24.7,5.4,9.2,418747
181.0,3.0,2.0,3.0,15.0,2.0,Tehran,0.0,0.0,0.0,3.4,5.0,4.1,341312
214.0,5.0,4.0,1.0,25.0,0.0,Shiraz,1.0,0.0,1.0,5.8,8.2,9.9,435511
363.0,7.0,5.0,3.0,3.0,0.0,Tabriz,0.0,0.0,0.0,2.3,7.6,4.9,496565
209.0,5.0,5.0,1.0,6.0,0.0,Tehran,0.0,0.0,1.0,20.5,1.0,9.7,570110
391.0,7.0,5.0,1.0,18.0,3.0,Tabriz,0.0,0.0,0.0,14.5,2.7,5.2,489075
298.0,6.0,5.0,1.0,11.0,3.0,Rasht,0.0,0.0,0.0,27.0,4.9,8.2,458676
352.0,7.0,5.0,,15.0,0.0,Tehran,0.0,1.0,0.0,3.3,7.6,4.1,839821
196.0,5.0,5.0,4.0,29.0,1.0,Qom,1.0,0.0,0.0,25.7,7.5,5.2,126731
412.0,7.0,5.0,4.0,27.0,1.0,Mashhad,0.0,0.0,0.0,10.7,9.9,8.0,564446
74.0,2.0,2.0,3.0,12.0,2.0,Tabriz,0.0,0.0,0.0,19.4,7.5,5.2,100000
222.0,4.0,4.0,3.0,11.0,2.0,Qom,0.0,0.0,0.0,12.0,6.3,8.4,284094
417.0,7.0,5.0,1.0,18.0,0.0,Tehran,1.0,0.0,1.0,16.8,9.6,4.0,921927
309.0,5.0,5.0,2.0,7.0,2.0,Karaj,0.0,0.0,0.0,32.5,1.9,8.4,429091
208.0,4.0,4.0,1.0,39.0,2.0,Shiraz,1.0,0.0,0.0,21.4,7.9,5.7,139546
353.0,7.0,5.0,1.0,,3.0,Isfahan,0.0,0.0,0.0,4.7,,5.6,516095
304.0,6.0,5.0,4.0,20.0,2.0,Mashhad,1.0,0.0,1.0,,5.2,7.5,547284
286.0,6.0,5.0,1.0,5.0,2.0,Tabriz,0.0,1.0,0.0,2.8,7.7,6.4,422392
153.0,2.0,2.0,1.0,11.0,0.0,Mashhad,1.0,1.0,0.0,19.1,9.0,4.9,198131
96.0,3.0,3.0,4.0,10.0,0.0,Mashhad,0.0,0.0,0.0,10.0,4.9,8.1,168132
281.0,5.0,4.0,3.0,36.0,1.0,Shiraz,1.0,0.0,1.0,19.4,,6.5,223478
130.0,1.0,1.0,4.0,20.0,3.0,Mashhad,1.0,0.0,1.0,13.2,5.3,4.7,168352
373.0,7.0,5.0,3.0,35.0,2.0,Karaj,0.0,0.0,1.0,29.3,9.7,4.2,558417
141.0,3.0,4.0,4.0,10.0,1.0,Tehran,1.0,0.0,0.0,30.5,4.0,7.2,268123
204.0,4.0,4.0,1.0,5.0,3.0,Qom,0.0,1.0,1.0,3.5,5.2,5.7,379187
226.0,4.0,4.0,4.0,24.0,0.0,Karaj,1.0,0.0,1.0,4.6,8.4,9.9,438446
266.0,5.0,4.0,3.0,25.0,2.0,Tehran,0.0,0.0,1.0,7.1,2.5,9.7,719636
307.0,6.0,5.0,3.0,25.0,2.0,Mashhad,1.0,0.0,1.0,20.0,1.1,9.8,614043
362.0,7.0,,2.0,13.0,2.0,Shiraz,0.0,0.0,1.0,9.7,9.9,5.7,464236
199.0,3.0,2.0,4.0,30.0,3.0,Tabriz,0.0,0.0,1.0,3.8,4.0,4.9,248228
89.0,3.0,2.0,3.0,43.0,3.0,Shiraz,1.0,0.0,0.0,27.4,2.1,8.1,100000
363.0,7.0,5.0,2.0,14.0,0.0,Tabriz,0.0,0.0,0.0,20.8,6.6,4.1,285939
140.0,3.0,3.0,4.0,22.0,2.0,Isfahan,1.0,0.0,0.0,19.8,4.9,,191095
272.0,4.0,4.0,3.0,20.0,2.0,Mashhad,0.0,0.0,0.0,11.8,2.0,8.9,439153
74.0,1.0,2.0,2.0,18.0,3.0,Isfahan,0.0,0.0,1.0,32.1,2.1,8.7,100000
391.0,7.0,5.0,1.0,9.0,0.0,Mashhad,0.0,0.0,0.0,9.7,2.3,6.9,585294
47.0,1.0,1.0,4.0,3.0,1.0,Tehran,1.0,0.0,1.0,34.7,6.0,9.5,100000
354.0,7.0,5.0,1.0,10.0,1.0,Tabriz,0.0,0.0,1.0,34.9,3.9,6.4,273211
292.0,4.0,4.0,4.0,28.0,2.0,Karaj,0.0,0.0,1.0,8.0,8.4,6.3,450618
46.0,1.0,1.0,3.0,6.0,1.0,Isfahan,0.0,0.0,1.0,17.9,7.6,6.1,100000
339.0,6.0,5.0,3.0,41.0,0.0,Tabriz,1.0,0.0,0.0,3.1,9.8,4.9,421557
375.0,7.0,5.0,3.0,21.0,0.0,Tabriz,0.0,0.0,0.0,,6.7,,445452
340.0,7.0,5.0,4.0,31.0,0.0,Rasht,0.0,,0.0,28.1,8.6,5.8,333042
73.0,1.0,1.0,1.0,26.0,3.0,Tehran,0.0,1.0,0.0,14.1,9.1,7.8,137281
344.0,,5.0,4.0,31.0,1.0,Tehran,0.0,1.0,0.0,9.7,3.6,8.7,856678
148.0,3.0,3.0,2.0,30.0,3.0,Tabriz,1.0,0.0,0.0,24.8,7.3,5.8,100000
317.0,6.0,5.0,3.0,17.0,3.0,Qom,0.0,0.0,0.0,17.2,3.5,8.3,417870
348.0,6.0,5.0,3.0,4.0,3.0,Karaj,0.0,0.0,0.0,18.4,10.0,7.0,563168
265.0,6.0,5.0,4.0,37.0,3.0,Qom,1.0,0.0,1.0,15.8,5.8,4.4,252531
255.0,5.0,4.0,1.0,18.0,3.0,Isfahan,1.0,1.0,1.0,14.9,4.8,5.9,481457
56.0,1.0,1.0,1.0,12.0,2.0,,0.0,0.0,1.0,32.1,6.1,4.4,100000
136.0,2.0,1.0,1.0,14.0,0.0,Mashhad,0.0,0.0,0.0,12.6,2.7,9.6,179243
420.0,7.0,5.0,4.0,18.0,2.0,Tabriz,0.0,0.0,0.0,31.1,3.9,6.4,381710
368.0,7.0,5.0,4.0,0.0,1.0,Mashhad,0.0,0.0,0.0,4.8,8.3,5.5,673871
367.0,6.0,5.0,3.0,45.0,1.0,Shiraz,0.0,0.0,0.0,19.7,5.0,7.3,377706
321.0,5.0,4.0,3.0,36.0,0.0,Rasht,1.0,0.0,1.0,17.0,8.9,7.5,293370
89.0,2.0,2.0,4.0,14.0,1.0,Qom,1.0,0.0,0.0,10.3,9.8,5.1,100000
150.0,3.0,4.0,2.0,10.0,0.0,Tabriz,0.0,0.0,0.0,7.0,3.7,7.7,149312
232.0,3.0,2.0,2.0,11.0,2.0,Shiraz,0.0,0.0,0.0,7.1,9.1,6.3,270460
322.0,7.0,5.0,1.0,11.0,2.0,Shiraz,0.0,0.0,1.0,17.5,5.8,6.1,521876
289.0,4.0,5.0,1.0,38.0,0.0,Tehran,0.0,0.0,1.0,20.6,2.4,8.3,561155
50.0,2.0,2.0,2.0,37.0,3.0,Qom,1.0,0.0,0.0,32.4,2.0,4.3,100000
327.0,5.0,4.0,4.0,15.0,3.0,Mashhad,1.0,0.0,0.0,20.4,4.1,8.3,423216
150.0,2.0,2.0,2.0,2.0,,Mashhad,1.0,0.0,0.0,30.1,6.8,4.3,153474
121.0,2.0,3.0,1.0,30.0,0.0,Rasht,0.0,0.0,1.0,3.6,1.4,9.2,219404
318.0,5.0,5.0,2.0,45.0,3.0,Tabriz,1.0,0.0,0.0,32.1,4.6,7.8,228438
414.0,7.0,5.0,1.0,13.0,2.0,Tabriz,1.0,0.0,1.0,26.5,4.3,8.1,511767
327.0,7.0,5.0,2.0,3.0,3.0,Isfahan,0.0,0.0,0.0,16.2,2.7,9.5,641843
159.0,2.0,2.0,3.0,13.0,3.0,Mashhad,0.0,0.0,0.0,20.3,4.6,6.1,237225
413.0,7.0,5.0,,17.0,1.0,Qom,1.0,0.0,0.0,22.6,3.1,9.9,520800
198.0,3.0,4.0,2.0,7.0,1.0,Tabriz,0.0,0.0,1.0,31.5,8.1,7.7,130936
320.0,5.0,5.0,2.0,28.0,3.0,Isfahan,1.0,0.0,0.0,4.9,7.9,9.2,610419
377.0,7.0,5.0,3.0,4.0,0.0,Karaj,0.0,0.0,1.0,27.8,1.2,8.9,707728
348.0,6.0,5.0,4.0,19.0,2.0,Tehran,0.0,0.0,1.0,19.4,9.6,9.4,745562
198.0,5.0,5.0,1.0,34.0,0.0,Karaj,0.0,0.0,0.0,18.4,,8.1,330179
236.0,5.0,5.0,3.0,38.0,0.0,Qom,0.0,0.0,1.0,3.5,8.5,9.5,342122
385.0,7.0,5.0,4.0,4.0,1.0,Isfahan,1.0,0.0,0.0,14.9,3.3,7.0,2507916
213.0,4.0,5.0,1.0,26.0,0.0,Qom,0.0,0.0,1.0,14.0,5.5,8.1,206938
326.0,6.0,5.0,1.0,5.0,1.0,Tehran,0.0,0.0,1.0,11.8,8.1,5.7,766675
287.0,5.0,5.0,4.0,9.0,2.0,Rasht,1.0,1.0,1.0,26.6,4.7,8.9,543288
248.0,5.0,5.0,1.0,15.0,2.0,Tehran,0.0,1.0,0.0,13.6,7.0,9.8,568802
84.0,1.0,1.0,3.0,9.0,1.0,Tehran,1.0,0.0,0.0,12.2,9.9,7.5,123283
266.0,4.0,4.0,1.0,41.0,0.0,Karaj,0.0,0.0,1.0,30.1,7.9,5.2,171031
253.0,6.0,5.0,4.0,44.0,1.0,Mashhad,1.0,0.0,1.0,3.2,4.5,7.4,413878
333.0,6.0,5.0,2.0,16.0,0.0,Shiraz,0.0,0.0,0.0,13.6,5.5,4.0,456481
238.0,3.0,3.0,4.0,20.0,3.0,Tehran,0.0,0.0,1.0,3.5,5.6,5.4,609156
209.0,3.0,3.0,1.0,40.0,0.0,Karaj,0.0,0.0,1.0,31.3,8.9,5.0,100000
214.0,4.0,4.0,4.0,42.0,3.0,Karaj,0.0,0.0,0.0,11.6,8.6,6.8,263883
290.0,5.0,5.0,4.0,9.0,2.0,Isfahan,0.0,0.0,1.0,12.2,5.2,4.9,422951
352.0,7.0,5.0,4.0,38.0,,Rasht,0.0,0.0,0.0,,4.0,6.9,611961
359.0,6.0,5.0,3.0,21.0,2.0,Tehran,0.0,0.0,1.0,4.6,,9.2,932006
377.0,6.0,5.0,1.0,35.0,1.0,Mashhad,0.0,0.0,1.0,23.2,3.0,4.8,508719
193.0,5.0,5.0,2.0,19.0,0.0,Tehran,0.0,0.0,1.0,14.5,3.0,5.6,334625
95.0,1.0,1.0,,25.0,2.0,Shiraz,1.0,0.0,0.0,2.1,1.4,6.4,100000
273.0,5.0,5.0,4.0,3.0,2.0,Isfahan,0.0,0.0,,25.2,6.4,7.6,373971
105.0,3.0,3.0,4.0,40.0,2.0,Isfahan,1.0,0.0,0.0,12.7,4.0,7.3,156043
318.0,6.0,5.0,4.0,36.0,2.0,Rasht,1.0,0.0,1.0,31.3,5.7,7.1,321567
175.0,3.0,3.0,3.0,30.0,0.0,Rasht,1.0,0.0,0.0,27.1,1.8,7.3,148141
403.0,7.0,5.0,3.0,32.0,1.0,Karaj,1.0,,0.0,5.5,4.2,7.2,614284
249.0,5.0,4.0,2.0,2.0,2.0,Isfahan,1.0,0.0,0.0,22.7,3.1,8.5,514173
299.0,4.0,3.0,3.0,26.0,1.0,Tabriz,0.0,0.0,1.0,23.6,5.9,8.5,221582
134.0,2.0,3.0,2.0,9.0,3.0,Mashhad,0.0,0.0,0.0,16.8,8.2,8.1,205991
294.0,4.0,4.0,4.0,4.0,2.0,Tehran,0.0,0.0,1.0,33.1,3.3,7.9,623518
329.0,7.0,5.0,2.0,7.0,0.0,Isfahan,1.0,0.0,1.0,25.8,8.3,5.3,475956
90.0,1.0,2.0,1.0,1.0,3.0,Tehran,0.0,0.0,0.0,21.1,4.6,7.1,146036
311.0,7.0,5.0,2.0,29.0,3.0,Isfahan,1.0,0.0,1.0,11.9,3.1,5.3,452662
188.0,4.0,4.0,3.0,3.0,1.0,Tehran,0.0,1.0,1.0,28.7,5.2,5.6,465747
330.0,7.0,5.0,2.0,30.0,3.0,Tehran,0.0,0.0,0.0,6.7,5.8,7.2,749700
46.0,1.0,1.0,1.0,23.0,3.0,Rasht,1.0,0.0,1.0,22.2,4.6,8.8,100000
72.0,1.0,2.0,3.0,10.0,2.0,Tehran,1.0,0.0,0.0,2.6,7.1,7.1,166043
318.0,7.0,5.0,4.0,34.0,0.0,Tehran,0.0,1.0,,1.8,5.6,8.0,761790
256.0,6.0,5.0,1.0,15.0,3.0,Qom,1.0,0.0,1.0,23.1,9.9,,247132
68.0,2.0,1.0,2.0,28.0,3.0,Shiraz,0.0,0.0,0.0,15.6,2.1,7.8,142852
320.0,7.0,5.0,1.0,24.0,2.0,Mashhad,0.0,0.0,0.0,28.0,3.2,7.9,408493
267.0,5.0,4.0,4.0,0.0,1.0,Isfahan,0.0,0.0,0.0,20.5,8.4,5.4,364387
386.0,7.0,5.0,2.0,21.0,1.0,Isfahan,0.0,0.0,1.0,20.4,9.4,9.8,566875
355.0,5.0,5.0,1.0,11.0,0.0,Qom,1.0,1.0,1.0,6.1,6.2,4.2,609364
132.0,1.0,1.0,4.0,1.0,1.0,Shiraz,0.0,0.0,0.0,30.7,8.6,4.2,100000
299.0,4.0,4.0,4.0,32.0,3.0,Shiraz,0.0,0.0,0.0,7.6,5.6,4.5,268677
250.0,5.0,5.0,4.0,40.0,3.0,Mashhad,0.0,0.0,0.0,17.4,7.0,6.2,388854
378.0,7.0,5.0,3.0,32.0,1.0,Shiraz,1.0,0.0,0.0,10.3,8.7,9.7,542006
336.0,6.0,5.0,4.0,35.0,1.0,Shiraz,0.0,0.0,0.0,6.6,1.0,8.2,484007
201.0,4.0,3.0,4.0,21.0,3.0,Shiraz,0.0,0.0,1.0,2.7,3.6,6.5,310689
276.0,4.0,5.0,2.0,45.0,3.0,Qom,0.0,0.0,0.0,23.0,1.6,7.5,171913
61.0,1.0,2.0,4.0,38.0,0.0,Tehran,0.0,0.0,1.0,4.3,6.2,4.1,100000
129.0,3.0,3.0,4.0,10.0,0.0,Karaj,0.0,0.0,1.0,15.6,2.5,7.1,164153
178.0,3.0,3.0,4.0,31.0,1.0,,1.0,,1.0,29.7,3.2,7.2,100000
295.0,6.0,5.0,4.0,,3.0,Qom,0.0,0.0,1.0,15.6,9.6,8.0,403275
98.0,3.0,3.0,4.0,37.0,1.0,Isfahan,0.0,1.0,0.0,7.6,5.8,6.0,172978
89.0,3.0,4.0,4.0,,,Karaj,0.0,0.0,0.0,29.0,1.2,5.4,143500
70.0,1.0,1.0,,2.0,3.0,Qom,0.0,0.0,1.0,25.0,6.4,5.7,108660
341.0,7.0,5.0,1.0,18.0,0.0,Mashhad,0.0,1.0,0.0,8.2,9.2,9.9,742635
387.0,7.0,5.0,3.0,17.0,2.0,Tehran,0.0,0.0,0.0,28.9,5.8,6.6,714260
171.0,3.0,3.0,4.0,2.0,1.0,Qom,0.0,0.0,1.0,2.6,8.2,6.3,298787
127.0,3.0,4.0,3.0,43.0,1.0,Shiraz,1.0,,1.0,17.3,6.8,9.3,100000
142.0,4.0,3.0,4.0,13.0,2.0,Karaj,0.0,0.0,0.0,7.1,9.7,9.6,350920
99.0,3.0,3.0,2.0,8.0,1.0,Shiraz,0.0,0.0,0.0,,,6.2,191838
161.0,3.0,4.0,4.0,35.0,0.0,Tabriz,0.0,0.0,0.0,0.6,4.7,4.0,180176
365.0,6.0,,4.0,17.0,2.0,Tabriz,0.0,0.0,0.0,3.8,4.8,8.1,551624
207.0,4.0,3.0,4.0,22.0,3.0,Tabriz,1.0,0.0,0.0,12.5,1.6,7.4,389679
100.0,2.0,1.0,2.0,19.0,0.0,Tabriz,0.0,0.0,0.0,33.9,6.6,5.4,100000
223.0,4.0,4.0,3.0,16.0,0.0,Isfahan,1.0,0.0,0.0,28.2,1.0,9.2,232324
181.0,2.0,1.0,1.0,35.0,1.0,,0.0,0.0,0.0,10.2,8.8,8.5,185004
249.0,5.0,4.0,2.0,26.0,3.0,Mashhad,1.0,0.0,0.0,24.4,2.6,8.9,306738
195.0,3.0,3.0,4.0,1.0,1.0,Isfahan,1.0,0.0,1.0,23.2,10.0,9.0,282106
71.0,1.0,2.0,1.0,39.0,2.0,Tehran,0.0,0.0,1.0,21.7,3.8,6.7,100000
193.0,5.0,5.0,1.0,40.0,0.0,Shiraz,0.0,0.0,0.0,21.5,5.9,7.7,206359
332.0,7.0,5.0,4.0,21.0,0.0,Mashhad,1.0,0.0,0.0,24.1,7.6,5.2,468016
416.0,7.0,5.0,2.0,44.0,2.0,Isfahan,1.0,0.0,0.0,25.5,4.3,9.7,548409
282.0,5.0,5.0,1.0,21.0,2.0,Qom,1.0,,0.0,24.2,9.3,9.1,296150
386.0,7.0,5.0,4.0,39.0,1.0,Shiraz,1.0,0.0,1.0,24.7,3.8,8.2,376310
159.0,3.0,2.0,1.0,41.0,1.0,Mashhad,0.0,0.0,0.0,28.2,4.8,5.4,109581
416.0,7.0,5.0,4.0,10.0,2.0,Qom,0.0,1.0,0.0,19.2,3.7,4.3,563493
353.0,7.0,5.0,2.0,45.0,0.0,,1.0,0.0,0.0,10.0,2.8,,442161
134.0,1.0,1.0,1.0,37.0,0.0,Isfahan,1.0,0.0,1.0,5.8,,5.3,190350
415.0,7.0,5.0,3.0,7.0,2.0,Shiraz,0.0,0.0,0.0,23.7,4.9,6.4,560615
250.0,6.0,5.0,4.0,28.0,0.0,Karaj,0.0,0.0,1.0,24.1,4.2,4.0,333476
136.0,3.0,2.0,4.0,14.0,1.0,Mashhad,0.0,0.0,1.0,2.3,2.2,4.3,217143
297.0,5.0,5.0,,44.0,3.0,Rasht,0.0,0.0,1.0,16.9,4.4,6.4,328913
346.0,7.0,5.0,3.0,33.0,1.0,Qom,0.0,0.0,0.0,24.9,2.5,7.2,372140
264.0,5.0,5.0,1.0,33.0,0.0,Tabriz,0.0,0.0,1.0,17.9,10.0,7.5,318595
216.0,3.0,3.0,3.0,2.0,1.0,Tehran,0.0,0.0,1.0,33.7,4.7,4.5,370677
120.0,2.0,3.0,1.0,7.0,2.0,Rasht,0.0,0.0,1.0,5.9,9.5,6.5,182215
87.0,1.0,1.0,4.0,44.0,1.0,Qom,1.0,0.0,0.0,18.5,9.3,7.5,100000
320.0,7.0,5.0,1.0,15.0,0.0,Qom,1.0,0.0,0.0,1.1,2.8,9.2,513463
171.0,2.0,3.0,1.0,42.0,0.0,Shiraz,0.0,0.0,0.0,28.6,4.0,6.1,100000
329.0,7.0,5.0,4.0,18.0,2.0,Shiraz,0.0,1.0,0.0,19.2,3.1,6.7,471361
203.0,3.0,3.0,1.0,0.0,0.0,Shiraz,0.0,0.0,0.0,22.1,2.6,9.8,265531
400.0,6.0,5.0,2.0,,2.0,Qom,0.0,1.0,1.0,32.6,3.6,4.5,482171
69.0,1.0,1.0,3.0,28.0,0.0,Mashhad,1.0,0.0,1.0,2.4,7.6,5.3,100000
86.0,2.0,3.0,1.0,18.0,2.0,Qom,0.0,0.0,1.0,13.6,2.9,7.0,100000
324.0,7.0,5.0,4.0,35.0,3.0,Tabriz,0.0,0.0,0.0,3.2,3.5,6.0,465713
55.0,1.0,2.0,3.0,,1.0,Qom,1.0,0.0,0.0,27.6,3.6,9.8,100000
232.0,3.0,3.0,3.0,31.0,0.0,Karaj,0.0,0.0,1.0,11.1,2.2,4.3,311745
174.0,4.0,4.0,4.0,34.0,0.0,Mashhad,0.0,0.0,1.0,10.2,5.2,6.6,242773
272.0,6.0,5.0,4.0,43.0,3.0,Tabriz,0.0,0.0,0.0,12.8,3.6,6.0,269980
78.0,1.0,1.0,4.0,7.0,0.0,Rasht,0.0,0.0,0.0,32.5,6.4,5.8,100000
221.0,3.0,2.0,2.0,36.0,3.0,Qom,0.0,0.0,0.0,23.2,7.3,5.1,134386
329.0,5.0,5.0,4.0,28.0,1.0,Tabriz,1.0,0.0,0.0,4.8,3.9,9.2,519837
67.0,2.0,3.0,1.0,6.0,3.0,Shiraz,0.0,0.0,1.0,12.7,9.2,9.9,193223
323.0,6.0,5.0,4.0,0.0,3.0,Tehran,0.0,0.0,1.0,3.7,1.8,5.0,803866
81.0,1.0,1.0,4.0,15.0,3.0,Tabriz,0.0,0.0,0.0,21.9,9.1,9.2,100000
181.0,2.0,1.0,1.0,1.0,3.0,Mashhad,0.0,0.0,0.0,10.9,9.9,8.0,288723
175.0,3.0,3.0,3.0,11.0,0.0,Tabriz,1.0,0.0,1.0,2.9,,5.5,221484
280.0,5.0,5.0,4.0,4.0,1.0,Mashhad,1.0,0.0,1.0,33.0,9.1,9.3,423127
412.0,7.0,5.0,4.0,11.0,3.0,Rasht,0.0,0.0,1.0,25.6,6.4,9.9,570538
357.0,7.0,5.0,3.0,4.0,2.0,Mashhad,1.0,0.0,1.0,34.0,2.2,6.2,532139
288.0,4.0,5.0,3.0,9.0,1.0,Rasht,0.0,,0.0,25.4,6.6,9.5,341537
393.0,6.0,5.0,3.0,35.0,2.0,Mashhad,0.0,0.0,1.0,19.3,9.5,5.2,415861
65.0,2.0,2.0,,40.0,0.0,Tehran,1.0,0.0,1.0,28.7,1.6,7.3,100000
164.0,4.0,4.0,3.0,20.0,3.0,Tabriz,0.0,0.0,0.0,17.5,7.5,7.2,194425
123.0,2.0,1.0,2.0,28.0,3.0,Isfahan,1.0,1.0,0.0,26.4,7.2,7.6,113443
229.0,4.0,5.0,2.0,27.0,1.0,Qom,0.0,0.0,0.0,17.3,4.8,5.3,180870
317.0,5.0,5.0,3.0,31.0,1.0,Rasht,1.0,0.0,1.0,3.3,2.6,7.9,579808
177.0,4.0,,1.0,32.0,1.0,Rasht,0.0,0.0,0.0,25.3,7.1,8.7,100000
120.0,1.0,2.0,4.0,32.0,3.0,Tehran,0.0,0.0,1.0,2.7,2.9,6.5,190196
197.0,4.0,3.0,3.0,2.0,1.0,Isfahan,0.0,0.0,0.0,10.4,5.0,6.3,309638
106.0,2.0,1.0,4.0,14.0,3.0,Karaj,1.0,0.0,1.0,17.1,1.1,5.4,187745
416.0,7.0,5.0,2.0,23.0,1.0,Tehran,0.0,0.0,0.0,5.1,6.0,5.8,937744
376.0,7.0,5.0,3.0,8.0,,Isfahan,1.0,0.0,1.0,17.4,5.2,8.1,1316494
313.0,7.0,5.0,1.0,11.0,3.0,Tabriz,1.0,0.0,,27.6,5.6,7.0,473611
81.0,1.0,2.0,1.0,5.0,2.0,Tabriz,1.0,0.0,0.0,29.6,2.3,7.3,100000
244.0,4.0,3.0,1.0,17.0,0.0,Qom,0.0,0.0,1.0,0.5,,9.0,244608
135.0,3.0,3.0,2.0,39.0,1.0,Rasht,0.0,0.0,1.0,18.5,9.5,4.3,100000
60.0,1.0,1.0,3.0,15.0,0.0,Karaj,0.0,0.0,1.0,21.1,6.3,7.7,100000
127.0,3.0,4.0,3.0,5.0,,Qom,0.0,0.0,0.0,3.9,8.6,6.8,215668
105.0,3.0,3.0,1.0,11.0,1.0,Shiraz,1.0,0.0,0.0,10.2,7.2,4.7,167828
88.0,1.0,1.0,2.0,22.0,2.0,Rasht,0.0,0.0,0.0,26.4,4.3,4.3,100000
91.0,2.0,2.0,2.0,20.0,1.0,Tabriz,0.0,0.0,1.0,13.2,9.0,6.0,102028
319.0,7.0,5.0,2.0,21.0,3.0,Tabriz,1.0,1.0,1.0,14.5,8.6,4.1,499839
216.0,4.0,5.0,1.0,20.0,2.0,Qom,0.0,0.0,0.0,2.7,4.5,7.4,370998
407.0,7.0,5.0,4.0,11.0,1.0,Karaj,1.0,0.0,0.0,1.2,1.3,4.0,800556
245.0,4.0,4.0,1.0,41.0,0.0,Rasht,0.0,1.0,1.0,7.6,7.0,9.4,384705
335.0,5.0,,2.0,15.0,1.0,Mashhad,0.0,0.0,1.0,,7.4,9.6,528784
408.0,7.0,5.0,4.0,2.0,2.0,Karaj,1.0,0.0,1.0,8.8,8.4,9.2,817231
373.0,7.0,5.0,4.0,40.0,0.0,Rasht,0.0,0.0,1.0,33.6,5.1,4.1,296629
376.0,7.0,5.0,3.0,6.0,0.0,,0.0,0.0,0.0,11.4,1.7,9.3,507377
280.0,4.0,4.0,1.0,37.0,2.0,Karaj,1.0,0.0,,13.3,7.3,8.4,319774
64.0,2.0,,1.0,28.0,2.0,Shiraz,0.0,0.0,0.0,4.5,3.0,5.6,127922
342.0,6.0,5.0,1.0,41.0,0.0,Shiraz,1.0,0.0,1.0,10.0,8.1,9.6,497620
168.0,2.0,2.0,1.0,37.0,3.0,Isfahan,0.0,0.0,1.0,12.5,1.1,7.3,100000
333.0,7.0,5.0,1.0,28.0,0.0,Tehran,0.0,0.0,0.0,26.3,9.4,6.2,574564
371.0,7.0,5.0,4.0,21.0,0.0,Rasht,1.0,0.0,0.0,18.6,5.2,6.0,444332
366.0,6.0,5.0,,14.0,0.0,Tehran,0.0,0.0,0.0,30.2,6.3,4.8,713674
269.0,6.0,5.0,4.0,32.0,2.0,Karaj,1.0,0.0,0.0,12.2,4.3,5.0,388748
105.0,1.0,1.0,3.0,38.0,0.0,Tabriz,0.0,0.0,1.0,7.4,8.4,5.5,100000
218.0,4.0,4.0,4.0,9.0,1.0,Isfahan,0.0,0.0,0.0,28.9,2.6,8.7,283415
208.0,5.0,5.0,2.0,30.0,1.0,Rasht,1.0,0.0,1.0,32.7,6.4,8.0,207248
216.0,4.0,5.0,1.0,44.0,3.0,Isfahan,0.0,0.0,0.0,24.9,9.0,6.6,200378
307.0,6.0,5.0,1.0,11.0,2.0,Tabriz,0.0,1.0,0.0,3.4,9.0,6.6,519290
389.0,7.0,5.0,4.0,29.0,3.0,Tehran,1.0,0.0,1.0,1.1,8.9,7.0,994849
222.0,4.0,4.0,4.0,11.0,3.0,Isfahan,1.0,0.0,,29.1,1.1,9.4,308292
401.0,7.0,5.0,1.0,24.0,3.0,Tehran,1.0,0.0,1.0,30.4,3.5,4.6,768947
49.0,1.0,2.0,2.0,9.0,0.0,Tabriz,0.0,0.0,0.0,30.7,5.9,4.9,100000
220.0,5.0,5.0,4.0,30.0,0.0,Qom,0.0,0.0,1.0,23.3,4.2,6.2,236805
338.0,7.0,5.0,2.0,8.0,2.0,Rasht,1.0,0.0,0.0,5.0,4.5,9.6,689135
322.0,5.0,5.0,1.0,31.0,1.0,Shiraz,0.0,1.0,0.0,10.8,9.4,9.7,471740
355.0,6.0,5.0,4.0,31.0,1.0,Mashhad,1.0,0.0,0.0,10.9,2.6,5.8,572606
82.0,2.0,1.0,1.0,30.0,1.0,Isfahan,1.0,0.0,1.0,34.8,3.0,8.2,100000
46.0,1.0,1.0,1.0,40.0,1.0,Isfahan,0.0,0.0,1.0,11.8,4.3,8.5,100000
303.0,6.0,5.0,1.0,33.0,3.0,Isfahan,0.0,0.0,1.0,26.7,4.3,6.7,450779
250.0,6.0,5.0,1.0,31.0,3.0,Mashhad,1.0,0.0,0.0,22.2,5.6,7.1,358351
362.0,6.0,5.0,3.0,22.0,3.0,Rasht,1.0,0.0,0.0,21.1,1.2,6.1,448011
341.0,6.0,5.0,3.0,8.0,3.0,,0.0,0.0,0.0,0.7,6.7,6.7,634852
229.0,3.0,2.0,3.0,,0.0,Mashhad,0.0,0.0,0.0,25.8,1.2,5.3,241652
90.0,2.0,2.0,3.0,41.0,1.0,Tehran,0.0,0.0,1.0,4.8,5.1,7.0,180781
323.0,6.0,5.0,2.0,5.0,2.0,Tabriz,0.0,0.0,1.0,24.3,6.0,5.0,315475
314.0,6.0,5.0,1.0,32.0,0.0,Tabriz,1.0,0.0,0.0,10.7,4.0,8.2,354162
167.0,3.0,4.0,1.0,16.0,2.0,Isfahan,0.0,0.0,0.0,8.9,2.2,6.3,284425
59.0,1.0,1.0,1.0,37.0,1.0,Tabriz,0.0,0.0,0.0,26.5,3.7,9.1,100000
303.0,7.0,5.0,2.0,38.0,2.0,Tehran,0.0,0.0,0.0,28.8,9.9,8.1,541531
346.0,7.0,5.0,2.0,23.0,3.0,Isfahan,0.0,0.0,1.0,18.0,8.7,4.8,357349
90.0,2.0,2.0,3.0,1.0,1.0,Tabriz,0.0,0.0,0.0,14.9,4.8,5.0,164024
183.0,4.0,4.0,3.0,15.0,1.0,Mashhad,1.0,0.0,1.0,1.6,6.7,7.0,373323
136.0,1.0,2.0,1.0,24.0,0.0,Qom,,0.0,0.0,4.9,9.5,5.1,100000
296.0,5.0,5.0,3.0,39.0,3.0,Karaj,0.0,0.0,0.0,31.0,8.8,9.8,403420
46.0,2.0,2.0,,27.0,0.0,Karaj,0.0,0.0,0.0,5.5,4.1,7.9,101327
175.0,4.0,3.0,2.0,4.0,2.0,Mashhad,0.0,0.0,0.0,4.4,2.3,7.9,327865
349.0,5.0,5.0,2.0,1.0,3.0,Rasht,1.0,0.0,1.0,7.8,3.3,4.1,684782
307.0,6.0,5.0,2.0,19.0,3.0,Shiraz,1.0,0.0,0.0,4.3,7.6,7.3,479592
197.0,3.0,4.0,3.0,43.0,2.0,Qom,0.0,0.0,0.0,19.3,1.6,4.3,100000
290.0,6.0,5.0,2.0,19.0,1.0,Tabriz,,0.0,0.0,12.3,4.4,8.6,471640
65.0,2.0,3.0,2.0,42.0,2.0,Isfahan,0.0,0.0,1.0,28.8,7.8,6.3,100000
294.0,5.0,5.0,4.0,29.0,0.0,Karaj,0.0,0.0,1.0,13.8,7.3,,317798
83.0,2.0,2.0,3.0,10.0,1.0,Isfahan,0.0,0.0,1.0,1.9,7.8,6.7,239220
119.0,3.0,2.0,3.0,28.0,3.0,Mashhad,0.0,0.0,1.0,16.2,4.1,7.2,120794
292.0,4.0,5.0,2.0,19.0,1.0,Shiraz,,0.0,0.0,5.7,9.4,7.2,380533
292.0,4.0,4.0,4.0,8.0,1.0,Isfahan,0.0,1.0,0.0,20.4,3.9,4.9,384957
411.0,6.0,5.0,1.0,38.0,1.0,Karaj,0.0,0.0,0.0,,5.3,8.4,718810
372.0,6.0,5.0,3.0,9.0,3.0,Mashhad,0.0,0.0,1.0,26.1,7.0,7.6,522487
212.0,5.0,5.0,3.0,6.0,2.0,Karaj,,0.0,0.0,18.2,9.1,5.3,308269
164.0,3.0,3.0,4.0,20.0,3.0,Shiraz,0.0,0.0,1.0,10.1,1.2,6.0,285332
302.0,5.0,5.0,2.0,24.0,0.0,Shiraz,1.0,1.0,0.0,26.4,6.9,7.8,362572
208.0,4.0,4.0,3.0,18.0,2.0,Mashhad,,0.0,0.0,6.8,2.9,7.2,396143
376.0,6.0,5.0,4.0,37.0,2.0,Isfahan,0.0,1.0,1.0,13.1,3.9,6.4,526440
261.0,6.0,5.0,4.0,,0.0,Tabriz,1.0,0.0,0.0,5.0,8.4,8.3,467517
386.0,7.0,5.0,2.0,40.0,2.0,Shiraz,0.0,0.0,0.0,31.8,7.2,6.1,360133
291.0,6.0,5.0,3.0,43.0,2.0,Tehran,0.0,1.0,1.0,19.8,5.9,8.4,2547772
259.0,4.0,5.0,2.0,41.0,3.0,Tehran,1.0,0.0,1.0,10.1,4.3,4.9,622842
56.0,2.0,2.0,4.0,4.0,0.0,Isfahan,0.0,0.0,1.0,13.0,8.8,8.2,103059
296.0,6.0,5.0,3.0,0.0,1.0,Mashhad,0.0,0.0,1.0,5.0,7.2,9.8,569911
83.0,,2.0,2.0,16.0,3.0,Mashhad,0.0,0.0,0.0,15.4,5.0,7.6,106728
369.0,6.0,5.0,2.0,26.0,0.0,Shiraz,1.0,0.0,0.0,33.6,2.6,8.5,307235
190.0,3.0,4.0,1.0,31.0,3.0,Tehran,0.0,0.0,0.0,14.9,8.1,5.6,304612
376.0,6.0,5.0,2.0,4.0,3.0,Isfahan,0.0,0.0,0.0,28.1,8.5,7.4,484055
351.0,6.0,5.0,,17.0,1.0,Shiraz,0.0,0.0,1.0,15.1,5.4,6.5,521238
408.0,6.0,5.0,2.0,33.0,0.0,Isfahan,1.0,0.0,0.0,22.3,,6.2,1775224
170.0,3.0,3.0,4.0,6.0,1.0,Mashhad,0.0,0.0,,27.1,2.9,6.4,262662
220.0,3.0,2.0,4.0,21.0,1.0,Karaj,1.0,0.0,0.0,22.0,5.2,4.4,179073
328.0,7.0,5.0,4.0,14.0,3.0,Rasht,0.0,0.0,0.0,15.7,5.3,4.2,460691
137.0,3.0,3.0,1.0,40.0,0.0,Qom,0.0,0.0,0.0,8.7,8.2,5.4,400000
372.0,6.0,5.0,4.0,44.0,2.0,Qom,0.0,0.0,1.0,28.9,9.7,6.5,200725
86.0,,4.0,2.0,12.0,0.0,Tehran,0.0,0.0,0.0,11.7,5.4,4.8,222037
364.0,7.0,5.0,4.0,30.0,0.0,Qom,1.0,0.0,0.0,2.5,8.8,4.4,400914
192.0,4.0,4.0,2.0,4.0,3.0,Rasht,1.0,0.0,0.0,32.5,3.9,4.3,258642
159.0,,1.0,1.0,39.0,2.0,Tehran,0.0,0.0,0.0,26.9,,8.7,100000
192.0,3.0,3.0,2.0,16.0,1.0,Karaj,0.0,0.0,1.0,17.8,1.8,6.4,329184
184.0,2.0,2.0,,38.0,2.0,Isfahan,1.0,0.0,1.0,9.7,2.4,5.7,291014
154.0,2.0,2.0,4.0,8.0,2.0,Shiraz,0.0,0.0,0.0,11.0,7.8,8.9,176804
372.0,6.0,5.0,4.0,18.0,3.0,Karaj,0.0,0.0,1.0,14.2,6.4,9.5,576317
114.0,3.0,4.0,3.0,36.0,0.0,Rasht,1.0,0.0,0.0,33.3,9.5,7.0,100000
53.0,1.0,1.0,1.0,4.0,3.0,Tehran,1.0,0.0,0.0,4.3,7.6,8.3,100000
145.0,4.0,4.0,3.0,9.0,1.0,Qom,0.0,0.0,1.0,15.5,4.8,4.2,193552
345.0,5.0,5.0,1.0,33.0,2.0,Tabriz,1.0,0.0,0.0,10.2,5.9,9.4,466502
188.0,2.0,1.0,2.0,12.0,2.0,Mashhad,0.0,0.0,0.0,15.2,3.4,6.3,224554
55.0,1.0,1.0,1.0,37.0,2.0,Qom,0.0,0.0,0.0,25.5,1.3,8.9,100000
73.0,1.0,1.0,4.0,41.0,1.0,Rasht,,0.0,1.0,8.1,8.1,10.0,100000
395.0,6.0,5.0,1.0,41.0,3.0,Isfahan,1.0,0.0,1.0,5.7,9.3,9.6,587898
163.0,2.0,2.0,1.0,1.0,2.0,Shiraz,0.0,0.0,1.0,12.0,8.6,4.5,155110
221.0,4.0,5.0,2.0,0.0,0.0,Tabriz,1.0,0.0,1.0,26.3,4.2,4.2,233198
313.0,5.0,5.0,3.0,43.0,3.0,Isfahan,0.0,0.0,0.0,24.3,8.1,5.4,237078
46.0,2.0,3.0,3.0,22.0,3.0,Shiraz,1.0,0.0,0.0,1.7,8.4,5.2,221732
272.0,4.0,4.0,2.0,28.0,3.0,Karaj,0.0,0.0,1.0,29.6,7.7,8.4,319333
420.0,7.0,5.0,2.0,6.0,1.0,Tabriz,0.0,0.0,0.0,10.7,7.8,8.5,565181
269.0,,5.0,2.0,27.0,1.0,Rasht,0.0,0.0,0.0,25.0,2.4,8.2,364498
305.0,7.0,5.0,4.0,10.0,0.0,Rasht,0.0,0.0,0.0,33.4,1.3,7.1,351494
249.0,4.0,4.0,3.0,19.0,2.0,Rasht,1.0,0.0,0.0,21.3,5.9,9.1,398209
153.0,4.0,3.0,4.0,14.0,0.0,Mashhad,0.0,0.0,1.0,33.6,8.2,8.4,106376
257.0,4.0,5.0,4.0,30.0,0.0,Tehran,1.0,0.0,1.0,1.3,1.6,7.6,646979
178.0,2.0,1.0,4.0,7.0,2.0,Qom,1.0,1.0,1.0,19.9,5.8,9.8,227487
280.0,,5.0,3.0,6.0,0.0,Qom,0.0,0.0,0.0,21.8,,8.9,324973
273.0,4.0,4.0,3.0,30.0,0.0,Tehran,1.0,0.0,1.0,20.1,3.8,4.8,464575
117.0,1.0,1.0,2.0,20.0,1.0,Rasht,0.0,0.0,0.0,20.8,1.4,6.0,119891
217.0,4.0,5.0,1.0,7.0,1.0,Qom,0.0,0.0,0.0,14.6,1.3,8.1,405524
65.0,1.0,1.0,4.0,40.0,0.0,Shiraz,1.0,1.0,0.0,22.1,6.3,7.1,100000
300.0,6.0,5.0,,11.0,,Isfahan,0.0,0.0,0.0,3.1,1.2,4.2,509887
64.0,2.0,2.0,1.0,34.0,0.0,Tabriz,1.0,0.0,0.0,,3.5,9.8,112012
200.0,4.0,4.0,4.0,10.0,0.0,Mashhad,0.0,0.0,0.0,2.3,8.9,5.1,310718
,6.0,5.0,3.0,42.0,2.0,Qom,0.0,0.0,1.0,4.3,4.9,7.3,383899
243.0,5.0,4.0,3.0,0.0,1.0,Qom,0.0,0.0,0.0,22.4,2.0,5.3,319621
218.0,3.0,2.0,1.0,6.0,1.0,Isfahan,0.0,0.0,1.0,30.0,4.0,4.5,181468
346.0,7.0,5.0,3.0,3.0,1.0,Tehran,1.0,0.0,0.0,11.8,6.8,8.3,769903
334.0,7.0,5.0,3.0,17.0,2.0,Tehran,0.0,1.0,1.0,32.7,5.6,6.5,748303
389.0,7.0,5.0,4.0,10.0,0.0,Qom,0.0,0.0,0.0,1.0,2.3,8.7,521497
415.0,7.0,,2.0,42.0,2.0,Tehran,0.0,0.0,1.0,3.5,8.9,9.4,980830
170.0,3.0,4.0,3.0,22.0,1.0,,0.0,0.0,0.0,8.3,7.7,9.1,177241
355.0,5.0,4.0,1.0,44.0,3.0,Rasht,1.0,0.0,1.0,3.5,6.9,,507143
231.0,3.0,2.0,2.0,41.0,0.0,Tehran,0.0,0.0,1.0,18.3,7.3,7.0,252893
274.0,5.0,4.0,1.0,,3.0,Karaj,0.0,0.0,1.0,26.3,8.1,8.3,356337
160.0,2.0,3.0,1.0,2.0,2.0,Shiraz,0.0,0.0,0.0,12.4,5.0,5.4,343320
52.0,2.0,1.0,3.0,31.0,2.0,Tehran,1.0,0.0,0.0,32.3,9.3,4.8,100000
209.0,5.0,5.0,1.0,25.0,0.0,Rasht,1.0,0.0,0.0,11.5,5.1,9.4,375511
274.0,6.0,5.0,3.0,3.0,0.0,,1.0,1.0,1.0,14.2,7.9,7.4,490893
315.0,5.0,5.0,2.0,35.0,2.0,Isfahan,1.0,0.0,,21.3,2.1,4.7,331606
71.0,2.0,3.0,4.0,38.0,2.0,Isfahan,1.0,0.0,1.0,11.3,2.2,9.7,150699
401.0,6.0,5.0,4.0,19.0,3.0,Isfahan,0.0,0.0,1.0,20.7,5.5,8.9,596050
255.0,5.0,5.0,1.0,32.0,0.0,Tehran,0.0,0.0,0.0,23.8,4.6,9.8,534484
216.0,3.0,3.0,4.0,34.0,3.0,Karaj,0.0,0.0,0.0,34.0,3.8,4.6,159373
228.0,3.0,4.0,4.0,44.0,1.0,Rasht,0.0,0.0,1.0,16.6,,6.0,126964
119.0,1.0,1.0,3.0,30.0,2.0,Shiraz,1.0,0.0,1.0,16.8,1.9,5.7,118205
160.0,3.0,3.0,4.0,10.0,0.0,Tehran,0.0,0.0,0.0,26.5,4.1,4.7,211805
,3.0,2.0,2.0,15.0,0.0,Tabriz,0.0,0.0,0.0,7.6,7.5,9.6,252672
117.0,3.0,3.0,2.0,11.0,3.0,Tehran,0.0,1.0,0.0,1.3,9.6,9.6,523856
320.0,7.0,5.0,2.0,26.0,2.0,Rasht,0.0,1.0,0.0,7.9,6.6,5.2,475303
218.0,5.0,4.0,2.0,38.0,1.0,Rasht,0.0,0.0,1.0,25.9,1.1,5.2,415162
313.0,6.0,5.0,3.0,26.0,3.0,Mashhad,0.0,0.0,0.0,15.8,2.0,4.4,476316
164.0,3.0,2.0,4.0,41.0,3.0,Shiraz,0.0,0.0,1.0,0.5,7.5,4.8,207826
172.0,4.0,5.0,2.0,36.0,1.0,Isfahan,0.0,0.0,0.0,13.3,7.6,5.1,123470
122.0,1.0,1.0,4.0,21.0,2.0,Rasht,0.0,0.0,1.0,3.9,3.1,5.8,179931
49.0,1.0,1.0,1.0,16.0,2.0,Isfahan,0.0,0.0,0.0,10.4,7.5,6.6,100000
161.0,3.0,3.0,3.0,20.0,1.0,Tabriz,,0.0,1.0,8.2,6.5,8.4,100000
135.0,3.0,3.0,4.0,1.0,3.0,Shiraz,0.0,0.0,0.0,13.7,10.0,8.0,220155
230.0,3.0,3.0,3.0,11.0,3.0,Tabriz,0.0,0.0,1.0,9.5,8.4,4.9,305628
62.0,1.0,1.0,1.0,5.0,1.0,Tehran,0.0,0.0,1.0,23.8,6.8,5.3,100000
255.0,6.0,5.0,2.0,0.0,2.0,Karaj,0.0,0.0,1.0,33.3,1.1,5.2,379129
298.0,4.0,4.0,3.0,0.0,0.0,Tabriz,0.0,,1.0,1.3,9.8,5.8,313138
120.0,3.0,4.0,2.0,38.0,1.0,Isfahan,0.0,0.0,0.0,12.3,3.4,9.9,169128
126.0,3.0,3.0,2.0,0.0,3.0,Karaj,0.0,0.0,0.0,15.7,7.9,9.5,270228
180.0,3.0,,4.0,24.0,1.0,Karaj,0.0,0.0,0.0,12.2,7.4,5.2,214793
217.0,5.0,5.0,3.0,18.0,2.0,Karaj,0.0,1.0,0.0,13.6,1.4,6.5,463089
352.0,6.0,5.0,1.0,14.0,0.0,Karaj,0.0,0.0,1.0,31.5,10.0,7.6,413182
288.0,5.0,4.0,2.0,13.0,0.0,Isfahan,0.0,0.0,,13.9,7.0,5.2,338940
281.0,5.0,5.0,1.0,29.0,3.0,Tehran,0.0,1.0,0.0,31.8,1.9,9.8,624129
323.0,7.0,5.0,1.0,15.0,0.0,Karaj,0.0,0.0,0.0,13.2,9.2,6.3,548557
133.0,,,2.0,26.0,3.0,Qom,0.0,0.0,0.0,31.9,2.1,9.6,100000
166.0,4.0,4.0,3.0,24.0,0.0,Tehran,0.0,0.0,0.0,24.8,3.5,7.5,310333
95.0,1.0,1.0,2.0,41.0,1.0,Tabriz,1.0,0.0,0.0,7.9,2.5,8.3,100000
296.0,6.0,5.0,1.0,12.0,0.0,Isfahan,1.0,0.0,0.0,16.1,9.5,4.8,492907
125.0,2.0,2.0,2.0,1.0,3.0,Tabriz,,0.0,1.0,17.1,3.0,4.0,298131
172.0,4.0,5.0,3.0,1.0,1.0,Shiraz,0.0,1.0,1.0,12.3,1.6,6.3,398461
197.0,4.0,3.0,2.0,19.0,1.0,Qom,0.0,0.0,0.0,24.7,7.0,4.1,100000
185.0,3.0,4.0,2.0,7.0,0.0,Karaj,0.0,,1.0,6.6,1.9,4.8,341006
,2.0,2.0,1.0,6.0,2.0,Mashhad,0.0,0.0,1.0,18.3,7.3,6.9,232529
335.0,5.0,4.0,4.0,23.0,0.0,Qom,1.0,0.0,0.0,1.9,7.5,6.5,384616
255.0,4.0,,1.0,44.0,3.0,Shiraz,1.0,0.0,0.0,31.7,5.4,4.9,136001
401.0,7.0,5.0,4.0,10.0,3.0,Mashhad,0.0,0.0,1.0,24.0,1.2,6.4,582139
241.0,4.0,4.0,4.0,40.0,3.0,Qom,0.0,0.0,0.0,19.0,8.8,7.6,193986
346.0,5.0,5.0,4.0,42.0,0.0,Qom,,0.0,1.0,33.2,9.1,9.9,277497
406.0,7.0,5.0,4.0,0.0,3.0,Tabriz,1.0,0.0,1.0,25.6,1.7,8.7,621392
77.0,1.0,1.0,2.0,45.0,1.0,Shiraz,0.0,0.0,1.0,4.2,3.9,7.2,100000
106.0,3.0,4.0,2.0,2.0,2.0,Isfahan,0.0,0.0,1.0,26.1,3.4,6.0,233643
117.0,2.0,2.0,3.0,,3.0,Rasht,1.0,0.0,0.0,30.0,7.5,7.1,100000
277.0,6.0,5.0,2.0,3.0,1.0,Tehran,0.0,0.0,0.0,25.1,2.7,5.8,550610
296.0,4.0,5.0,1.0,33.0,1.0,Karaj,1.0,0.0,0.0,4.4,3.8,9.6,503899
218.0,3.0,3.0,1.0,1.0,3.0,Isfahan,0.0,0.0,1.0,34.0,5.5,8.8,358802
61.0,2.0,2.0,2.0,3.0,3.0,Isfahan,0.0,0.0,0.0,13.6,1.6,4.0,100000
212.0,5.0,4.0,1.0,7.0,1.0,Tehran,0.0,0.0,0.0,31.1,7.8,6.1,364173
228.0,5.0,5.0,3.0,40.0,3.0,Qom,0.0,1.0,1.0,2.0,9.4,4.4,312011
125.0,3.0,4.0,3.0,32.0,2.0,Shiraz,1.0,0.0,1.0,13.3,5.7,4.2,151149
69.0,1.0,1.0,1.0,45.0,1.0,Shiraz,1.0,0.0,1.0,13.6,8.1,7.4,100000
226.0,3.0,3.0,3.0,38.0,0.0,Qom,0.0,0.0,1.0,0.7,2.7,8.1,1069395
186.0,3.0,3.0,4.0,2.0,2.0,,0.0,0.0,1.0,19.7,5.1,8.4,269406
351.0,7.0,5.0,2.0,32.0,1.0,Tabriz,0.0,0.0,0.0,11.1,4.3,4.5,430245
392.0,7.0,5.0,4.0,,2.0,Rasht,1.0,0.0,1.0,24.7,6.6,9.0,516330
202.0,4.0,4.0,2.0,37.0,1.0,Tabriz,0.0,0.0,1.0,20.0,3.8,5.5,167445
88.0,1.0,2.0,3.0,44.0,3.0,Shiraz,0.0,0.0,1.0,32.2,8.0,8.5,100000
254.0,6.0,5.0,,30.0,3.0,Rasht,0.0,0.0,1.0,29.1,3.3,5.4,250280
178.0,4.0,4.0,4.0,0.0,1.0,Qom,0.0,0.0,1.0,13.8,8.7,6.2,270310
219.0,5.0,4.0,4.0,30.0,2.0,Tehran,1.0,0.0,1.0,28.1,8.0,7.4,401627
132.0,1.0,1.0,4.0,22.0,2.0,Qom,0.0,0.0,0.0,15.0,5.6,6.2,100000
112.0,3.0,4.0,4.0,7.0,1.0,Shiraz,0.0,0.0,0.0,14.5,6.9,5.1,177189
221.0,5.0,5.0,1.0,22.0,0.0,Shiraz,0.0,0.0,0.0,22.3,8.3,4.9,227182
249.0,4.0,3.0,1.0,6.0,2.0,Rasht,0.0,0.0,1.0,19.8,1.8,6.8,308322
52.0,1.0,1.0,1.0,21.0,2.0,Isfahan,0.0,0.0,0.0,11.7,3.3,4.3,100000
317.0,7.0,5.0,4.0,21.0,3.0,Tehran,1.0,0.0,0.0,21.3,7.5,7.7,744055
176.0,4.0,4.0,4.0,1.0,0.0,Tehran,1.0,0.0,1.0,24.6,5.4,4.4,414285
355.0,6.0,5.0,1.0,39.0,2.0,Shiraz,1.0,0.0,1.0,12.8,7.2,5.3,534110
267.0,6.0,5.0,3.0,43.0,1.0,Tabriz,0.0,0.0,0.0,6.8,3.5,8.8,383752
230.0,5.0,4.0,2.0,2.0,0.0,Qom,1.0,1.0,1.0,9.5,1.9,9.0,449263
303.0,6.0,5.0,4.0,26.0,3.0,Tehran,0.0,0.0,1.0,6.0,9.7,6.3,2893048
129.0,2.0,3.0,4.0,10.0,1.0,Karaj,1.0,0.0,1.0,27.1,5.9,9.3,166585
384.0,6.0,5.0,3.0,15.0,2.0,Tabriz,0.0,0.0,1.0,32.4,9.6,6.9,366760
71.0,1.0,1.0,2.0,3.0,3.0,Tehran,1.0,0.0,1.0,27.1,2.2,9.9,160243
104.0,1.0,1.0,1.0,13.0,0.0,Karaj,,0.0,0.0,31.7,8.5,4.4,100000
408.0,7.0,5.0,3.0,44.0,0.0,Tehran,1.0,0.0,1.0,10.1,6.6,9.3,906687
407.0,7.0,5.0,3.0,31.0,0.0,Mashhad,1.0,0.0,1.0,24.4,4.7,4.6,414976
273.0,6.0,5.0,1.0,24.0,0.0,Tabriz,0.0,0.0,1.0,26.3,4.1,7.7,366349
56.0,1.0,1.0,2.0,32.0,,Karaj,1.0,1.0,0.0,21.3,5.3,8.4,117271
247.0,5.0,5.0,3.0,11.0,1.0,Qom,1.0,1.0,0.0,19.5,1.8,,411005
264.0,4.0,5.0,4.0,27.0,1.0,Rasht,1.0,0.0,0.0,32.4,6.6,8.3,269333
306.0,7.0,5.0,1.0,40.0,0.0,Tabriz,0.0,1.0,0.0,13.3,1.1,7.9,559319
307.0,5.0,5.0,4.0,17.0,2.0,Karaj,0.0,0.0,1.0,21.5,5.2,8.3,590299
,2.0,2.0,2.0,5.0,0.0,Rasht,1.0,0.0,1.0,32.8,1.5,9.6,138391
125.0,2.0,1.0,4.0,31.0,,Qom,0.0,0.0,0.0,32.4,6.8,7.0,100000
416.0,7.0,5.0,4.0,32.0,3.0,Qom,0.0,0.0,0.0,29.8,9.7,8.6,370361
164.0,2.0,2.0,3.0,15.0,0.0,Shiraz,1.0,0.0,1.0,7.2,5.2,5.3,159877
241.0,3.0,4.0,2.0,39.0,2.0,Rasht,1.0,0.0,0.0,19.1,1.4,4.1,281447
77.0,1.0,1.0,3.0,13.0,2.0,Mashhad,1.0,0.0,1.0,2.4,9.0,,156478
119.0,3.0,4.0,2.0,24.0,3.0,Qom,1.0,0.0,0.0,3.9,7.0,8.3,242287
416.0,,5.0,3.0,6.0,0.0,Tehran,0.0,0.0,1.0,31.4,4.6,5.7,839039
111.0,3.0,3.0,3.0,1.0,2.0,,0.0,0.0,0.0,25.2,2.0,9.9,166175
389.0,7.0,5.0,3.0,20.0,0.0,Shiraz,0.0,0.0,0.0,12.0,7.1,9.0,618432
320.0,6.0,5.0,4.0,30.0,2.0,Isfahan,1.0,0.0,0.0,12.9,5.3,7.1,496306
47.0,1.0,2.0,3.0,18.0,2.0,Tehran,1.0,0.0,1.0,11.9,9.3,7.8,100000
278.0,4.0,4.0,4.0,22.0,2.0,Rasht,0.0,0.0,0.0,8.5,3.6,9.3,418740
151.0,3.0,3.0,1.0,23.0,3.0,Karaj,0.0,0.0,1.0,6.8,8.1,4.7,274397
202.0,3.0,2.0,4.0,30.0,3.0,Tabriz,1.0,0.0,1.0,30.5,2.9,6.5,127831
221.0,3.0,4.0,1.0,44.0,3.0,Tehran,0.0,0.0,0.0,15.5,6.4,8.6,316411
416.0,7.0,5.0,3.0,4.0,3.0,Isfahan,0.0,0.0,1.0,30.0,2.5,4.7,581338
91.0,1.0,1.0,3.0,18.0,1.0,Tehran,1.0,0.0,0.0,1.1,7.9,6.6,220066
138.0,2.0,1.0,3.0,38.0,3.0,Karaj,0.0,0.0,1.0,29.9,9.9,5.0,100000
297.0,4.0,5.0,4.0,8.0,1.0,Shiraz,1.0,0.0,0.0,,5.3,6.2,452587
289.0,4.0,4.0,1.0,15.0,2.0,Karaj,1.0,0.0,1.0,30.3,8.9,6.7,377720
102.0,3.0,3.0,3.0,28.0,0.0,Tehran,0.0,,0.0,4.0,1.5,5.8,232000
107.0,3.0,3.0,3.0,16.0,2.0,Mashhad,0.0,0.0,1.0,11.0,4.3,9.8,215755
374.0,6.0,5.0,1.0,41.0,3.0,Rasht,1.0,1.0,1.0,2.8,8.6,7.2,660754
144.0,2.0,2.0,4.0,44.0,0.0,Rasht,1.0,0.0,1.0,7.6,8.5,8.0,158198
357.0,7.0,5.0,2.0,32.0,2.0,Shiraz,1.0,0.0,0.0,29.8,4.6,4.7,433751
178.0,2.0,2.0,4.0,16.0,3.0,Tehran,1.0,0.0,1.0,20.8,4.4,4.3,325820
389.0,6.0,5.0,1.0,13.0,2.0,Karaj,0.0,0.0,1.0,3.6,9.8,7.1,619373
240.0,3.0,3.0,4.0,8.0,0.0,Tabriz,1.0,0.0,1.0,28.8,1.6,8.3,224476
197.0,4.0,4.0,4.0,41.0,0.0,Mashhad,0.0,0.0,0.0,20.7,1.7,5.1,179962
350.0,7.0,5.0,4.0,37.0,0.0,Shiraz,0.0,0.0,1.0,32.0,8.1,8.3,303387
129.0,3.0,2.0,4.0,12.0,3.0,Qom,0.0,0.0,0.0,22.9,7.7,,100000
163.0,4.0,4.0,1.0,35.0,0.0,Isfahan,0.0,0.0,0.0,27.1,7.2,8.5,156157
334.0,5.0,5.0,1.0,32.0,1.0,Shiraz,0.0,0.0,1.0,18.2,10.0,7.0,342735
51.0,1.0,1.0,4.0,23.0,3.0,Isfahan,0.0,0.0,1.0,24.7,8.2,9.2,100000
306.0,7.0,5.0,2.0,14.0,1.0,Tehran,1.0,0.0,0.0,30.5,5.4,8.6,604997
394.0,6.0,5.0,2.0,20.0,2.0,Tabriz,0.0,1.0,1.0,7.0,4.2,8.2,606559
287.0,5.0,5.0,2.0,8.0,1.0,Rasht,1.0,0.0,0.0,16.7,3.9,6.9,498845
100.0,3.0,4.0,3.0,4.0,3.0,Karaj,0.0,0.0,1.0,31.7,1.7,9.9,189046
135.0,1.0,1.0,4.0,43.0,1.0,Isfahan,1.0,0.0,1.0,21.8,7.7,9.0,100000
137.0,1.0,1.0,4.0,37.0,2.0,Isfahan,1.0,0.0,0.0,8.2,3.5,6.3,145445
,4.0,4.0,1.0,4.0,1.0,Karaj,0.0,0.0,,7.2,1.6,8.2,388510
144.0,4.0,3.0,3.0,1.0,0.0,Shiraz,0.0,0.0,0.0,5.7,6.2,6.5,342502
273.0,4.0,5.0,2.0,24.0,1.0,Mashhad,1.0,0.0,0.0,22.8,5.5,9.5,386635
160.0,3.0,3.0,3.0,16.0,1.0,Karaj,0.0,0.0,1.0,15.0,2.8,5.1,248376
128.0,3.0,4.0,1.0,16.0,1.0,Isfahan,0.0,0.0,0.0,30.4,2.1,4.6,128795
289.0,6.0,5.0,2.0,42.0,1.0,Tehran,0.0,0.0,0.0,13.7,7.4,4.3,547478
388.0,7.0,5.0,1.0,10.0,1.0,Qom,0.0,0.0,0.0,16.6,1.1,7.8,510276
281.0,5.0,,1.0,26.0,1.0,Isfahan,1.0,0.0,1.0,1.2,1.5,6.1,612783
66.0,1.0,1.0,2.0,31.0,0.0,Isfahan,1.0,0.0,1.0,19.6,6.4,4.8,100000
406.0,7.0,5.0,3.0,26.0,2.0,Shiraz,1.0,0.0,1.0,31.5,5.1,6.5,441441
98.0,1.0,1.0,3.0,9.0,2.0,Isfahan,0.0,0.0,1.0,30.0,7.3,4.9,100000
119.0,3.0,3.0,1.0,44.0,1.0,Isfahan,0.0,,1.0,9.6,7.0,4.4,100000
285.0,,5.0,2.0,3.0,,Tabriz,0.0,1.0,0.0,17.5,1.0,8.2,465016
382.0,7.0,5.0,2.0,0.0,2.0,Shiraz,1.0,0.0,1.0,5.6,3.1,9.8,824618
163.0,2.0,2.0,1.0,3.0,3.0,Shiraz,0.0,0.0,1.0,,9.7,6.2,212157
255.0,4.0,4.0,3.0,0.0,3.0,Shiraz,0.0,0.0,0.0,7.1,7.2,7.4,444761
109.0,1.0,1.0,2.0,34.0,0.0,Qom,0.0,0.0,1.0,25.9,1.1,5.4,100000
393.0,7.0,5.0,1.0,16.0,3.0,Rasht,0.0,0.0,1.0,12.3,1.2,9.2,638361
83.0,3.0,3.0,1.0,8.0,,Mashhad,0.0,0.0,0.0,20.1,6.4,9.4,113703
411.0,7.0,5.0,3.0,27.0,0.0,Mashhad,0.0,0.0,0.0,7.8,7.8,7.2,543126
80.0,1.0,2.0,,24.0,3.0,Rasht,1.0,0.0,0.0,2.8,7.3,8.0,100000
228.0,5.0,5.0,4.0,15.0,2.0,Isfahan,1.0,0.0,0.0,30.3,7.0,5.7,331193
188.0,4.0,4.0,2.0,36.0,3.0,Isfahan,1.0,0.0,1.0,23.0,8.3,4.5,100964
362.0,7.0,5.0,4.0,39.0,3.0,Isfahan,0.0,0.0,0.0,31.4,7.4,7.4,429372
121.0,1.0,1.0,1.0,14.0,2.0,Tabriz,0.0,0.0,0.0,19.7,8.7,4.3,100000
328.0,6.0,5.0,4.0,34.0,3.0,Isfahan,1.0,1.0,1.0,3.5,5.6,6.6,647893
,,5.0,2.0,4.0,0.0,Karaj,0.0,0.0,1.0,30.2,4.1,6.0,336098
411.0,6.0,5.0,4.0,15.0,1.0,Shiraz,0.0,1.0,0.0,29.3,8.7,6.5,523116
352.0,6.0,5.0,4.0,17.0,2.0,Qom,0.0,0.0,0.0,3.2,6.7,7.3,453776
154.0,4.0,3.0,4.0,37.0,2.0,Mashhad,0.0,0.0,0.0,29.6,8.2,6.5,100000
45.0,2.0,3.0,2.0,26.0,2.0,Rasht,1.0,1.0,0.0,32.5,9.4,6.2,100000
241.0,4.0,4.0,3.0,31.0,0.0,Tabriz,0.0,0.0,0.0,5.9,6.2,9.8,296708
148.0,3.0,3.0,3.0,10.0,3.0,Karaj,0.0,0.0,0.0,21.0,,7.7,193671
209.0,4.0,4.0,2.0,24.0,2.0,Karaj,0.0,0.0,1.0,5.0,8.6,6.1,324870
295.0,4.0,5.0,2.0,42.0,1.0,Karaj,1.0,0.0,0.0,30.7,5.1,6.1,299656
259.0,4.0,4.0,4.0,11.0,0.0,Mashhad,,0.0,0.0,28.9,5.7,9.3,343162
58.0,1.0,,1.0,,0.0,Shiraz,1.0,0.0,0.0,16.0,2.9,,100000
51.0,1.0,1.0,3.0,2.0,1.0,Shiraz,1.0,0.0,0.0,3.7,3.2,7.6,122193
67.0,1.0,1.0,1.0,27.0,2.0,Tehran,0.0,0.0,0.0,34.9,5.4,5.2,100000
111.0,2.0,2.0,4.0,18.0,2.0,Shiraz,0.0,0.0,0.0,0.7,2.0,9.4,243512
199.0,4.0,4.0,1.0,5.0,2.0,Mashhad,0.0,0.0,,27.1,7.0,9.9,345581
235.0,3.0,3.0,3.0,43.0,1.0,Isfahan,0.0,0.0,0.0,8.6,10.0,9.2,155101
415.0,7.0,5.0,4.0,39.0,1.0,Karaj,0.0,0.0,0.0,1.0,7.8,5.9,668406
279.0,6.0,5.0,,27.0,3.0,Rasht,0.0,0.0,1.0,23.0,3.2,5.5,333121
238.0,3.0,4.0,3.0,7.0,1.0,Shiraz,0.0,0.0,0.0,27.4,10.0,6.1,165525
102.0,3.0,,,24.0,2.0,Tehran,0.0,0.0,0.0,25.1,5.2,9.3,131005
331.0,6.0,5.0,4.0,13.0,2.0,Qom,0.0,1.0,0.0,12.4,3.2,9.5,584789
172.0,3.0,3.0,1.0,12.0,1.0,Karaj,0.0,0.0,0.0,34.2,9.4,8.1,156906
166.0,4.0,4.0,1.0,32.0,0.0,Rasht,0.0,0.0,1.0,33.5,1.4,,100000
274.0,4.0,3.0,1.0,9.0,3.0,Shiraz,1.0,,1.0,24.8,7.4,7.8,312847
97.0,3.0,3.0,2.0,36.0,1.0,Qom,0.0,1.0,0.0,20.5,2.7,5.7,100000
267.0,6.0,5.0,3.0,14.0,0.0,Shiraz,0.0,0.0,0.0,32.9,5.1,7.1,221311
84.0,1.0,2.0,2.0,37.0,3.0,Karaj,0.0,0.0,0.0,19.1,2.1,8.8,100641
188.0,,4.0,3.0,6.0,1.0,Mashhad,0.0,0.0,1.0,14.6,7.0,7.9,364705
322.0,7.0,5.0,4.0,37.0,0.0,Shiraz,0.0,0.0,1.0,10.9,8.6,7.5,344489
241.0,3.0,4.0,1.0,37.0,0.0,Isfahan,1.0,1.0,0.0,1.9,6.5,6.8,397158
108.0,1.0,1.0,1.0,42.0,0.0,Rasht,0.0,0.0,0.0,35.0,1.8,9.5,100000
366.0,6.0,5.0,1.0,29.0,2.0,Rasht,1.0,0.0,1.0,18.1,3.0,8.1,571299
194.0,5.0,5.0,1.0,19.0,2.0,Tabriz,1.0,0.0,0.0,4.0,,6.4,359534
288.0,6.0,5.0,2.0,20.0,0.0,Shiraz,,0.0,1.0,22.0,9.1,7.4,358260
303.0,6.0,5.0,4.0,37.0,2.0,Rasht,1.0,0.0,0.0,18.9,2.7,8.5,347692
367.0,7.0,5.0,4.0,13.0,3.0,Qom,0.0,0.0,0.0,26.0,6.8,4.6,312452
404.0,7.0,5.0,1.0,16.0,3.0,Isfahan,0.0,0.0,0.0,22.0,9.0,9.9,555834
248.0,6.0,5.0,3.0,8.0,0.0,Karaj,0.0,0.0,0.0,33.0,4.8,6.4,355473
353.0,5.0,4.0,2.0,5.0,0.0,Rasht,1.0,0.0,0.0,19.2,8.9,4.7,419248
144.0,3.0,4.0,3.0,15.0,3.0,Rasht,0.0,0.0,0.0,4.5,5.3,9.3,345523
276.0,6.0,5.0,1.0,13.0,3.0,Rasht,1.0,0.0,1.0,12.1,1.6,5.6,551684
364.0,7.0,5.0,1.0,8.0,3.0,Tabriz,0.0,0.0,0.0,22.7,6.9,8.2,473947
284.0,4.0,4.0,2.0,41.0,1.0,Qom,0.0,0.0,1.0,18.6,7.3,8.3,216933
266.0,5.0,4.0,2.0,19.0,2.0,Karaj,0.0,0.0,0.0,25.8,7.8,7.4,302799
289.0,5.0,5.0,1.0,28.0,3.0,Qom,0.0,0.0,0.0,6.1,2.8,4.8,338623
149.0,3.0,2.0,1.0,26.0,2.0,Isfahan,1.0,0.0,0.0,9.1,9.9,7.3,168363
385.0,6.0,5.0,4.0,13.0,1.0,Qom,1.0,0.0,1.0,33.5,1.6,7.3,380281
413.0,7.0,5.0,1.0,17.0,3.0,Karaj,0.0,0.0,0.0,19.7,2.2,6.0,614443
218.0,4.0,3.0,1.0,20.0,1.0,Rasht,0.0,0.0,0.0,2.6,2.7,9.0,355593
400.0,6.0,5.0,4.0,41.0,1.0,Tabriz,0.0,0.0,1.0,5.3,5.1,5.0,452494
286.0,6.0,5.0,1.0,13.0,0.0,Tehran,0.0,0.0,1.0,34.8,8.3,7.0,504173
373.0,6.0,5.0,4.0,10.0,1.0,Isfahan,0.0,1.0,,15.0,5.5,9.2,663572
65.0,2.0,1.0,2.0,38.0,3.0,Tehran,0.0,0.0,0.0,23.0,8.0,4.9,100000
284.0,5.0,5.0,2.0,5.0,3.0,Shiraz,0.0,0.0,1.0,13.8,1.3,7.1,478580
329.0,5.0,4.0,2.0,34.0,1.0,Tabriz,0.0,0.0,1.0,3.0,9.1,9.5,355219
296.0,6.0,5.0,4.0,4.0,2.0,Isfahan,0.0,0.0,1.0,0.6,9.7,9.1,534930
214.0,4.0,5.0,3.0,6.0,3.0,Shiraz,0.0,0.0,1.0,2.9,7.7,7.6,441952
143.0,4.0,4.0,4.0,31.0,2.0,Tehran,0.0,0.0,0.0,12.8,7.0,9.7,317664
303.0,7.0,5.0,1.0,24.0,1.0,Qom,0.0,0.0,1.0,4.3,7.7,9.9,423182
223.0,4.0,4.0,1.0,4.0,2.0,Tehran,1.0,0.0,1.0,15.6,4.7,7.5,580377
335.0,6.0,5.0,4.0,45.0,3.0,Mashhad,1.0,0.0,0.0,23.4,9.0,9.7,418505
46.0,1.0,1.0,2.0,3.0,3.0,Qom,0.0,1.0,0.0,24.6,3.5,6.6,127834
136.0,1.0,1.0,4.0,44.0,,Tehran,0.0,0.0,1.0,21.0,5.6,6.7,100000
394.0,6.0,5.0,4.0,6.0,2.0,Qom,0.0,0.0,0.0,33.7,4.3,4.5,334268
134.0,3.0,3.0,3.0,44.0,3.0,Isfahan,1.0,0.0,,13.8,6.8,9.6,100000
114.0,,3.0,3.0,33.0,2.0,Isfahan,1.0,0.0,1.0,0.6,6.0,5.8,202661
352.0,5.0,4.0,4.0,6.0,3.0,Tabriz,0.0,0.0,0.0,24.6,9.8,9.4,402304
290.0,6.0,5.0,2.0,2.0,0.0,Isfahan,0.0,1.0,1.0,4.7,5.4,6.4,598013
165.0,3.0,2.0,1.0,30.0,1.0,Shiraz,0.0,0.0,1.0,4.5,9.3,5.0,178150
409.0,7.0,5.0,3.0,7.0,2.0,Rasht,0.0,0.0,1.0,31.4,3.4,4.3,401369
364.0,7.0,5.0,4.0,34.0,1.0,Mashhad,1.0,0.0,0.0,0.5,4.6,6.4,679415
198.0,5.0,4.0,3.0,22.0,1.0,Rasht,1.0,0.0,1.0,25.1,7.4,8.2,251834
417.0,7.0,5.0,3.0,41.0,1.0,Tabriz,0.0,0.0,0.0,10.2,6.5,9.9,472376
,4.0,4.0,1.0,23.0,1.0,Rasht,0.0,1.0,1.0,21.2,8.9,5.2,253605
392.0,7.0,5.0,4.0,21.0,1.0,Tabriz,0.0,0.0,1.0,24.4,2.7,9.0,501432
216.0,5.0,4.0,4.0,27.0,3.0,Rasht,1.0,0.0,1.0,1.5,1.7,9.6,439372
142.0,4.0,4.0,2.0,12.0,3.0,Karaj,0.0,0.0,0.0,32.3,4.5,,215327
301.0,4.0,4.0,2.0,20.0,2.0,Qom,1.0,0.0,0.0,24.2,3.8,6.9,210455
184.0,4.0,4.0,3.0,33.0,3.0,Karaj,0.0,0.0,1.0,21.3,4.2,4.2,260886
225.0,3.0,2.0,4.0,24.0,2.0,Tehran,0.0,0.0,1.0,17.0,4.6,9.6,484335
185.0,3.0,4.0,2.0,26.0,3.0,Tehran,0.0,0.0,1.0,27.2,1.6,6.7,289038
380.0,6.0,5.0,4.0,43.0,0.0,Tabriz,1.0,0.0,1.0,24.6,2.1,6.2,465063
366.0,7.0,5.0,1.0,4.0,3.0,Tehran,0.0,0.0,0.0,9.0,9.1,8.8,824272
256.0,6.0,5.0,2.0,39.0,0.0,Isfahan,0.0,0.0,1.0,5.4,2.5,4.2,386612
212.0,5.0,5.0,3.0,42.0,0.0,Isfahan,,0.0,0.0,30.2,,9.0,214066
322.0,6.0,5.0,3.0,43.0,0.0,Mashhad,0.0,0.0,1.0,2.0,8.9,9.3,475857
65.0,1.0,2.0,1.0,14.0,1.0,Isfahan,1.0,0.0,1.0,33.9,3.9,8.3,100000
,4.0,4.0,4.0,33.0,3.0,Rasht,0.0,0.0,0.0,26.7,9.5,5.1,177260
410.0,6.0,5.0,,45.0,0.0,Karaj,1.0,0.0,1.0,8.8,5.1,5.9,595377
60.0,2.0,2.0,3.0,29.0,1.0,Karaj,0.0,0.0,0.0,32.7,6.1,5.8,100000
165.0,2.0,1.0,2.0,27.0,3.0,Mashhad,0.0,0.0,0.0,9.9,6.4,4.8,196999
315.0,6.0,5.0,3.0,12.0,2.0,Isfahan,1.0,0.0,0.0,22.6,9.8,4.1,1447240
177.0,3.0,,2.0,43.0,2.0,Isfahan,1.0,0.0,0.0,18.6,7.6,9.0,140334
272.0,5.0,5.0,1.0,43.0,,Karaj,0.0,0.0,0.0,34.7,2.8,5.0,224316
198.0,4.0,3.0,4.0,38.0,0.0,,0.0,0.0,1.0,18.3,9.1,4.4,192349
127.0,3.0,4.0,2.0,7.0,1.0,Tabriz,1.0,0.0,0.0,31.8,5.8,4.9,100000
149.0,2.0,3.0,4.0,42.0,0.0,Isfahan,0.0,1.0,0.0,13.4,2.7,4.5,136824
150.0,4.0,4.0,2.0,10.0,2.0,Karaj,0.0,0.0,0.0,14.8,4.1,4.6,289610
197.0,5.0,5.0,1.0,12.0,1.0,Shiraz,0.0,0.0,1.0,,4.4,7.7,411786
347.0,6.0,5.0,2.0,6.0,2.0,Rasht,1.0,0.0,0.0,10.9,,7.3,517084
265.0,,3.0,1.0,24.0,3.0,Rasht,1.0,0.0,1.0,2.6,8.2,6.6,356212
242.0,3.0,2.0,4.0,14.0,0.0,Qom,0.0,1.0,1.0,34.1,9.3,8.4,203321
245.0,,3.0,2.0,21.0,3.0,Isfahan,0.0,0.0,1.0,1.3,8.3,6.1,442987
165.0,2.0,2.0,3.0,25.0,1.0,Karaj,0.0,0.0,0.0,18.7,9.8,8.6,168231
89.0,3.0,3.0,4.0,32.0,1.0,Qom,0.0,0.0,1.0,31.4,1.4,5.1,100000
,1.0,1.0,1.0,8.0,2.0,Tabriz,0.0,0.0,0.0,21.4,,8.7,117292
122.0,3.0,4.0,1.0,16.0,2.0,Shiraz,1.0,0.0,1.0,1.8,1.4,6.1,265821
394.0,7.0,5.0,2.0,34.0,3.0,Shiraz,0.0,0.0,1.0,5.0,2.0,9.3,571965
98.0,2.0,2.0,2.0,37.0,0.0,,0.0,0.0,0.0,28.1,7.0,8.4,100000
408.0,7.0,5.0,1.0,38.0,3.0,Rasht,0.0,0.0,0.0,29.3,8.9,6.8,355371
386.0,,5.0,4.0,2.0,2.0,Qom,1.0,0.0,0.0,30.3,8.5,4.6,423545
320.0,5.0,5.0,2.0,33.0,1.0,Isfahan,1.0,0.0,0.0,28.1,9.2,7.8,351782
368.0,6.0,5.0,4.0,21.0,3.0,Rasht,1.0,0.0,0.0,7.9,6.5,9.3,685481
282.0,6.0,5.0,4.0,10.0,2.0,Rasht,1.0,0.0,1.0,5.9,4.8,6.1,538193
399.0,,5.0,,2.0,1.0,Tehran,0.0,0.0,0.0,24.2,9.4,9.5,815491
382.0,7.0,5.0,1.0,16.0,2.0,Qom,0.0,0.0,0.0,8.6,9.4,4.0,357883
305.0,5.0,,4.0,43.0,1.0,Rasht,0.0,0.0,0.0,3.1,5.2,7.4,465125
282.0,6.0,5.0,2.0,4.0,1.0,Tehran,0.0,0.0,0.0,30.4,5.6,4.6,570264
53.0,1.0,2.0,2.0,8.0,2.0,Tabriz,1.0,0.0,1.0,20.0,5.5,4.6,143014
189.0,3.0,3.0,1.0,15.0,2.0,Mashhad,1.0,1.0,1.0,14.9,4.6,8.7,527744
56.0,2.0,2.0,4.0,32.0,0.0,Karaj,0.0,0.0,1.0,,6.3,5.6,122531
324.0,7.0,5.0,4.0,17.0,3.0,Isfahan,1.0,1.0,0.0,33.4,6.8,7.4,472925
124.0,2.0,1.0,4.0,41.0,1.0,Rasht,0.0,0.0,1.0,11.2,4.0,7.0,134836
87.0,1.0,1.0,3.0,41.0,2.0,Qom,1.0,,1.0,13.0,5.0,4.8,100000
,3.0,2.0,4.0,6.0,3.0,Tehran,0.0,0.0,1.0,18.8,5.0,6.5,203281
282.0,6.0,5.0,4.0,25.0,1.0,Mashhad,1.0,0.0,1.0,1.3,3.7,4.3,595033
87.0,3.0,2.0,1.0,33.0,2.0,Qom,0.0,,0.0,26.8,5.7,4.3,100000
397.0,6.0,5.0,2.0,7.0,2.0,Shiraz,0.0,0.0,1.0,9.8,6.6,7.2,588672
394.0,7.0,5.0,1.0,35.0,0.0,Rasht,1.0,0.0,0.0,29.6,5.9,7.9,403964
218.0,4.0,5.0,1.0,24.0,0.0,Tehran,0.0,0.0,0.0,25.2,8.9,6.0,271204
354.0,6.0,5.0,1.0,0.0,1.0,Tabriz,1.0,0.0,1.0,3.0,8.5,9.7,1118192
79.0,1.0,1.0,2.0,3.0,0.0,Tabriz,0.0,0.0,1.0,26.9,5.1,7.9,100000
418.0,7.0,5.0,1.0,20.0,3.0,Isfahan,0.0,0.0,0.0,13.0,2.7,9.9,554915
97.0,2.0,3.0,1.0,24.0,2.0,Shiraz,1.0,0.0,1.0,12.7,5.9,4.4,204487
145.0,3.0,3.0,3.0,23.0,3.0,Karaj,0.0,0.0,1.0,22.6,7.0,8.5,180323
409.0,7.0,5.0,4.0,23.0,0.0,Tehran,1.0,0.0,1.0,33.5,5.5,9.2,834794
380.0,6.0,5.0,2.0,39.0,3.0,Isfahan,0.0,0.0,0.0,8.8,9.8,6.9,447440
307.0,5.0,4.0,3.0,33.0,3.0,Tehran,0.0,0.0,0.0,21.8,5.6,6.9,620465
150.0,3.0,2.0,4.0,43.0,2.0,Shiraz,0.0,0.0,1.0,6.9,2.9,5.1,153204
326.0,6.0,5.0,4.0,25.0,2.0,Tabriz,1.0,0.0,1.0,22.1,7.2,8.8,413104
363.0,7.0,5.0,4.0,16.0,0.0,Mashhad,0.0,0.0,,17.4,8.7,9.8,475937
255.0,4.0,3.0,4.0,43.0,0.0,Tehran,0.0,1.0,0.0,5.4,5.1,9.4,566788
309.0,6.0,5.0,1.0,9.0,2.0,Shiraz,0.0,0.0,0.0,2.3,8.8,8.6,482280
410.0,7.0,5.0,4.0,,1.0,Mashhad,0.0,1.0,0.0,31.9,1.8,9.8,623277
60.0,1.0,1.0,4.0,23.0,3.0,Shiraz,0.0,0.0,1.0,13.8,5.9,7.2,100000
351.0,6.0,5.0,1.0,20.0,0.0,Mashhad,1.0,0.0,0.0,10.3,7.8,9.3,588704
108.0,3.0,3.0,4.0,25.0,1.0,Qom,0.0,0.0,1.0,26.1,2.8,9.4,117134
221.0,,3.0,2.0,34.0,1.0,Isfahan,1.0,0.0,0.0,23.3,7.5,5.4,180810
346.0,7.0,5.0,1.0,19.0,2.0,Shiraz,1.0,0.0,1.0,23.8,4.5,6.4,386826
212.0,5.0,5.0,1.0,6.0,1.0,Tabriz,0.0,0.0,0.0,28.3,5.4,6.5,263291
400.0,6.0,5.0,2.0,35.0,2.0,Rasht,0.0,0.0,1.0,7.1,1.3,6.2,455131
321.0,7.0,5.0,1.0,20.0,3.0,Mashhad,1.0,0.0,0.0,17.5,4.3,6.0,542281
82.0,1.0,2.0,4.0,16.0,0.0,Rasht,1.0,0.0,0.0,25.0,8.5,9.8,100000
141.0,4.0,4.0,4.0,29.0,0.0,Tehran,,0.0,1.0,24.5,2.1,6.4,214388
259.0,4.0,4.0,1.0,45.0,3.0,Karaj,0.0,0.0,1.0,7.9,2.5,6.6,409562
88.0,2.0,3.0,2.0,35.0,3.0,Shiraz,0.0,1.0,0.0,31.0,8.1,6.0,100000
73.0,1.0,1.0,1.0,4.0,2.0,Tabriz,0.0,0.0,1.0,16.9,4.2,9.1,117353
,1.0,1.0,3.0,25.0,3.0,Mashhad,0.0,0.0,1.0,1.4,4.4,,184040
208.0,5.0,5.0,4.0,6.0,0.0,Karaj,1.0,0.0,0.0,10.2,3.5,7.0,503011
207.0,5.0,5.0,4.0,4.0,1.0,Tehran,0.0,1.0,1.0,15.8,2.1,10.0,729848
299.0,6.0,5.0,1.0,27.0,2.0,Rasht,1.0,1.0,1.0,15.0,6.6,8.3,482239
189.0,2.0,2.0,4.0,11.0,3.0,Rasht,1.0,1.0,0.0,18.6,7.1,9.0,347306
100.0,1.0,1.0,4.0,15.0,0.0,Karaj,0.0,0.0,0.0,27.3,8.1,4.7,100000
192.0,2.0,1.0,3.0,41.0,3.0,Shiraz,1.0,,0.0,17.4,5.3,10.0,196061
74.0,2.0,2.0,2.0,26.0,3.0,Karaj,1.0,0.0,0.0,30.8,2.9,5.6,100000
296.0,4.0,3.0,4.0,39.0,0.0,Shiraz,0.0,0.0,1.0,13.0,9.2,4.3,243579
196.0,4.0,5.0,4.0,13.0,1.0,Qom,1.0,0.0,0.0,1.5,5.4,6.6,242673
352.0,7.0,5.0,2.0,20.0,1.0,Mashhad,0.0,0.0,1.0,27.5,4.6,6.7,476943
376.0,7.0,5.0,4.0,10.0,2.0,Shiraz,1.0,1.0,0.0,23.5,5.7,9.0,616002
264.0,6.0,5.0,1.0,21.0,3.0,Shiraz,1.0,,0.0,9.0,1.9,5.4,443896
293.0,5.0,5.0,1.0,3.0,2.0,Tabriz,1.0,0.0,0.0,5.5,1.5,5.7,569177
51.0,1.0,1.0,3.0,38.0,2.0,Tehran,1.0,0.0,0.0,8.4,1.2,6.5,100000
53.0,1.0,1.0,3.0,25.0,2.0,Qom,0.0,1.0,1.0,5.5,8.4,5.2,127247
68.0,1.0,1.0,2.0,35.0,3.0,Rasht,0.0,0.0,0.0,3.6,4.5,7.1,100000
246.0,4.0,4.0,3.0,35.0,3.0,Tabriz,1.0,0.0,1.0,8.7,8.0,4.5,287542
,4.0,5.0,4.0,16.0,0.0,Tehran,0.0,0.0,1.0,,4.5,4.9,295767
382.0,7.0,5.0,2.0,36.0,2.0,Mashhad,1.0,0.0,0.0,5.7,2.9,6.3,657172
146.0,2.0,2.0,2.0,12.0,2.0,Mashhad,0.0,0.0,0.0,26.4,4.5,6.1,103805
264.0,4.0,3.0,3.0,,0.0,Shiraz,1.0,0.0,1.0,24.3,7.2,8.5,219759
299.0,5.0,5.0,1.0,34.0,0.0,Isfahan,0.0,0.0,1.0,16.3,3.3,4.7,248513
345.0,7.0,5.0,3.0,17.0,3.0,Rasht,1.0,0.0,1.0,14.5,2.1,5.3,527485
358.0,7.0,5.0,2.0,17.0,3.0,Isfahan,1.0,0.0,1.0,30.2,5.5,5.5,510216
124.0,3.0,3.0,3.0,4.0,3.0,Isfahan,0.0,0.0,0.0,7.0,2.8,7.6,300382
56.0,1.0,2.0,4.0,5.0,0.0,Tabriz,0.0,0.0,0.0,31.0,4.2,5.5,100000
211.0,4.0,3.0,1.0,32.0,1.0,Tehran,0.0,0.0,0.0,29.2,2.3,7.6,352773
369.0,6.0,5.0,4.0,13.0,2.0,Mashhad,0.0,0.0,0.0,33.5,6.8,9.0,499393
,2.0,2.0,2.0,27.0,1.0,Tehran,0.0,0.0,1.0,16.2,3.1,4.7,386994
406.0,6.0,5.0,3.0,39.0,3.0,Rasht,0.0,0.0,1.0,25.6,7.8,8.0,487258
213.0,4.0,3.0,3.0,18.0,1.0,Tabriz,0.0,0.0,1.0,28.0,2.2,6.3,235396
163.0,2.0,2.0,2.0,37.0,2.0,Qom,0.0,0.0,1.0,23.8,1.7,6.2,100000
398.0,7.0,5.0,2.0,4.0,3.0,Rasht,0.0,0.0,1.0,27.2,7.8,5.9,443915
397.0,7.0,5.0,3.0,29.0,0.0,Shiraz,0.0,0.0,1.0,3.1,4.8,8.2,572094
149.0,2.0,2.0,3.0,20.0,2.0,Rasht,0.0,0.0,1.0,11.7,4.8,7.5,121625
212.0,3.0,,1.0,0.0,2.0,Tabriz,0.0,0.0,0.0,19.1,2.0,5.0,325386
210.0,5.0,4.0,4.0,39.0,3.0,Isfahan,0.0,0.0,1.0,33.4,5.0,5.3,136034
330.0,6.0,5.0,,23.0,2.0,Mashhad,1.0,0.0,,24.2,8.8,4.3,433344
197.0,3.0,3.0,2.0,18.0,2.0,Karaj,0.0,0.0,1.0,,7.7,7.8,244359
417.0,7.0,5.0,3.0,38.0,1.0,Mashhad,1.0,0.0,0.0,5.5,2.5,6.9,665132
415.0,7.0,5.0,1.0,22.0,1.0,Tehran,1.0,0.0,0.0,15.1,3.8,6.5,952076
103.0,1.0,1.0,2.0,5.0,2.0,Karaj,0.0,1.0,1.0,20.1,5.2,5.6,151880
230.0,4.0,3.0,2.0,10.0,3.0,Mashhad,0.0,0.0,1.0,25.3,2.4,4.3,341215
123.0,3.0,4.0,4.0,9.0,2.0,Isfahan,0.0,0.0,0.0,12.2,2.7,6.3,243248
75.0,1.0,1.0,4.0,36.0,1.0,Karaj,1.0,0.0,0.0,33.4,7.4,8.0,100000
318.0,6.0,5.0,1.0,,2.0,Tehran,0.0,0.0,0.0,7.5,1.5,7.5,793778
118.0,1.0,,3.0,13.0,3.0,Mashhad,1.0,0.0,1.0,15.6,6.4,8.8,100000
229.0,3.0,3.0,3.0,29.0,3.0,Qom,1.0,0.0,1.0,15.8,6.9,5.4,209962
319.0,5.0,5.0,4.0,29.0,0.0,Mashhad,1.0,0.0,1.0,10.4,9.0,4.8,416372
245.0,4.0,5.0,2.0,25.0,1.0,Tehran,0.0,0.0,1.0,13.2,8.0,5.9,517871
364.0,7.0,5.0,4.0,32.0,1.0,Rasht,0.0,0.0,0.0,2.8,8.0,,404561
115.0,1.0,1.0,2.0,38.0,3.0,Tehran,0.0,0.0,0.0,1.8,4.3,8.7,139748
306.0,7.0,5.0,4.0,9.0,3.0,Tehran,0.0,0.0,1.0,20.6,3.2,6.2,734106
206.0,5.0,5.0,2.0,30.0,1.0,Qom,0.0,0.0,0.0,7.3,3.5,7.1,324435
221.0,3.0,3.0,3.0,41.0,0.0,Shiraz,0.0,0.0,0.0,33.0,9.3,8.1,113143
323.0,6.0,5.0,4.0,36.0,2.0,Mashhad,1.0,0.0,1.0,4.1,8.2,7.1,609502
214.0,4.0,4.0,1.0,,2.0,Tabriz,1.0,0.0,0.0,1.7,5.5,7.5,343406
103.0,1.0,1.0,1.0,14.0,2.0,Shiraz,0.0,0.0,1.0,15.4,4.7,6.4,100000
122.0,1.0,1.0,4.0,,3.0,Mashhad,0.0,0.0,0.0,34.2,5.4,6.6,100000
330.0,5.0,5.0,2.0,17.0,3.0,Isfahan,1.0,0.0,0.0,34.1,5.9,6.4,365793
319.0,5.0,5.0,2.0,29.0,3.0,Shiraz,1.0,1.0,1.0,20.6,6.0,7.0,519274
114.0,2.0,3.0,4.0,1.0,2.0,Mashhad,1.0,0.0,0.0,1.5,1.7,8.0,323869
247.0,3.0,3.0,2.0,10.0,0.0,Karaj,1.0,0.0,0.0,24.7,4.2,8.8,312375
322.0,6.0,5.0,2.0,8.0,2.0,Tehran,0.0,0.0,1.0,2.6,6.3,6.1,870119
100.0,2.0,2.0,,40.0,2.0,Isfahan,1.0,0.0,0.0,8.9,4.7,7.0,100000
49.0,1.0,2.0,4.0,26.0,3.0,Qom,0.0,0.0,1.0,19.5,1.1,5.1,100000
277.0,5.0,5.0,4.0,5.0,1.0,Mashhad,0.0,0.0,1.0,31.9,5.8,6.4,400038
353.0,6.0,5.0,3.0,34.0,3.0,Mashhad,0.0,0.0,0.0,15.0,5.8,8.2,534200
155.0,4.0,4.0,1.0,22.0,2.0,Tabriz,0.0,0.0,0.0,34.7,8.8,9.5,100000
149.0,3.0,3.0,3.0,12.0,2.0,Rasht,1.0,0.0,0.0,14.3,,9.2,310206
188.0,2.0,3.0,3.0,15.0,1.0,Mashhad,1.0,0.0,0.0,,1.5,4.5,345893
104.0,2.0,3.0,3.0,7.0,2.0,Mashhad,0.0,0.0,1.0,31.1,4.1,9.6,188076
102.0,1.0,2.0,2.0,41.0,1.0,Tabriz,0.0,0.0,0.0,20.5,1.5,8.1,100000
110.0,2.0,2.0,3.0,41.0,0.0,Shiraz,1.0,1.0,1.0,12.7,6.9,4.4,136211
67.0,1.0,1.0,3.0,40.0,1.0,Qom,1.0,0.0,0.0,30.5,6.2,5.1,100000
97.0,3.0,3.0,3.0,33.0,0.0,Isfahan,1.0,1.0,0.0,25.2,2.8,5.2,100000
378.0,7.0,5.0,2.0,45.0,0.0,Tehran,0.0,0.0,1.0,33.3,8.7,5.1,613522
159.0,2.0,2.0,3.0,45.0,0.0,Rasht,1.0,0.0,1.0,4.7,9.4,6.8,100000
117.0,1.0,1.0,1.0,18.0,3.0,,0.0,0.0,0.0,29.7,6.2,4.3,100000
332.0,5.0,5.0,2.0,40.0,1.0,Isfahan,1.0,0.0,0.0,5.7,6.0,5.2,518526
418.0,7.0,5.0,3.0,16.0,0.0,Rasht,0.0,0.0,1.0,33.4,7.8,6.0,406489
107.0,3.0,4.0,1.0,28.0,2.0,Tabriz,1.0,0.0,0.0,33.7,5.8,4.9,100000
361.0,7.0,5.0,1.0,2.0,3.0,Shiraz,0.0,1.0,0.0,23.9,7.1,7.2,648976
374.0,7.0,5.0,3.0,45.0,1.0,Karaj,1.0,0.0,0.0,9.5,9.4,9.6,627624
267.0,,4.0,4.0,45.0,1.0,Shiraz,0.0,0.0,0.0,4.5,5.6,5.0,343026
380.0,6.0,,3.0,28.0,0.0,Karaj,0.0,0.0,0.0,7.8,1.3,,674606
297.0,6.0,,2.0,12.0,2.0,Karaj,0.0,1.0,1.0,15.4,9.8,4.5,666535
130.0,3.0,3.0,2.0,44.0,1.0,Qom,0.0,0.0,1.0,12.7,4.5,7.9,100000
118.0,3.0,,1.0,29.0,2.0,Rasht,0.0,0.0,1.0,31.9,8.4,5.8,100000
182.0,4.0,4.0,2.0,1.0,1.0,Tehran,0.0,0.0,1.0,11.1,8.2,7.2,481585
316.0,5.0,5.0,4.0,36.0,1.0,Isfahan,1.0,0.0,1.0,30.9,5.5,4.7,281926
228.0,3.0,3.0,2.0,14.0,0.0,Shiraz,0.0,0.0,1.0,8.5,9.7,9.5,314860
325.0,6.0,5.0,3.0,3.0,3.0,Tabriz,0.0,1.0,1.0,9.5,4.3,6.1,553029
342.0,7.0,5.0,3.0,29.0,2.0,Shiraz,1.0,,0.0,11.2,1.3,9.0,619930
123.0,3.0,4.0,1.0,14.0,0.0,Karaj,1.0,1.0,0.0,5.1,4.9,7.1,410756
279.0,6.0,5.0,2.0,14.0,1.0,Rasht,1.0,0.0,1.0,7.7,5.4,5.7,559866
143.0,3.0,3.0,3.0,27.0,0.0,Qom,0.0,0.0,0.0,1.9,6.3,5.1,133407
203.0,3.0,3.0,3.0,19.0,1.0,Mashhad,1.0,0.0,0.0,34.1,3.6,8.7,170671
322.0,6.0,5.0,3.0,17.0,1.0,Tabriz,0.0,0.0,1.0,10.0,8.0,9.0,429421
241.0,5.0,,2.0,,3.0,Shiraz,1.0,0.0,0.0,16.4,,6.5,337827
314.0,6.0,5.0,3.0,11.0,1.0,Rasht,1.0,0.0,1.0,34.3,5.6,5.9,338037
201.0,3.0,3.0,4.0,28.0,1.0,Mashhad,1.0,0.0,0.0,20.5,3.8,4.9,282958
359.0,7.0,5.0,3.0,34.0,1.0,Qom,0.0,0.0,0.0,11.6,4.4,4.5,389197
210.0,5.0,5.0,2.0,6.0,2.0,Rasht,0.0,0.0,1.0,16.0,9.7,9.2,296599
349.0,5.0,4.0,3.0,22.0,3.0,Qom,0.0,0.0,0.0,26.8,7.1,4.1,289835
309.0,,5.0,2.0,7.0,3.0,Rasht,0.0,0.0,1.0,1.0,9.0,6.4,494071
163.0,3.0,3.0,1.0,40.0,0.0,Tabriz,1.0,0.0,1.0,17.1,7.7,7.2,100000
386.0,7.0,5.0,3.0,1.0,1.0,Isfahan,0.0,0.0,1.0,4.8,4.7,8.9,791422
227.0,3.0,3.0,4.0,41.0,2.0,Shiraz,0.0,0.0,0.0,16.1,4.3,8.0,292975
113.0,2.0,3.0,1.0,41.0,3.0,Mashhad,0.0,0.0,1.0,24.9,5.5,8.8,100000
168.0,4.0,4.0,2.0,43.0,2.0,Qom,0.0,0.0,0.0,32.4,2.2,6.3,100000
243.0,3.0,2.0,3.0,43.0,2.0,Qom,0.0,0.0,0.0,7.5,6.7,7.7,200631
115.0,3.0,2.0,2.0,15.0,1.0,Rasht,1.0,0.0,0.0,5.4,7.5,7.4,207356
319.0,6.0,5.0,2.0,9.0,2.0,,0.0,0.0,1.0,20.3,5.0,7.3,516707
74.0,1.0,2.0,2.0,36.0,0.0,Shiraz,0.0,0.0,0.0,31.9,1.1,4.4,100000
203.0,5.0,5.0,4.0,31.0,0.0,Shiraz,1.0,0.0,0.0,22.4,7.5,8.5,213282
149.0,4.0,3.0,2.0,24.0,2.0,Tabriz,0.0,1.0,0.0,30.5,9.5,,101953
341.0,5.0,4.0,2.0,13.0,3.0,Tehran,0.0,0.0,0.0,2.6,9.5,8.5,824813
188.0,2.0,2.0,2.0,15.0,1.0,Shiraz,1.0,0.0,0.0,2.7,4.8,7.5,248775
413.0,7.0,5.0,2.0,36.0,0.0,Shiraz,0.0,0.0,0.0,28.1,3.1,7.3,411871
334.0,6.0,5.0,2.0,27.0,0.0,Rasht,0.0,0.0,0.0,27.1,9.1,8.9,275000
135.0,1.0,1.0,2.0,45.0,3.0,Isfahan,0.0,0.0,1.0,7.2,3.5,6.8,157841
404.0,7.0,5.0,3.0,4.0,3.0,Karaj,1.0,1.0,1.0,4.8,7.8,5.7,861002
150.0,3.0,2.0,1.0,16.0,2.0,Isfahan,0.0,0.0,0.0,26.1,4.0,4.2,100000
93.0,2.0,1.0,1.0,32.0,0.0,Rasht,0.0,0.0,0.0,28.5,3.1,8.0,100000
255.0,4.0,4.0,3.0,12.0,2.0,Tehran,1.0,0.0,1.0,11.6,1.6,4.1,609011
206.0,3.0,2.0,4.0,6.0,1.0,Qom,1.0,0.0,1.0,27.0,8.9,4.3,123280
397.0,7.0,5.0,2.0,17.0,1.0,Rasht,0.0,0.0,0.0,7.9,10.0,4.1,631767
402.0,6.0,5.0,1.0,40.0,0.0,Mashhad,0.0,0.0,0.0,31.6,6.5,5.6,349624
,5.0,5.0,2.0,42.0,1.0,Karaj,1.0,0.0,1.0,18.2,1.5,9.2,411469
288.0,5.0,5.0,3.0,35.0,0.0,Qom,0.0,1.0,0.0,12.8,3.8,9.9,359734
212.0,3.0,3.0,2.0,7.0,1.0,Karaj,1.0,0.0,1.0,33.4,10.0,4.2,186273
55.0,2.0,1.0,2.0,38.0,3.0,Shiraz,1.0,0.0,0.0,24.4,7.3,8.7,100000
249.0,5.0,4.0,1.0,9.0,2.0,Isfahan,1.0,0.0,1.0,19.9,9.8,8.7,389085
340.0,6.0,5.0,1.0,31.0,3.0,Mashhad,1.0,0.0,1.0,22.6,5.7,7.7,408598
76.0,1.0,1.0,3.0,8.0,0.0,Tehran,0.0,0.0,0.0,13.2,4.2,9.8,100000
170.0,2.0,2.0,1.0,8.0,2.0,Tabriz,1.0,0.0,1.0,17.8,9.7,9.7,194849
249.0,4.0,3.0,2.0,41.0,0.0,Mashhad,0.0,0.0,0.0,31.1,8.3,5.3,100000
144.0,3.0,3.0,1.0,8.0,3.0,Qom,0.0,0.0,1.0,5.0,4.2,6.9,342239
379.0,7.0,5.0,3.0,21.0,2.0,Karaj,0.0,1.0,0.0,12.4,1.3,7.5,790146
383.0,7.0,5.0,1.0,9.0,2.0,Rasht,0.0,0.0,0.0,3.3,4.7,5.3,622615
354.0,6.0,5.0,2.0,44.0,2.0,Shiraz,0.0,0.0,0.0,14.4,1.7,6.1,322602
362.0,7.0,5.0,1.0,16.0,2.0,Karaj,0.0,0.0,1.0,4.4,2.4,8.7,831219
113.0,2.0,2.0,4.0,17.0,2.0,Shiraz,0.0,1.0,1.0,18.9,8.9,9.5,225632
192.0,3.0,3.0,2.0,22.0,3.0,Tehran,0.0,0.0,1.0,28.3,2.8,8.6,339411
325.0,7.0,5.0,1.0,3.0,3.0,Karaj,0.0,0.0,0.0,15.3,6.4,5.6,500781
358.0,7.0,5.0,1.0,40.0,2.0,Qom,0.0,0.0,1.0,2.8,6.4,5.9,469967
310.0,,5.0,4.0,2.0,1.0,Tabriz,1.0,0.0,0.0,32.0,3.7,7.3,396370
252.0,6.0,5.0,3.0,3.0,2.0,Tabriz,0.0,0.0,,28.5,3.8,9.1,395608
393.0,7.0,5.0,2.0,24.0,3.0,Isfahan,0.0,0.0,1.0,26.0,3.5,9.5,576465
304.0,7.0,5.0,3.0,23.0,0.0,Mashhad,1.0,0.0,1.0,34.6,9.5,9.7,310962
204.0,5.0,5.0,3.0,44.0,1.0,Mashhad,0.0,0.0,1.0,9.7,9.1,7.2,314843
210.0,5.0,4.0,1.0,11.0,0.0,Karaj,1.0,0.0,0.0,0.6,2.4,5.3,383865
165.0,3.0,4.0,1.0,17.0,3.0,Tabriz,0.0,1.0,1.0,8.7,7.1,6.8,291679
195.0,5.0,4.0,3.0,8.0,3.0,Tabriz,0.0,0.0,1.0,23.3,9.7,7.4,196497
204.0,4.0,4.0,3.0,22.0,3.0,Isfahan,1.0,0.0,1.0,10.2,4.3,7.7,426359
254.0,4.0,4.0,3.0,10.0,1.0,Isfahan,1.0,0.0,0.0,14.9,2.3,9.7,448560
230.0,5.0,4.0,2.0,25.0,3.0,Rasht,0.0,0.0,1.0,30.8,6.0,7.6,199148
307.0,7.0,5.0,3.0,33.0,0.0,Shiraz,0.0,0.0,0.0,25.9,8.8,9.7,294102
251.0,5.0,5.0,3.0,41.0,0.0,Mashhad,1.0,0.0,0.0,8.4,7.0,,383658
168.0,3.0,3.0,3.0,34.0,0.0,Mashhad,0.0,0.0,0.0,16.1,8.2,4.3,134826
334.0,6.0,5.0,4.0,13.0,1.0,Tehran,0.0,0.0,1.0,28.0,4.7,5.4,621208
379.0,7.0,5.0,1.0,6.0,1.0,Tabriz,0.0,0.0,1.0,28.6,5.8,7.8,429339
281.0,6.0,5.0,3.0,25.0,3.0,Shiraz,1.0,0.0,0.0,10.1,3.0,6.1,387409
412.0,7.0,5.0,1.0,24.0,2.0,Isfahan,0.0,0.0,1.0,34.9,8.4,8.2,544515
255.0,5.0,5.0,4.0,29.0,1.0,Mashhad,0.0,1.0,0.0,24.6,3.7,8.3,385892
46.0,1.0,2.0,1.0,29.0,2.0,Isfahan,1.0,0.0,0.0,27.4,2.9,4.6,100000
412.0,6.0,5.0,2.0,1.0,3.0,Mashhad,0.0,0.0,1.0,0.6,9.4,5.6,787203
251.0,4.0,4.0,4.0,22.0,3.0,Shiraz,,0.0,0.0,10.2,3.0,9.5,400697
396.0,6.0,5.0,1.0,3.0,2.0,Isfahan,0.0,0.0,0.0,13.8,3.2,9.9,665916
275.0,6.0,5.0,1.0,25.0,3.0,Shiraz,1.0,0.0,0.0,29.9,1.5,4.9,287060
360.0,6.0,5.0,4.0,8.0,2.0,Shiraz,0.0,0.0,1.0,13.7,2.8,5.0,597121
,1.0,1.0,3.0,15.0,2.0,Tabriz,1.0,0.0,1.0,27.8,7.0,10.0,100000
140.0,2.0,2.0,3.0,43.0,3.0,Karaj,1.0,0.0,1.0,34.6,1.7,8.0,100000
380.0,,5.0,2.0,32.0,0.0,Rasht,0.0,0.0,0.0,27.0,2.0,7.4,366537
418.0,7.0,5.0,,19.0,3.0,Tehran,0.0,1.0,1.0,23.8,7.8,6.0,938970
196.0,4.0,3.0,2.0,38.0,0.0,Mashhad,0.0,0.0,0.0,21.8,6.0,7.2,108124
249.0,5.0,5.0,2.0,42.0,0.0,Mashhad,0.0,0.0,1.0,21.9,8.3,8.4,305020
380.0,7.0,5.0,2.0,15.0,1.0,Mashhad,0.0,0.0,1.0,11.8,1.7,7.2,631402
208.0,5.0,5.0,3.0,36.0,3.0,Tehran,0.0,0.0,1.0,22.4,3.9,5.1,432439
270.0,6.0,5.0,4.0,10.0,,Rasht,1.0,0.0,0.0,30.4,5.0,6.2,290555
392.0,,5.0,3.0,5.0,0.0,Karaj,0.0,0.0,0.0,12.5,3.6,5.6,574544
81.0,1.0,1.0,,42.0,1.0,Tabriz,0.0,0.0,1.0,27.9,1.7,5.0,100000
62.0,2.0,2.0,2.0,8.0,0.0,Shiraz,0.0,0.0,1.0,25.0,8.6,9.4,100000
259.0,5.0,5.0,4.0,31.0,2.0,Shiraz,1.0,0.0,1.0,1.8,7.5,8.4,404928
396.0,7.0,5.0,4.0,1.0,2.0,Tabriz,0.0,0.0,1.0,25.0,2.5,,551427
135.0,3.0,3.0,1.0,25.0,0.0,Mashhad,1.0,0.0,1.0,15.1,5.8,6.4,200118
375.0,6.0,5.0,3.0,3.0,3.0,Tabriz,1.0,0.0,0.0,3.0,3.2,4.4,652718
385.0,7.0,5.0,1.0,3.0,1.0,Karaj,1.0,0.0,0.0,8.0,8.5,6.7,719292
200.0,4.0,,1.0,26.0,1.0,Mashhad,0.0,0.0,0.0,21.4,3.5,6.1,275219
248.0,6.0,5.0,1.0,21.0,1.0,Mashhad,0.0,0.0,0.0,22.2,,6.9,301961
371.0,7.0,5.0,2.0,8.0,2.0,Rasht,1.0,0.0,0.0,29.3,1.8,7.3,455007
105.0,1.0,2.0,2.0,20.0,3.0,Isfahan,0.0,0.0,0.0,26.3,5.0,8.8,100000
234.0,3.0,4.0,1.0,30.0,3.0,Tehran,0.0,0.0,0.0,5.1,1.2,5.9,571669
357.0,5.0,,,7.0,2.0,Tabriz,1.0,0.0,1.0,10.5,10.0,8.4,560954
216.0,5.0,5.0,,18.0,0.0,Tehran,0.0,0.0,1.0,31.7,7.7,8.9,273457
344.0,6.0,5.0,4.0,3.0,3.0,Tehran,0.0,0.0,1.0,1.9,1.5,6.4,891550
181.0,3.0,4.0,1.0,8.0,2.0,Qom,0.0,0.0,0.0,11.7,6.2,4.8,174662
410.0,6.0,5.0,2.0,8.0,2.0,Mashhad,0.0,0.0,0.0,9.8,7.2,7.6,720961
335.0,7.0,5.0,4.0,42.0,3.0,Shiraz,0.0,0.0,0.0,9.7,4.1,4.2,421370
90.0,3.0,2.0,1.0,22.0,2.0,Karaj,1.0,0.0,0.0,12.5,6.6,5.3,142842
125.0,2.0,2.0,2.0,17.0,1.0,Rasht,0.0,,0.0,28.1,6.7,7.3,100000
397.0,6.0,5.0,1.0,0.0,2.0,Isfahan,0.0,0.0,1.0,27.6,5.9,5.3,485563
115.0,2.0,3.0,1.0,12.0,1.0,Mashhad,,0.0,1.0,12.7,1.1,5.3,169840
83.0,2.0,2.0,4.0,35.0,0.0,Mashhad,1.0,0.0,0.0,4.1,6.2,9.3,100000
176.0,4.0,5.0,2.0,30.0,1.0,Isfahan,0.0,0.0,0.0,19.0,4.2,4.6,117818
127.0,3.0,2.0,3.0,17.0,0.0,Rasht,1.0,0.0,0.0,2.5,2.2,8.5,237415
201.0,3.0,3.0,2.0,37.0,2.0,Rasht,0.0,0.0,0.0,16.9,6.2,9.9,108434
367.0,7.0,5.0,2.0,14.0,2.0,Tabriz,0.0,0.0,0.0,9.8,3.2,7.6,464713
391.0,7.0,5.0,4.0,31.0,1.0,Tehran,,0.0,1.0,33.3,3.0,9.9,809021
218.0,4.0,5.0,1.0,30.0,2.0,Shiraz,0.0,0.0,1.0,12.9,2.5,8.4,315824
127.0,2.0,3.0,3.0,3.0,1.0,Isfahan,0.0,0.0,1.0,6.7,2.7,9.5,250706
240.0,4.0,4.0,2.0,11.0,3.0,Shiraz,0.0,0.0,0.0,5.2,8.1,5.3,409235
267.0,6.0,5.0,4.0,1.0,0.0,Rasht,0.0,0.0,0.0,33.8,3.4,7.3,277053
259.0,4.0,5.0,2.0,42.0,0.0,Tabriz,1.0,0.0,1.0,3.8,3.8,5.6,300286
87.0,3.0,3.0,1.0,0.0,2.0,Karaj,1.0,0.0,0.0,23.1,3.1,7.0,217041
161.0,3.0,4.0,2.0,41.0,2.0,Rasht,0.0,0.0,1.0,21.5,3.8,7.3,158717
353.0,7.0,5.0,1.0,39.0,2.0,Mashhad,0.0,0.0,0.0,27.9,3.9,6.5,313377
233.0,4.0,4.0,2.0,32.0,0.0,Rasht,1.0,0.0,0.0,31.6,1.4,8.1,168986
,6.0,5.0,2.0,2.0,1.0,Karaj,0.0,0.0,0.0,18.2,2.3,4.8,469178
107.0,1.0,1.0,3.0,15.0,3.0,Karaj,0.0,0.0,0.0,11.3,7.5,7.3,100000
369.0,7.0,5.0,4.0,23.0,2.0,Shiraz,0.0,1.0,0.0,6.1,6.4,6.9,600543
93.0,2.0,3.0,2.0,41.0,3.0,Karaj,0.0,0.0,0.0,9.1,5.9,5.3,100000
259.0,4.0,4.0,2.0,13.0,3.0,Qom,0.0,0.0,1.0,23.7,4.2,6.6,171625
,4.0,3.0,2.0,5.0,1.0,Mashhad,0.0,0.0,0.0,2.4,8.4,5.9,303650
258.0,6.0,5.0,3.0,11.0,1.0,Mashhad,0.0,0.0,1.0,19.4,2.4,7.1,556301
100.0,3.0,4.0,2.0,,0.0,Karaj,0.0,0.0,1.0,14.5,3.6,4.4,133913
359.0,7.0,5.0,2.0,0.0,0.0,Shiraz,0.0,0.0,0.0,8.8,4.4,8.0,591210
93.0,3.0,2.0,3.0,11.0,3.0,Rasht,0.0,0.0,0.0,17.8,6.7,9.2,110439
251.0,6.0,5.0,1.0,0.0,2.0,,0.0,0.0,1.0,7.0,8.4,8.6,688807
123.0,3.0,3.0,2.0,20.0,2.0,Mashhad,0.0,0.0,1.0,29.0,7.8,8.1,115429
122.0,1.0,1.0,1.0,13.0,1.0,Mashhad,0.0,0.0,0.0,11.3,2.5,6.5,130944
366.0,7.0,5.0,2.0,15.0,3.0,Mashhad,0.0,0.0,1.0,18.1,1.5,5.6,621084
48.0,1.0,1.0,4.0,20.0,3.0,Qom,1.0,0.0,0.0,7.9,4.0,5.2,100000
233.0,3.0,3.0,4.0,13.0,2.0,Mashhad,0.0,1.0,1.0,21.2,8.2,8.5,376527
257.0,5.0,5.0,1.0,4.0,0.0,Mashhad,1.0,0.0,1.0,34.8,6.8,7.9,320434
206.0,3.0,3.0,2.0,30.0,1.0,Qom,0.0,0.0,1.0,1.7,3.1,5.0,306754
379.0,6.0,5.0,2.0,,1.0,Mashhad,0.0,0.0,0.0,31.6,7.2,5.8,514649
246.0,5.0,4.0,2.0,11.0,1.0,Mashhad,1.0,0.0,0.0,20.3,2.1,9.9,454363
70.0,1.0,2.0,4.0,40.0,2.0,Mashhad,1.0,0.0,0.0,27.9,3.6,4.3,100000
142.0,2.0,2.0,1.0,30.0,2.0,Mashhad,0.0,0.0,0.0,23.7,1.3,8.7,100000
128.0,2.0,2.0,1.0,6.0,0.0,Mashhad,0.0,0.0,1.0,1.4,3.2,5.5,311553
319.0,7.0,5.0,3.0,28.0,0.0,Mashhad,1.0,0.0,1.0,24.3,5.4,7.4,336111
386.0,7.0,5.0,3.0,32.0,,Karaj,0.0,0.0,0.0,7.7,6.2,7.5,610467
118.0,2.0,2.0,2.0,18.0,3.0,Tabriz,1.0,1.0,1.0,7.2,7.3,7.0,297863
367.0,7.0,5.0,4.0,4.0,2.0,Tehran,0.0,0.0,0.0,26.9,6.9,7.4,693566
394.0,7.0,5.0,1.0,25.0,1.0,Mashhad,1.0,0.0,0.0,11.4,6.3,6.2,565743
201.0,5.0,5.0,2.0,0.0,1.0,Isfahan,0.0,0.0,1.0,10.6,1.2,6.7,394145
48.0,2.0,2.0,2.0,,0.0,Isfahan,0.0,0.0,0.0,20.9,7.5,9.1,100000
134.0,1.0,2.0,3.0,20.0,2.0,Tehran,1.0,0.0,1.0,7.2,7.6,8.9,364905
92.0,1.0,1.0,4.0,37.0,1.0,Tabriz,0.0,0.0,1.0,29.2,5.2,9.8,100000
300.0,6.0,5.0,3.0,34.0,3.0,Mashhad,0.0,0.0,1.0,2.1,8.3,5.1,443817
292.0,5.0,5.0,4.0,41.0,0.0,Shiraz,0.0,0.0,1.0,18.6,5.4,6.5,346225
358.0,7.0,5.0,2.0,28.0,3.0,Mashhad,1.0,0.0,0.0,21.5,4.1,4.2,519695
63.0,1.0,1.0,3.0,37.0,0.0,Isfahan,0.0,0.0,0.0,3.3,7.1,4.7,100000
207.0,4.0,3.0,4.0,33.0,3.0,Tehran,0.0,0.0,0.0,16.1,7.1,8.6,389809
63.0,2.0,2.0,4.0,11.0,0.0,Rasht,1.0,0.0,0.0,6.8,2.4,8.6,219600
306.0,5.0,5.0,3.0,43.0,3.0,Karaj,1.0,0.0,0.0,22.5,8.0,6.7,326508
311.0,7.0,5.0,2.0,32.0,2.0,Karaj,1.0,0.0,1.0,13.5,2.9,9.1,595940
178.0,4.0,,1.0,36.0,0.0,Rasht,,0.0,1.0,10.5,8.8,7.4,222321
391.0,7.0,5.0,,19.0,3.0,Shiraz,0.0,0.0,0.0,32.5,6.3,8.6,475656
388.0,7.0,5.0,4.0,42.0,2.0,Tabriz,0.0,1.0,1.0,1.9,8.9,8.0,507968
96.0,2.0,2.0,4.0,4.0,1.0,Mashhad,0.0,0.0,1.0,5.0,4.3,4.3,232436
162.0,2.0,3.0,3.0,20.0,3.0,Qom,1.0,0.0,0.0,15.1,9.6,8.1,208240
261.0,6.0,5.0,1.0,4.0,2.0,Tehran,0.0,0.0,1.0,9.9,6.3,7.7,653591
363.0,7.0,5.0,2.0,4.0,0.0,Mashhad,0.0,0.0,1.0,23.1,7.9,4.3,476328
260.0,4.0,3.0,3.0,15.0,1.0,Rasht,1.0,0.0,1.0,14.4,5.6,9.9,394528
330.0,6.0,5.0,1.0,6.0,2.0,Mashhad,0.0,0.0,0.0,17.7,3.6,7.0,493235
130.0,2.0,2.0,3.0,1.0,1.0,Shiraz,1.0,0.0,1.0,3.8,9.5,9.9,293002
267.0,5.0,4.0,2.0,4.0,1.0,Rasht,0.0,0.0,1.0,2.5,9.9,7.0,402477
412.0,6.0,5.0,2.0,19.0,2.0,Isfahan,1.0,0.0,1.0,18.1,6.3,4.2,550261
148.0,4.0,4.0,3.0,25.0,3.0,Mashhad,0.0,0.0,0.0,13.1,1.8,7.6,224176
343.0,6.0,5.0,4.0,23.0,1.0,Karaj,0.0,0.0,0.0,1.5,3.3,8.5,569504
165.0,4.0,5.0,3.0,8.0,0.0,Karaj,0.0,0.0,1.0,25.6,6.2,8.3,350350
141.0,2.0,2.0,3.0,38.0,0.0,Karaj,0.0,0.0,1.0,2.3,1.8,8.4,427994
294.0,5.0,5.0,4.0,36.0,0.0,Rasht,0.0,0.0,0.0,5.8,8.8,5.1,340488
388.0,7.0,5.0,2.0,41.0,3.0,Tehran,0.0,0.0,0.0,26.3,8.4,7.0,735341
67.0,1.0,1.0,1.0,2.0,2.0,Qom,1.0,0.0,1.0,7.7,10.0,6.1,100000
192.0,3.0,3.0,1.0,2.0,0.0,Tehran,1.0,0.0,,13.6,4.1,5.6,537139
80.0,1.0,2.0,1.0,8.0,2.0,Tehran,0.0,1.0,0.0,23.6,4.1,9.5,257239
,2.0,3.0,3.0,5.0,1.0,Rasht,1.0,0.0,1.0,25.3,8.5,9.2,156839
250.0,6.0,5.0,1.0,34.0,3.0,,1.0,0.0,1.0,8.5,5.3,7.4,429718
226.0,4.0,4.0,3.0,39.0,0.0,Tabriz,1.0,,1.0,16.6,5.5,8.8,194426
340.0,5.0,5.0,3.0,32.0,2.0,Rasht,0.0,0.0,1.0,24.5,8.3,5.4,367114
316.0,6.0,5.0,4.0,3.0,0.0,Tehran,0.0,0.0,0.0,18.1,9.5,7.2,623166
94.0,3.0,3.0,2.0,0.0,0.0,Tabriz,0.0,0.0,0.0,6.9,7.9,5.7,100000
,4.0,4.0,4.0,13.0,3.0,Rasht,1.0,0.0,1.0,5.5,7.6,6.6,284615
177.0,3.0,2.0,2.0,5.0,3.0,Mashhad,0.0,0.0,1.0,3.9,3.5,8.2,342075
350.0,7.0,5.0,3.0,41.0,0.0,Qom,0.0,1.0,0.0,23.8,4.5,7.2,418395
333.0,6.0,5.0,2.0,43.0,2.0,Shiraz,0.0,0.0,0.0,15.4,8.6,4.3,284299
88.0,2.0,3.0,4.0,29.0,1.0,Tehran,1.0,0.0,0.0,32.8,8.2,7.2,145140
356.0,7.0,5.0,2.0,17.0,0.0,Tabriz,1.0,0.0,1.0,3.3,4.2,9.1,583519
235.0,3.0,3.0,1.0,20.0,2.0,,1.0,0.0,1.0,13.3,3.3,5.2,353490
90.0,1.0,2.0,3.0,7.0,1.0,Tabriz,1.0,0.0,0.0,0.9,2.1,8.8,195938
120.0,2.0,1.0,3.0,34.0,2.0,Shiraz,0.0,0.0,1.0,26.3,7.3,4.5,100000
233.0,3.0,3.0,1.0,16.0,0.0,Tehran,1.0,0.0,0.0,31.4,6.8,6.2,377443
414.0,7.0,5.0,1.0,21.0,0.0,Shiraz,0.0,1.0,1.0,16.0,3.9,8.9,704692
360.0,6.0,5.0,3.0,30.0,0.0,Rasht,0.0,0.0,0.0,27.8,2.7,7.6,342816
95.0,3.0,4.0,3.0,0.0,0.0,Isfahan,0.0,0.0,1.0,28.1,4.3,4.3,100000
115.0,3.0,2.0,4.0,34.0,2.0,Karaj,1.0,0.0,0.0,4.2,4.7,4.0,178940
347.0,5.0,5.0,2.0,14.0,3.0,Qom,0.0,,0.0,26.5,6.8,6.4,252867
69.0,1.0,1.0,,40.0,0.0,Rasht,0.0,0.0,0.0,24.5,6.8,7.6,100000
420.0,7.0,5.0,3.0,42.0,2.0,Qom,1.0,0.0,1.0,12.5,,9.2,499019
229.0,4.0,3.0,3.0,39.0,1.0,Tehran,1.0,0.0,0.0,5.6,6.1,8.4,503316
339.0,7.0,5.0,2.0,24.0,2.0,Rasht,0.0,0.0,0.0,2.5,5.8,5.9,518180
250.0,4.0,5.0,3.0,36.0,2.0,Karaj,1.0,0.0,0.0,17.3,9.0,4.7,357588
275.0,6.0,5.0,1.0,27.0,1.0,Shiraz,1.0,0.0,1.0,23.5,4.2,8.0,373654
259.0,6.0,5.0,1.0,10.0,,Shiraz,0.0,0.0,,8.9,6.7,7.8,451293
208.0,5.0,5.0,3.0,8.0,3.0,Shiraz,0.0,0.0,0.0,12.0,8.4,5.4,319386
381.0,7.0,5.0,3.0,39.0,0.0,Isfahan,1.0,1.0,0.0,13.0,7.8,4.4,547991
96.0,1.0,2.0,3.0,40.0,1.0,Tehran,0.0,0.0,0.0,20.9,6.7,8.4,100000
241.0,4.0,4.0,1.0,4.0,3.0,Isfahan,1.0,0.0,0.0,24.0,5.3,6.6,302908
103.0,2.0,1.0,1.0,38.0,1.0,Qom,0.0,0.0,1.0,22.2,1.4,6.7,100000
359.0,6.0,5.0,2.0,0.0,2.0,Karaj,0.0,0.0,0.0,29.2,5.9,4.0,566702
292.0,4.0,5.0,3.0,5.0,0.0,Karaj,0.0,1.0,1.0,8.1,9.7,6.5,398869
321.0,6.0,5.0,2.0,35.0,2.0,Tehran,0.0,0.0,1.0,20.7,5.9,6.0,588789
337.0,6.0,5.0,1.0,4.0,3.0,Karaj,0.0,0.0,0.0,9.6,3.0,4.8,596861
313.0,6.0,5.0,3.0,26.0,3.0,Isfahan,0.0,0.0,1.0,19.2,8.3,6.8,427328
175.0,3.0,2.0,1.0,16.0,1.0,Shiraz,0.0,0.0,1.0,23.8,5.7,7.0,142485
187.0,3.0,2.0,1.0,36.0,0.0,Mashhad,0.0,0.0,1.0,30.7,1.0,8.1,182546
134.0,2.0,2.0,4.0,,1.0,Isfahan,1.0,0.0,0.0,10.1,9.9,6.7,100000
355.0,5.0,5.0,2.0,,,Qom,,,1.0,7.8,2.2,9.7,454100
394.0,6.0,5.0,1.0,10.0,0.0,Shiraz,0.0,0.0,1.0,9.2,9.6,8.8,582886
244.0,5.0,5.0,1.0,30.0,0.0,Tabriz,0.0,0.0,1.0,4.0,4.6,8.8,342904
416.0,7.0,5.0,3.0,17.0,0.0,Mashhad,1.0,0.0,0.0,29.0,6.2,9.8,582071
87.0,2.0,2.0,3.0,32.0,0.0,Karaj,0.0,0.0,1.0,11.6,1.1,8.7,154163
254.0,5.0,5.0,4.0,30.0,1.0,Tehran,1.0,0.0,0.0,34.1,,9.6,482783
322.0,7.0,5.0,2.0,9.0,0.0,Tabriz,1.0,0.0,1.0,31.2,5.4,5.3,258062
235.0,4.0,3.0,3.0,25.0,1.0,Tehran,0.0,1.0,0.0,16.4,8.5,8.1,524539
213.0,5.0,5.0,2.0,13.0,3.0,Rasht,1.0,1.0,0.0,1.9,7.5,8.9,577692
193.0,3.0,4.0,1.0,11.0,1.0,Rasht,0.0,0.0,0.0,14.3,4.4,4.8,234370
49.0,1.0,2.0,2.0,1.0,3.0,Karaj,0.0,0.0,0.0,11.8,1.7,7.2,133309
163.0,4.0,3.0,3.0,14.0,2.0,Isfahan,0.0,0.0,0.0,21.1,3.1,7.8,293186
404.0,6.0,5.0,1.0,44.0,3.0,Tabriz,1.0,1.0,0.0,15.2,5.2,8.4,568961
99.0,3.0,4.0,3.0,17.0,2.0,Karaj,1.0,0.0,1.0,20.1,6.9,8.7,186120
172.0,2.0,1.0,3.0,11.0,0.0,Tehran,0.0,0.0,1.0,25.2,3.1,6.2,161919
303.0,6.0,5.0,4.0,42.0,1.0,Mashhad,1.0,1.0,1.0,25.8,8.6,9.2,489067
105.0,1.0,1.0,2.0,37.0,,Isfahan,0.0,0.0,0.0,24.3,3.0,6.4,100000
414.0,7.0,5.0,3.0,0.0,2.0,Isfahan,0.0,0.0,1.0,11.7,4.1,,657335
153.0,4.0,3.0,1.0,4.0,1.0,Mashhad,0.0,0.0,0.0,30.9,8.5,7.4,110314
368.0,7.0,5.0,2.0,9.0,0.0,Qom,0.0,1.0,1.0,26.1,7.3,8.4,426729
77.0,1.0,1.0,1.0,39.0,2.0,Qom,0.0,0.0,1.0,12.5,4.7,5.4,100000
185.0,2.0,3.0,4.0,30.0,,Karaj,0.0,0.0,1.0,20.2,5.0,6.0,254580
209.0,3.0,4.0,4.0,2.0,2.0,Rasht,0.0,0.0,0.0,12.2,4.5,8.3,294559
110.0,3.0,4.0,4.0,27.0,2.0,Rasht,1.0,0.0,1.0,3.3,6.5,7.8,248879
277.0,5.0,5.0,1.0,25.0,1.0,Mashhad,0.0,0.0,1.0,22.8,3.5,9.4,496521
128.0,1.0,1.0,2.0,12.0,3.0,Isfahan,1.0,0.0,0.0,14.7,8.4,4.7,132411
85.0,3.0,3.0,2.0,25.0,1.0,Tehran,1.0,0.0,0.0,34.1,6.9,4.2,100000
405.0,7.0,5.0,3.0,12.0,3.0,Rasht,0.0,0.0,0.0,22.1,2.1,9.6,643981
312.0,,5.0,3.0,11.0,2.0,,0.0,0.0,1.0,31.4,2.6,,392817
228.0,5.0,5.0,3.0,12.0,2.0,Tehran,0.0,0.0,1.0,18.1,7.0,6.5,550270
357.0,7.0,5.0,1.0,15.0,2.0,Rasht,1.0,0.0,0.0,22.9,5.1,8.3,435636
310.0,5.0,4.0,1.0,32.0,0.0,Karaj,0.0,1.0,1.0,11.3,8.5,8.4,466184
381.0,6.0,5.0,3.0,10.0,2.0,Mashhad,0.0,0.0,0.0,22.7,2.3,8.8,539904
259.0,4.0,4.0,,38.0,2.0,Mashhad,1.0,0.0,1.0,31.0,5.9,7.5,343803
275.0,6.0,5.0,2.0,20.0,0.0,Shiraz,0.0,0.0,0.0,33.3,9.5,5.5,147894
215.0,3.0,3.0,2.0,6.0,0.0,Mashhad,0.0,0.0,0.0,11.3,7.1,7.7,314519
53.0,2.0,2.0,4.0,3.0,0.0,Karaj,1.0,1.0,0.0,30.6,2.3,6.1,100000
339.0,5.0,5.0,1.0,8.0,2.0,Tehran,0.0,0.0,1.0,21.6,5.1,5.3,774780
270.0,5.0,5.0,1.0,42.0,0.0,Shiraz,1.0,0.0,0.0,20.4,9.1,6.8,249444
305.0,7.0,5.0,1.0,9.0,3.0,Rasht,0.0,0.0,0.0,28.3,9.4,9.5,437997
198.0,4.0,5.0,3.0,22.0,0.0,Rasht,1.0,0.0,1.0,33.4,5.0,5.3,161784
143.0,4.0,4.0,1.0,25.0,3.0,Tehran,0.0,0.0,1.0,15.0,8.2,5.4,324261
,3.0,3.0,1.0,37.0,2.0,Shiraz,0.0,0.0,1.0,13.6,2.7,5.5,261486
282.0,4.0,4.0,4.0,40.0,2.0,Shiraz,0.0,0.0,1.0,2.6,6.0,5.6,329584
119.0,2.0,3.0,3.0,14.0,2.0,Qom,1.0,0.0,1.0,20.0,5.1,7.4,195179
282.0,6.0,5.0,3.0,19.0,3.0,Tabriz,1.0,0.0,1.0,6.9,5.9,5.6,448067
135.0,1.0,1.0,3.0,37.0,3.0,Isfahan,0.0,0.0,0.0,8.7,3.7,6.4,122106
118.0,2.0,2.0,1.0,37.0,1.0,Mashhad,1.0,0.0,1.0,18.8,2.8,8.3,200000
349.0,7.0,5.0,3.0,11.0,2.0,Mashhad,0.0,0.0,0.0,19.5,5.7,5.4,488954
347.0,5.0,5.0,3.0,26.0,2.0,Isfahan,0.0,0.0,1.0,2.5,2.3,8.6,600026
189.0,3.0,3.0,3.0,35.0,3.0,Rasht,0.0,0.0,0.0,22.3,7.4,9.7,166820
359.0,6.0,5.0,3.0,22.0,1.0,Shiraz,0.0,0.0,1.0,28.5,4.0,9.9,438908
141.0,4.0,4.0,3.0,2.0,2.0,Mashhad,0.0,0.0,0.0,34.1,9.9,9.0,162378
328.0,6.0,5.0,1.0,11.0,2.0,Isfahan,1.0,0.0,1.0,25.7,9.5,4.1,421939
81.0,1.0,1.0,4.0,20.0,2.0,Isfahan,1.0,0.0,0.0,32.3,6.2,7.3,100000
69.0,1.0,1.0,4.0,44.0,2.0,Qom,0.0,0.0,0.0,12.6,9.4,6.6,100000
119.0,2.0,3.0,4.0,17.0,1.0,Rasht,0.0,0.0,1.0,17.6,2.3,4.7,114574
388.0,7.0,5.0,2.0,28.0,3.0,Mashhad,0.0,0.0,0.0,30.1,4.5,5.0,460404
275.0,4.0,3.0,2.0,0.0,1.0,Rasht,0.0,1.0,1.0,5.9,8.4,4.7,520943
365.0,7.0,5.0,3.0,36.0,2.0,Qom,0.0,0.0,0.0,22.0,7.7,8.7,239935
115.0,1.0,1.0,2.0,31.0,3.0,Qom,1.0,0.0,1.0,11.1,2.2,6.9,111350
371.0,7.0,,,43.0,3.0,Tehran,0.0,0.0,,19.3,8.1,5.7,623791
125.0,3.0,4.0,1.0,26.0,3.0,Tehran,0.0,,0.0,,7.0,6.9,383734
53.0,,1.0,3.0,6.0,3.0,Isfahan,1.0,0.0,1.0,26.4,7.0,6.3,100000
335.0,6.0,5.0,2.0,35.0,1.0,Tabriz,0.0,0.0,1.0,30.5,9.7,6.7,210428
59.0,2.0,1.0,1.0,13.0,2.0,Shiraz,0.0,0.0,1.0,,6.0,9.4,100000
145.0,2.0,1.0,2.0,38.0,1.0,Shiraz,0.0,0.0,0.0,16.8,4.9,4.4,100000
70.0,1.0,1.0,1.0,38.0,3.0,Isfahan,0.0,0.0,0.0,24.4,5.9,9.4,100000
198.0,5.0,5.0,2.0,43.0,1.0,Tabriz,0.0,0.0,0.0,10.7,4.6,4.9,210260
65.0,2.0,2.0,3.0,24.0,3.0,Tehran,0.0,0.0,1.0,21.0,2.9,5.3,100000
319.0,7.0,5.0,4.0,14.0,0.0,Shiraz,0.0,1.0,0.0,13.2,9.9,8.3,505355
280.0,5.0,4.0,4.0,8.0,0.0,Isfahan,0.0,0.0,1.0,21.7,1.5,9.6,367311
177.0,4.0,4.0,4.0,29.0,2.0,Rasht,0.0,0.0,0.0,17.4,1.4,5.8,180440
191.0,4.0,3.0,1.0,42.0,1.0,,1.0,0.0,1.0,25.9,6.2,7.7,233441
277.0,5.0,5.0,2.0,9.0,3.0,Karaj,1.0,0.0,0.0,8.0,9.1,7.6,524817
155.0,2.0,1.0,1.0,1.0,0.0,Karaj,0.0,0.0,0.0,33.2,8.0,6.5,100000
232.0,3.0,3.0,4.0,15.0,0.0,Tabriz,1.0,1.0,1.0,16.6,2.2,5.5,324544
248.0,4.0,3.0,1.0,43.0,0.0,Isfahan,1.0,1.0,0.0,24.3,2.3,7.2,1321756
198.0,3.0,4.0,1.0,44.0,3.0,Karaj,0.0,0.0,0.0,17.0,8.7,7.2,191327
136.0,3.0,3.0,2.0,18.0,2.0,Shiraz,0.0,0.0,1.0,7.1,2.6,8.4,327267
355.0,7.0,5.0,4.0,3.0,0.0,Tabriz,0.0,0.0,1.0,33.7,5.1,4.4,323773
107.0,2.0,2.0,,18.0,1.0,Tabriz,0.0,,1.0,29.3,5.9,7.7,100000
272.0,4.0,4.0,3.0,37.0,3.0,Karaj,1.0,0.0,1.0,,9.2,6.3,273035
201.0,5.0,5.0,1.0,31.0,2.0,Mashhad,0.0,0.0,0.0,4.9,3.2,9.1,402211
346.0,7.0,5.0,4.0,38.0,0.0,Karaj,0.0,0.0,0.0,21.3,1.9,8.0,468755
392.0,7.0,5.0,4.0,31.0,,Tabriz,0.0,0.0,1.0,31.6,1.7,4.4,363651
218.0,4.0,3.0,1.0,30.0,2.0,Isfahan,0.0,0.0,1.0,29.2,7.9,7.4,196427
151.0,3.0,4.0,1.0,33.0,1.0,Rasht,1.0,0.0,1.0,,1.1,6.4,311671
289.0,5.0,5.0,4.0,44.0,0.0,Shiraz,1.0,0.0,1.0,,1.4,7.3,373273
275.0,6.0,5.0,3.0,4.0,0.0,Qom,1.0,0.0,1.0,25.7,3.7,4.7,342999
293.0,6.0,5.0,1.0,39.0,2.0,Isfahan,1.0,0.0,1.0,,4.0,7.1,554678
100.0,2.0,1.0,3.0,21.0,1.0,Shiraz,,0.0,0.0,16.5,6.5,9.9,101159
336.0,6.0,5.0,2.0,24.0,3.0,Mashhad,0.0,0.0,1.0,29.0,1.7,4.8,477204
400.0,7.0,5.0,3.0,10.0,0.0,Tehran,1.0,0.0,,2.0,5.6,9.9,1068354
298.0,4.0,4.0,3.0,8.0,2.0,Rasht,0.0,0.0,0.0,2.2,7.6,4.9,540276
415.0,7.0,5.0,1.0,25.0,3.0,Shiraz,0.0,0.0,0.0,22.9,3.2,7.6,526777
407.0,7.0,5.0,4.0,20.0,3.0,Isfahan,0.0,1.0,1.0,,2.5,5.2,630603
196.0,3.0,4.0,2.0,13.0,1.0,Tabriz,0.0,0.0,1.0,24.8,2.9,9.9,299903
169.0,3.0,3.0,4.0,9.0,0.0,Karaj,0.0,1.0,1.0,10.6,6.2,6.7,426144
150.0,4.0,5.0,1.0,2.0,1.0,Shiraz,0.0,0.0,0.0,,7.1,6.7,248277
99.0,2.0,2.0,2.0,11.0,2.0,Shiraz,0.0,0.0,1.0,6.0,7.0,7.2,206962
366.0,7.0,5.0,1.0,23.0,0.0,Shiraz,,0.0,1.0,20.6,5.5,9.8,479349
123.0,1.0,1.0,4.0,21.0,0.0,Mashhad,1.0,0.0,1.0,13.0,6.3,8.8,100000
104.0,3.0,3.0,3.0,6.0,3.0,Qom,0.0,0.0,1.0,23.5,8.8,5.9,100000
165.0,3.0,2.0,4.0,1.0,2.0,Qom,0.0,0.0,0.0,25.1,4.7,6.1,122788
186.0,2.0,2.0,3.0,11.0,2.0,Mashhad,0.0,0.0,0.0,33.6,1.5,8.4,193158
192.0,4.0,4.0,4.0,7.0,2.0,Isfahan,1.0,0.0,1.0,22.3,9.3,5.9,227318
337.0,7.0,5.0,,37.0,3.0,Tabriz,0.0,0.0,1.0,30.9,6.8,6.1,330445
157.0,3.0,4.0,2.0,44.0,0.0,Tabriz,1.0,0.0,0.0,28.5,4.4,7.4,100000
327.0,6.0,5.0,1.0,13.0,0.0,Isfahan,1.0,0.0,0.0,,6.8,7.7,612423
342.0,5.0,5.0,4.0,30.0,1.0,Shiraz,0.0,0.0,1.0,15.4,9.0,7.3,438441
142.0,3.0,3.0,1.0,9.0,0.0,Qom,0.0,0.0,0.0,,5.3,10.0,190624
290.0,5.0,5.0,4.0,37.0,3.0,Tehran,0.0,0.0,0.0,14.0,2.3,4.3,561402
330.0,7.0,5.0,1.0,34.0,0.0,Qom,0.0,0.0,0.0,4.9,9.8,7.0,327560
182.0,4.0,4.0,1.0,42.0,0.0,Karaj,0.0,0.0,0.0,12.5,1.4,4.7,283523
393.0,7.0,5.0,2.0,42.0,0.0,Qom,1.0,0.0,0.0,12.4,9.4,9.2,404005
104.0,2.0,1.0,4.0,26.0,2.0,Isfahan,0.0,0.0,0.0,8.0,8.1,7.1,154583
197.0,5.0,5.0,3.0,,0.0,Qom,1.0,0.0,1.0,,1.7,7.3,272235
296.0,4.0,3.0,1.0,34.0,3.0,Shiraz,0.0,1.0,1.0,1.4,5.6,6.3,599940
133.0,2.0,1.0,4.0,7.0,1.0,Isfahan,1.0,0.0,1.0,29.5,3.9,5.2,113382
253.0,6.0,5.0,,5.0,1.0,Rasht,0.0,0.0,0.0,33.7,6.4,7.9,304873
101.0,1.0,2.0,2.0,1.0,1.0,Tehran,0.0,0.0,1.0,22.1,8.6,5.7,143652
411.0,6.0,5.0,4.0,2.0,3.0,,1.0,0.0,0.0,25.6,5.0,5.9,562946
137.0,2.0,3.0,3.0,8.0,3.0,Isfahan,0.0,0.0,0.0,25.8,3.0,9.8,200604
95.0,1.0,1.0,1.0,,1.0,Rasht,0.0,0.0,1.0,10.0,5.1,7.3,678820
227.0,3.0,3.0,4.0,,3.0,Shiraz,0.0,0.0,1.0,6.6,1.7,4.3,233204
109.0,3.0,3.0,2.0,45.0,1.0,Rasht,1.0,0.0,1.0,30.2,9.2,7.8,100000
261.0,6.0,5.0,4.0,19.0,0.0,Isfahan,1.0,0.0,0.0,33.9,7.9,8.3,274437
232.0,4.0,5.0,1.0,1.0,3.0,Rasht,0.0,0.0,1.0,1.3,4.0,6.4,480461
66.0,1.0,1.0,1.0,31.0,2.0,Isfahan,0.0,0.0,0.0,24.5,3.3,6.3,100000
187.0,2.0,2.0,4.0,16.0,1.0,Qom,0.0,0.0,1.0,5.9,9.1,9.3,121397
55.0,1.0,1.0,4.0,0.0,0.0,Mashhad,0.0,0.0,1.0,8.5,6.8,9.0,204527
315.0,6.0,5.0,3.0,20.0,1.0,Karaj,0.0,0.0,0.0,23.1,7.1,8.1,487164
214.0,4.0,3.0,4.0,38.0,0.0,Qom,0.0,0.0,1.0,10.7,7.1,4.6,179568
191.0,3.0,3.0,3.0,35.0,2.0,Mashhad,0.0,0.0,0.0,15.4,9.5,4.7,175852
375.0,7.0,5.0,2.0,7.0,0.0,Rasht,0.0,,0.0,27.7,2.4,6.4,447797
117.0,2.0,2.0,1.0,14.0,0.0,,0.0,0.0,1.0,26.7,6.1,7.8,100000
176.0,3.0,3.0,3.0,15.0,1.0,Isfahan,1.0,0.0,1.0,1.6,2.6,6.4,298547
350.0,6.0,5.0,4.0,13.0,2.0,Tehran,0.0,0.0,0.0,30.9,9.9,6.2,677482
384.0,7.0,5.0,1.0,12.0,2.0,Tabriz,1.0,0.0,0.0,19.4,6.2,8.1,507505
300.0,6.0,5.0,1.0,25.0,3.0,Mashhad,0.0,0.0,0.0,18.5,1.0,5.3,363778
349.0,7.0,,4.0,7.0,2.0,Shiraz,0.0,1.0,1.0,27.9,7.3,8.4,546206
399.0,7.0,5.0,3.0,40.0,0.0,Isfahan,0.0,0.0,0.0,22.2,7.6,5.1,381482
193.0,4.0,5.0,3.0,38.0,2.0,Tabriz,0.0,0.0,0.0,20.9,8.1,7.3,136507
157.0,4.0,3.0,4.0,3.0,0.0,Karaj,0.0,0.0,1.0,30.2,7.1,4.8,142448
168.0,3.0,3.0,1.0,9.0,0.0,Isfahan,,0.0,0.0,31.8,1.8,5.7,192997
287.0,6.0,5.0,4.0,37.0,0.0,Tehran,1.0,0.0,1.0,,2.9,8.6,611600
101.0,3.0,3.0,4.0,29.0,2.0,Shiraz,0.0,1.0,1.0,21.4,8.4,7.9,201989
392.0,6.0,5.0,1.0,30.0,1.0,Tabriz,1.0,0.0,1.0,11.2,9.5,8.4,536422
361.0,7.0,5.0,4.0,26.0,3.0,Tabriz,1.0,0.0,1.0,25.6,4.3,7.2,514165
301.0,6.0,5.0,3.0,29.0,1.0,Qom,0.0,1.0,0.0,11.4,3.4,4.2,414843
59.0,1.0,1.0,3.0,32.0,1.0,Isfahan,0.0,0.0,1.0,24.0,9.1,9.1,100000
157.0,2.0,2.0,2.0,15.0,0.0,Rasht,1.0,0.0,1.0,21.8,1.9,5.7,100000
407.0,,5.0,2.0,25.0,3.0,Qom,1.0,,1.0,33.6,2.1,6.1,384228
406.0,7.0,5.0,4.0,15.0,3.0,Qom,1.0,0.0,1.0,2.9,1.8,7.6,666340
79.0,2.0,1.0,4.0,18.0,0.0,,1.0,0.0,1.0,25.1,8.2,9.3,100000
382.0,7.0,5.0,2.0,31.0,0.0,Tabriz,0.0,0.0,0.0,29.6,4.6,6.4,327785
226.0,4.0,3.0,3.0,5.0,,Rasht,0.0,0.0,1.0,34.4,7.5,9.0,229664
51.0,1.0,2.0,2.0,34.0,1.0,Isfahan,0.0,0.0,0.0,26.9,3.4,5.1,100000
329.0,7.0,5.0,2.0,4.0,3.0,Rasht,,0.0,0.0,29.2,2.8,5.1,485816
55.0,2.0,1.0,3.0,37.0,2.0,Tabriz,0.0,0.0,0.0,20.9,7.0,5.3,200000
158.0,3.0,2.0,4.0,10.0,1.0,Isfahan,0.0,0.0,0.0,33.0,1.5,5.8,100000
285.0,4.0,4.0,4.0,42.0,1.0,Qom,1.0,1.0,1.0,34.5,4.1,5.3,240813
268.0,6.0,5.0,3.0,38.0,2.0,Tehran,0.0,0.0,1.0,14.5,8.2,8.8,530260
370.0,7.0,5.0,3.0,7.0,1.0,Rasht,1.0,0.0,0.0,7.8,8.7,6.8,652542
154.0,4.0,5.0,2.0,38.0,2.0,,0.0,0.0,0.0,12.0,5.2,5.3,125499
362.0,6.0,5.0,2.0,25.0,2.0,Isfahan,1.0,0.0,0.0,4.1,2.2,6.0,641690
242.0,4.0,5.0,4.0,32.0,1.0,Karaj,0.0,0.0,1.0,2.4,2.8,5.8,480039
46.0,1.0,1.0,1.0,12.0,3.0,Mashhad,1.0,0.0,1.0,,4.4,4.7,100000
337.0,6.0,5.0,4.0,23.0,0.0,Isfahan,0.0,0.0,0.0,15.5,3.5,8.5,435635
214.0,3.0,,1.0,32.0,0.0,Isfahan,0.0,0.0,1.0,12.5,1.9,8.0,287926
169.0,2.0,2.0,3.0,42.0,3.0,Karaj,0.0,0.0,1.0,14.6,3.4,6.7,209925
106.0,1.0,2.0,2.0,9.0,2.0,Rasht,1.0,0.0,1.0,8.7,4.5,4.0,117651
171.0,4.0,4.0,2.0,2.0,2.0,Shiraz,1.0,1.0,0.0,19.3,8.6,7.1,399249
223.0,5.0,4.0,1.0,23.0,2.0,Isfahan,0.0,0.0,0.0,22.8,1.7,7.7,345377
329.0,5.0,4.0,2.0,1.0,3.0,Mashhad,0.0,1.0,1.0,29.1,6.9,5.7,509538
202.0,4.0,4.0,2.0,39.0,3.0,Rasht,1.0,0.0,0.0,33.8,3.5,9.4,163229
,6.0,5.0,1.0,28.0,1.0,Tehran,1.0,0.0,0.0,21.6,8.1,4.2,669633
60.0,1.0,2.0,1.0,9.0,0.0,Tehran,1.0,0.0,0.0,30.1,5.8,8.8,100000
188.0,2.0,1.0,1.0,17.0,3.0,Karaj,0.0,0.0,1.0,25.8,3.7,6.3,209339
397.0,6.0,5.0,2.0,13.0,2.0,Qom,0.0,0.0,0.0,26.5,2.0,8.7,404660
371.0,7.0,5.0,2.0,9.0,2.0,Rasht,0.0,1.0,1.0,6.7,3.7,5.5,614153
209.0,4.0,4.0,4.0,31.0,1.0,Shiraz,0.0,0.0,1.0,28.9,3.4,9.5,197594
349.0,7.0,5.0,1.0,28.0,2.0,,1.0,0.0,1.0,2.0,7.7,5.3,484591
314.0,7.0,5.0,2.0,2.0,0.0,Karaj,1.0,1.0,0.0,10.8,6.7,8.1,805498
183.0,3.0,3.0,,33.0,1.0,Tabriz,0.0,0.0,1.0,16.1,1.9,4.6,100000
167.0,3.0,3.0,4.0,1.0,2.0,Qom,0.0,1.0,1.0,14.4,1.7,8.1,360649
102.0,2.0,2.0,3.0,4.0,2.0,Qom,1.0,0.0,0.0,29.6,3.0,6.9,119702
108.0,3.0,3.0,3.0,12.0,2.0,Rasht,0.0,0.0,1.0,29.1,2.3,6.3,100000
64.0,2.0,1.0,4.0,17.0,3.0,Tabriz,0.0,1.0,0.0,12.5,1.3,9.4,138251
360.0,7.0,5.0,1.0,17.0,0.0,,1.0,0.0,1.0,4.0,9.7,9.5,2341508
332.0,5.0,5.0,,39.0,1.0,Rasht,1.0,1.0,1.0,17.1,7.7,6.8,465536
220.0,5.0,5.0,3.0,6.0,1.0,Tehran,0.0,0.0,0.0,33.9,8.1,,263485
418.0,7.0,5.0,4.0,4.0,1.0,Rasht,1.0,0.0,1.0,28.4,3.9,4.7,556246
306.0,5.0,,2.0,9.0,0.0,Rasht,0.0,0.0,0.0,23.2,3.3,6.5,451587
321.0,7.0,5.0,,15.0,2.0,Mashhad,1.0,0.0,0.0,19.9,6.4,9.9,541229
292.0,4.0,4.0,2.0,33.0,2.0,Isfahan,0.0,0.0,1.0,6.9,9.8,4.8,441501
129.0,2.0,2.0,2.0,9.0,1.0,Isfahan,1.0,1.0,0.0,8.6,2.1,5.5,341718
285.0,4.0,3.0,2.0,42.0,3.0,Qom,0.0,0.0,1.0,21.7,7.5,4.3,201941
241.0,4.0,4.0,4.0,42.0,2.0,Tehran,1.0,0.0,0.0,5.8,8.3,9.6,512045
200.0,4.0,4.0,2.0,,0.0,Rasht,1.0,0.0,1.0,25.3,1.0,9.5,328864
236.0,4.0,3.0,,18.0,2.0,Karaj,1.0,0.0,0.0,11.4,2.1,4.7,267552
219.0,4.0,5.0,4.0,10.0,2.0,Tabriz,0.0,0.0,1.0,6.8,1.8,8.2,367142
357.0,5.0,5.0,3.0,10.0,2.0,Rasht,0.0,0.0,0.0,24.0,6.8,8.3,439053
101.0,3.0,3.0,2.0,18.0,0.0,Karaj,1.0,0.0,0.0,0.7,8.7,9.2,279536
118.0,3.0,3.0,1.0,28.0,0.0,Tehran,0.0,0.0,0.0,32.2,5.1,5.6,100000
335.0,5.0,5.0,2.0,8.0,2.0,Qom,1.0,0.0,1.0,22.8,7.2,9.0,402663
167.0,2.0,2.0,4.0,27.0,0.0,Tehran,1.0,0.0,1.0,2.9,9.2,10.0,295365
255.0,6.0,5.0,1.0,37.0,1.0,Tehran,0.0,0.0,1.0,0.5,7.3,5.4,654379
,4.0,4.0,2.0,28.0,0.0,Isfahan,,0.0,1.0,29.6,6.8,6.3,167065
393.0,7.0,5.0,3.0,32.0,3.0,Shiraz,0.0,0.0,0.0,16.6,3.7,7.7,574050
,7.0,5.0,1.0,37.0,2.0,Karaj,0.0,0.0,1.0,18.3,7.4,5.9,477081
293.0,5.0,4.0,4.0,14.0,3.0,Mashhad,1.0,0.0,0.0,14.9,7.0,5.5,394973
339.0,6.0,5.0,4.0,41.0,1.0,Mashhad,0.0,0.0,0.0,5.6,1.0,4.3,524665
49.0,1.0,1.0,,34.0,2.0,Isfahan,0.0,0.0,1.0,,1.2,8.6,100000
354.0,6.0,5.0,4.0,24.0,2.0,Shiraz,0.0,0.0,0.0,22.2,2.4,5.1,423149
166.0,3.0,2.0,4.0,0.0,3.0,Rasht,0.0,0.0,1.0,22.1,7.2,9.6,220687
335.0,7.0,5.0,4.0,0.0,1.0,Qom,1.0,0.0,1.0,17.3,5.6,6.0,449931
303.0,5.0,5.0,1.0,4.0,0.0,Mashhad,1.0,0.0,1.0,8.4,5.6,9.7,564520
253.0,5.0,4.0,4.0,9.0,3.0,Tehran,0.0,0.0,1.0,10.3,,5.7,580307
257.0,5.0,5.0,1.0,31.0,3.0,Karaj,0.0,0.0,1.0,1.1,4.2,7.6,497613
418.0,7.0,5.0,2.0,5.0,0.0,Shiraz,0.0,,0.0,33.7,1.6,4.6,576485
360.0,7.0,5.0,4.0,6.0,1.0,Shiraz,1.0,1.0,0.0,30.9,6.1,6.6,517220
282.0,4.0,5.0,3.0,28.0,2.0,Isfahan,0.0,0.0,1.0,24.3,2.2,8.4,360886
411.0,6.0,5.0,2.0,1.0,1.0,Shiraz,0.0,0.0,0.0,22.2,7.1,9.3,651844
141.0,3.0,2.0,1.0,30.0,0.0,Isfahan,0.0,,0.0,19.2,7.5,8.0,113913
326.0,7.0,5.0,1.0,22.0,1.0,Shiraz,0.0,0.0,0.0,2.6,6.9,4.8,549509
173.0,3.0,3.0,3.0,32.0,3.0,Tehran,0.0,0.0,0.0,22.8,7.7,9.3,293805
134.0,1.0,2.0,3.0,2.0,3.0,Isfahan,0.0,0.0,0.0,19.0,8.5,4.4,112560
309.0,5.0,4.0,3.0,34.0,1.0,Shiraz,0.0,0.0,0.0,10.4,4.1,6.7,375377
347.0,7.0,,2.0,38.0,1.0,Shiraz,,0.0,0.0,1.9,7.5,8.7,496456
207.0,5.0,5.0,4.0,41.0,2.0,Tabriz,0.0,0.0,0.0,30.3,3.9,8.3,190390
236.0,5.0,4.0,3.0,0.0,0.0,Rasht,,0.0,1.0,12.6,3.1,5.4,418355
285.0,4.0,5.0,1.0,14.0,2.0,Mashhad,0.0,0.0,0.0,1.3,8.4,5.0,368058
117.0,3.0,2.0,3.0,40.0,0.0,,1.0,0.0,0.0,19.9,3.2,7.7,100000
266.0,4.0,4.0,1.0,1.0,3.0,Rasht,1.0,0.0,0.0,21.9,7.3,7.1,307998
189.0,3.0,3.0,4.0,28.0,0.0,Qom,0.0,0.0,1.0,19.4,6.0,,100000
343.0,6.0,5.0,2.0,27.0,1.0,Tabriz,1.0,0.0,0.0,26.2,1.3,4.1,364725
276.0,4.0,4.0,4.0,39.0,0.0,Tabriz,0.0,0.0,1.0,15.7,1.1,4.1,307739
76.0,2.0,1.0,3.0,14.0,0.0,Rasht,0.0,0.0,0.0,18.6,7.5,6.2,100000
342.0,5.0,,4.0,20.0,2.0,Rasht,0.0,0.0,1.0,25.0,1.2,5.0,363981
142.0,2.0,1.0,1.0,20.0,0.0,Shiraz,0.0,0.0,,20.8,7.9,5.1,100000
153.0,2.0,3.0,4.0,28.0,2.0,Tehran,0.0,0.0,0.0,30.5,4.3,9.8,156639
160.0,4.0,3.0,4.0,5.0,3.0,Shiraz,0.0,1.0,0.0,14.8,9.6,9.7,257587
327.0,6.0,5.0,2.0,12.0,0.0,Qom,1.0,0.0,1.0,7.7,1.3,4.1,509047
241.0,5.0,5.0,,32.0,1.0,Karaj,0.0,0.0,1.0,33.6,8.2,8.9,261590
155.0,4.0,3.0,4.0,29.0,1.0,Mashhad,0.0,0.0,1.0,10.4,2.9,8.9,243179
252.0,4.0,4.0,1.0,9.0,1.0,Shiraz,0.0,0.0,1.0,5.4,2.5,5.0,453338
89.0,2.0,3.0,3.0,3.0,3.0,Tabriz,1.0,0.0,0.0,21.0,5.4,8.3,203137
315.0,6.0,5.0,3.0,13.0,3.0,Isfahan,0.0,0.0,0.0,18.9,4.2,5.0,437363
355.0,7.0,5.0,2.0,17.0,0.0,Rasht,1.0,0.0,0.0,28.2,3.1,9.3,494367
276.0,,5.0,3.0,17.0,0.0,Qom,0.0,0.0,0.0,29.2,3.3,5.0,225307
,5.0,5.0,2.0,40.0,2.0,Mashhad,0.0,0.0,1.0,29.0,6.2,4.6,161442
62.0,1.0,2.0,4.0,41.0,0.0,Tehran,0.0,0.0,1.0,15.7,6.0,9.9,100000
260.0,5.0,5.0,3.0,33.0,3.0,Mashhad,0.0,0.0,1.0,17.9,5.4,6.6,411485
395.0,7.0,5.0,2.0,11.0,2.0,Karaj,0.0,0.0,1.0,24.2,4.6,8.3,705192
93.0,2.0,1.0,1.0,38.0,2.0,Isfahan,1.0,0.0,1.0,4.0,8.1,5.6,100000
416.0,7.0,5.0,3.0,43.0,0.0,Tabriz,0.0,0.0,0.0,19.1,3.6,8.6,457310
407.0,6.0,5.0,1.0,18.0,1.0,Karaj,0.0,0.0,0.0,31.1,7.9,5.8,418305
398.0,6.0,5.0,2.0,1.0,0.0,Tehran,1.0,0.0,1.0,16.4,9.1,7.8,923646
409.0,7.0,5.0,4.0,33.0,1.0,Karaj,1.0,0.0,0.0,10.5,1.6,8.7,730206
130.0,1.0,1.0,3.0,35.0,1.0,Rasht,1.0,0.0,0.0,12.9,9.2,4.6,100000
57.0,1.0,2.0,1.0,,3.0,Mashhad,1.0,0.0,0.0,3.4,5.2,8.5,100000
400.0,7.0,5.0,4.0,41.0,0.0,Shiraz,,0.0,1.0,15.2,6.0,4.9,449197
162.0,4.0,4.0,3.0,21.0,1.0,Tehran,0.0,0.0,0.0,33.0,1.3,4.8,272047
211.0,4.0,4.0,2.0,45.0,0.0,,0.0,0.0,1.0,16.2,7.7,9.3,328513
349.0,6.0,5.0,1.0,40.0,3.0,Shiraz,0.0,0.0,0.0,32.1,9.3,7.2,340700
210.0,4.0,4.0,2.0,44.0,3.0,Mashhad,0.0,0.0,1.0,24.2,5.5,7.8,227195
167.0,3.0,3.0,,20.0,0.0,Karaj,1.0,0.0,0.0,11.5,2.6,9.7,305697
197.0,5.0,4.0,4.0,24.0,3.0,Mashhad,1.0,0.0,1.0,16.7,9.6,9.2,330028
,2.0,1.0,4.0,1.0,0.0,Rasht,0.0,0.0,1.0,14.9,6.4,6.7,157373
287.0,6.0,5.0,3.0,18.0,0.0,Rasht,1.0,0.0,0.0,29.3,3.6,8.0,391008
154.0,4.0,4.0,4.0,36.0,2.0,Mashhad,0.0,0.0,1.0,16.3,7.9,8.8,179334
396.0,7.0,5.0,4.0,28.0,3.0,Tabriz,1.0,0.0,1.0,7.0,9.4,9.0,598863
369.0,6.0,5.0,2.0,29.0,0.0,Rasht,0.0,0.0,0.0,7.5,6.4,6.6,423070
227.0,5.0,5.0,3.0,26.0,1.0,Qom,1.0,0.0,0.0,15.5,2.4,,356972
251.0,4.0,4.0,1.0,30.0,0.0,Karaj,0.0,0.0,1.0,16.8,4.4,5.8,358717
90.0,2.0,1.0,1.0,6.0,2.0,Tabriz,1.0,0.0,1.0,34.6,6.1,7.6,100000
275.0,5.0,5.0,1.0,11.0,1.0,Mashhad,1.0,0.0,0.0,6.9,2.8,6.9,526888
228.0,5.0,4.0,,45.0,1.0,Tehran,0.0,1.0,1.0,10.3,3.9,9.9,605570
420.0,7.0,5.0,1.0,4.0,1.0,Tabriz,0.0,1.0,0.0,26.3,2.1,7.5,662856
101.0,1.0,1.0,4.0,43.0,3.0,Qom,0.0,0.0,0.0,24.7,3.4,4.6,100000
315.0,7.0,5.0,,28.0,0.0,Tehran,0.0,0.0,1.0,17.1,6.1,6.1,580767
240.0,5.0,,3.0,37.0,,,0.0,0.0,0.0,23.2,8.0,7.7,287634
370.0,7.0,5.0,4.0,12.0,0.0,Mashhad,0.0,0.0,1.0,11.6,7.3,9.7,575022
163.0,2.0,2.0,4.0,27.0,1.0,Tehran,1.0,0.0,0.0,29.8,5.7,8.8,255015
113.0,3.0,2.0,4.0,38.0,1.0,Mashhad,0.0,0.0,0.0,11.6,2.5,5.4,224862
187.0,4.0,3.0,3.0,25.0,3.0,Tehran,0.0,0.0,0.0,34.5,9.6,4.5,234247
212.0,5.0,5.0,4.0,1.0,2.0,Karaj,1.0,0.0,0.0,22.7,6.2,5.5,371042
94.0,2.0,3.0,1.0,21.0,1.0,Shiraz,1.0,0.0,1.0,6.8,6.0,4.2,120677
239.0,4.0,3.0,2.0,20.0,1.0,Rasht,1.0,0.0,1.0,16.7,9.1,7.5,301985
258.0,5.0,5.0,4.0,17.0,1.0,Mashhad,1.0,0.0,1.0,26.0,2.9,7.5,414200
351.0,7.0,5.0,2.0,27.0,2.0,Shiraz,0.0,0.0,0.0,25.4,8.6,5.9,428074
,5.0,5.0,1.0,7.0,2.0,Qom,1.0,0.0,1.0,7.5,3.1,7.8,449568
156.0,2.0,3.0,4.0,32.0,2.0,Shiraz,1.0,0.0,0.0,15.8,3.7,6.2,192287
248.0,4.0,5.0,3.0,9.0,2.0,Shiraz,0.0,0.0,0.0,25.8,1.3,9.6,457354
,,2.0,3.0,40.0,,Mashhad,0.0,0.0,0.0,,8.9,4.8,162796
179.0,2.0,2.0,3.0,26.0,1.0,Qom,0.0,0.0,1.0,,9.4,9.8,100000
144.0,4.0,3.0,2.0,13.0,1.0,Isfahan,0.0,0.0,0.0,,6.5,6.3,153425
194.0,5.0,4.0,4.0,44.0,1.0,Mashhad,0.0,0.0,0.0,13.7,2.2,4.0,192803
185.0,3.0,4.0,3.0,38.0,1.0,Shiraz,1.0,0.0,1.0,11.1,8.6,,145160
381.0,7.0,5.0,2.0,35.0,2.0,Shiraz,0.0,1.0,1.0,1.1,9.4,4.7,606323
205.0,3.0,4.0,4.0,29.0,,Qom,0.0,0.0,1.0,20.0,1.7,4.3,131089
96.0,2.0,2.0,1.0,41.0,0.0,Tabriz,0.0,0.0,0.0,8.9,9.6,8.8,100000
219.0,4.0,3.0,2.0,22.0,3.0,Mashhad,1.0,0.0,0.0,31.1,8.5,8.3,251144
194.0,3.0,3.0,2.0,11.0,3.0,Mashhad,0.0,0.0,0.0,33.0,3.8,8.4,228911
279.0,6.0,5.0,1.0,23.0,3.0,Karaj,1.0,0.0,1.0,27.0,4.5,7.8,456698
62.0,1.0,1.0,4.0,16.0,0.0,Qom,0.0,0.0,0.0,3.4,8.5,4.2,100000
389.0,7.0,5.0,3.0,,3.0,Mashhad,0.0,0.0,0.0,12.7,5.2,5.0,601991
229.0,5.0,4.0,2.0,29.0,3.0,Shiraz,1.0,0.0,1.0,30.8,1.9,7.7,268337
226.0,5.0,5.0,3.0,12.0,2.0,Rasht,0.0,1.0,1.0,27.9,1.5,8.4,365818
320.0,6.0,5.0,2.0,0.0,1.0,Tehran,1.0,0.0,0.0,13.9,5.0,8.7,919270
402.0,7.0,5.0,3.0,4.0,2.0,Tabriz,0.0,0.0,0.0,8.0,6.1,9.6,644834
75.0,2.0,2.0,4.0,29.0,1.0,Rasht,0.0,0.0,1.0,21.8,1.8,6.7,100000
280.0,4.0,5.0,2.0,21.0,1.0,Qom,0.0,0.0,0.0,3.5,4.7,5.4,287034
349.0,,5.0,1.0,6.0,2.0,Shiraz,0.0,0.0,0.0,24.7,3.6,7.1,421096
348.0,6.0,5.0,2.0,0.0,0.0,Tehran,0.0,0.0,0.0,2.4,5.5,7.9,900567
258.0,4.0,5.0,2.0,41.0,1.0,Rasht,1.0,0.0,0.0,8.4,4.1,8.3,405780
144.0,4.0,5.0,4.0,42.0,3.0,Isfahan,0.0,1.0,0.0,32.8,8.2,6.7,100000
346.0,5.0,5.0,1.0,41.0,2.0,Rasht,1.0,0.0,,11.6,8.7,4.2,455449
60.0,1.0,1.0,2.0,25.0,3.0,Shiraz,0.0,1.0,0.0,28.0,9.9,8.5,100000
207.0,3.0,4.0,4.0,12.0,2.0,Mashhad,0.0,0.0,0.0,19.0,2.3,5.5,328139
141.0,2.0,2.0,2.0,39.0,3.0,Qom,0.0,0.0,0.0,12.2,7.6,9.3,100000
84.0,1.0,2.0,1.0,42.0,1.0,Rasht,0.0,0.0,0.0,27.0,2.4,5.2,100000
297.0,6.0,5.0,1.0,4.0,1.0,Shiraz,0.0,0.0,1.0,31.0,9.3,9.6,422543
244.0,3.0,2.0,1.0,33.0,1.0,Tabriz,1.0,0.0,0.0,2.3,8.1,4.1,241704
290.0,5.0,5.0,3.0,39.0,2.0,Mashhad,0.0,0.0,0.0,17.9,9.4,7.0,301704
226.0,4.0,4.0,2.0,5.0,,Rasht,1.0,0.0,1.0,26.6,,5.3,216928
171.0,3.0,2.0,2.0,40.0,3.0,Tabriz,0.0,0.0,0.0,3.8,,9.0,237945
55.0,1.0,1.0,4.0,36.0,0.0,Shiraz,0.0,0.0,0.0,27.0,7.3,8.2,100000
412.0,7.0,5.0,3.0,39.0,3.0,Tehran,0.0,0.0,0.0,8.3,2.2,7.3,919369
357.0,5.0,4.0,1.0,30.0,2.0,Qom,1.0,0.0,0.0,32.6,1.2,8.8,340404
133.0,2.0,2.0,2.0,41.0,1.0,Mashhad,0.0,0.0,1.0,,7.7,7.5,100000
357.0,7.0,5.0,4.0,26.0,,Tehran,0.0,0.0,1.0,27.4,2.2,5.0,630262
142.0,3.0,2.0,1.0,34.0,3.0,Isfahan,0.0,0.0,0.0,29.6,7.6,4.2,100000
181.0,3.0,3.0,2.0,15.0,1.0,Tehran,0.0,0.0,0.0,1.6,2.0,6.4,449741
212.0,3.0,4.0,1.0,19.0,0.0,Isfahan,1.0,0.0,1.0,6.0,2.0,7.8,323203
123.0,2.0,1.0,2.0,11.0,1.0,Qom,0.0,0.0,0.0,16.7,9.4,7.6,100000
264.0,6.0,5.0,2.0,36.0,0.0,Mashhad,0.0,0.0,0.0,24.9,2.1,7.3,255241
361.0,7.0,5.0,3.0,19.0,1.0,Tehran,1.0,1.0,0.0,14.8,6.8,4.8,859820
216.0,3.0,2.0,3.0,20.0,0.0,Karaj,0.0,1.0,0.0,13.2,3.3,4.1,337957
132.0,3.0,3.0,4.0,24.0,,,0.0,0.0,1.0,25.2,4.0,6.7,114223
96.0,1.0,1.0,3.0,28.0,0.0,Tehran,0.0,0.0,1.0,7.1,9.8,7.3,196140
328.0,5.0,5.0,1.0,28.0,1.0,Tehran,1.0,1.0,0.0,2.0,5.0,4.7,824708
212.0,3.0,3.0,1.0,8.0,0.0,Isfahan,0.0,0.0,1.0,18.3,9.9,4.9,235590
224.0,5.0,5.0,3.0,28.0,2.0,Shiraz,0.0,0.0,1.0,3.5,2.0,7.6,450712
271.0,6.0,5.0,4.0,0.0,2.0,Karaj,0.0,1.0,1.0,29.5,8.1,4.5,569549
312.0,7.0,5.0,3.0,29.0,0.0,Isfahan,0.0,0.0,0.0,29.0,2.9,6.1,289474
294.0,5.0,4.0,3.0,20.0,0.0,Tehran,0.0,0.0,1.0,28.5,9.1,9.1,561566
164.0,4.0,5.0,3.0,32.0,1.0,Tabriz,1.0,0.0,1.0,8.3,3.0,6.2,272137
100.0,1.0,1.0,3.0,9.0,1.0,Qom,0.0,0.0,1.0,31.0,5.0,4.9,100000
98.0,3.0,3.0,3.0,33.0,1.0,Tehran,0.0,1.0,0.0,4.9,9.1,5.5,315163
191.0,4.0,4.0,4.0,2.0,2.0,Mashhad,1.0,0.0,1.0,28.9,5.5,5.1,244358
256.0,4.0,4.0,3.0,6.0,2.0,Isfahan,0.0,0.0,0.0,17.2,3.0,5.9,357599
69.0,1.0,2.0,3.0,18.0,3.0,Mashhad,1.0,0.0,1.0,18.5,2.8,4.7,154515
392.0,7.0,5.0,2.0,24.0,3.0,Tehran,0.0,0.0,1.0,15.5,1.4,9.2,908061
156.0,4.0,4.0,3.0,16.0,3.0,,0.0,0.0,0.0,18.2,2.0,8.5,265451
352.0,7.0,5.0,4.0,18.0,3.0,Tehran,1.0,0.0,1.0,12.4,5.7,5.1,778778
106.0,2.0,3.0,3.0,44.0,3.0,Tabriz,0.0,1.0,1.0,25.8,1.6,4.8,100000
129.0,1.0,1.0,3.0,32.0,2.0,Mashhad,1.0,0.0,0.0,23.3,4.9,4.1,100000
189.0,2.0,3.0,1.0,26.0,,Karaj,0.0,0.0,0.0,3.7,7.3,9.8,370750
216.0,5.0,5.0,1.0,24.0,2.0,Rasht,1.0,0.0,0.0,20.2,3.9,4.3,273896
136.0,1.0,1.0,2.0,44.0,1.0,Mashhad,1.0,0.0,0.0,11.3,9.8,9.3,100000
335.0,6.0,5.0,3.0,36.0,1.0,Tehran,0.0,1.0,1.0,6.5,7.9,6.9,795638
201.0,4.0,4.0,1.0,43.0,3.0,Mashhad,1.0,0.0,0.0,14.8,1.1,5.7,259974
388.0,7.0,5.0,4.0,10.0,3.0,Shiraz,0.0,0.0,1.0,29.7,1.4,5.6,609139
246.0,3.0,3.0,1.0,18.0,0.0,Qom,1.0,0.0,1.0,27.7,6.3,7.2,150642
285.0,4.0,5.0,1.0,8.0,1.0,Rasht,0.0,0.0,0.0,3.9,4.7,8.9,459291
403.0,6.0,5.0,1.0,30.0,1.0,Rasht,0.0,0.0,1.0,5.8,9.8,5.1,456902
399.0,7.0,5.0,3.0,27.0,2.0,Karaj,0.0,0.0,0.0,17.0,9.2,8.7,550611
383.0,6.0,5.0,3.0,43.0,2.0,Mashhad,0.0,0.0,1.0,27.0,8.9,8.4,452809
80.0,1.0,1.0,2.0,18.0,3.0,,0.0,0.0,0.0,27.1,2.7,8.9,100000
407.0,7.0,5.0,1.0,4.0,0.0,Qom,1.0,0.0,0.0,21.9,2.3,8.9,520495
205.0,5.0,5.0,1.0,24.0,2.0,Tabriz,0.0,0.0,1.0,9.9,7.4,8.9,359931
144.0,4.0,4.0,4.0,9.0,3.0,Karaj,0.0,1.0,0.0,14.7,1.8,4.9,336059
162.0,3.0,2.0,3.0,37.0,0.0,Rasht,1.0,0.0,0.0,34.6,5.8,8.2,100000
114.0,3.0,,1.0,33.0,3.0,Mashhad,0.0,1.0,1.0,25.6,1.7,9.1,211122
328.0,6.0,5.0,,14.0,3.0,Karaj,1.0,0.0,1.0,8.3,9.4,10.0,661483
248.0,6.0,5.0,3.0,30.0,1.0,Rasht,0.0,0.0,0.0,16.5,10.0,7.7,307635
126.0,,2.0,1.0,30.0,1.0,Karaj,0.0,0.0,1.0,28.1,3.9,7.0,100000
297.0,5.0,5.0,3.0,34.0,3.0,Tehran,1.0,0.0,0.0,15.7,2.2,9.7,687976
147.0,4.0,3.0,1.0,2.0,0.0,Rasht,0.0,0.0,0.0,7.6,1.1,4.5,282098
45.0,1.0,1.0,3.0,6.0,2.0,Qom,1.0,0.0,1.0,5.7,6.8,5.5,166854
372.0,6.0,5.0,1.0,42.0,1.0,Isfahan,0.0,0.0,1.0,22.2,5.6,10.0,469690
63.0,1.0,1.0,1.0,12.0,1.0,,0.0,0.0,0.0,24.1,4.9,4.9,100000
117.0,2.0,2.0,2.0,2.0,3.0,Karaj,1.0,0.0,0.0,17.3,9.6,4.2,197246
406.0,6.0,5.0,1.0,30.0,2.0,Isfahan,1.0,0.0,1.0,34.9,4.3,8.2,512351
358.0,7.0,5.0,4.0,13.0,3.0,Isfahan,1.0,0.0,,17.7,9.8,4.0,530512
218.0,4.0,5.0,1.0,27.0,1.0,Isfahan,0.0,0.0,1.0,17.3,5.7,9.1,322746
94.0,1.0,1.0,1.0,31.0,3.0,Rasht,0.0,0.0,1.0,16.4,3.4,7.2,100000
167.0,3.0,3.0,3.0,13.0,1.0,Karaj,0.0,1.0,1.0,24.4,3.9,8.9,343253
60.0,1.0,1.0,2.0,30.0,0.0,,0.0,0.0,1.0,29.4,8.6,7.0,100000
335.0,,5.0,3.0,8.0,1.0,Isfahan,1.0,0.0,0.0,8.3,6.6,8.8,590360
287.0,4.0,3.0,1.0,17.0,3.0,Rasht,1.0,0.0,0.0,7.6,1.4,9.4,457927
102.0,1.0,1.0,4.0,42.0,,Tabriz,0.0,0.0,0.0,7.7,9.9,4.1,100000
373.0,6.0,5.0,1.0,15.0,0.0,Tehran,1.0,1.0,0.0,31.4,6.0,4.6,897627
287.0,4.0,5.0,2.0,7.0,3.0,Mashhad,0.0,,0.0,33.9,5.1,5.1,280144
230.0,5.0,5.0,3.0,41.0,2.0,Qom,1.0,0.0,0.0,25.8,5.1,5.7,158914
339.0,6.0,5.0,1.0,22.0,3.0,Shiraz,0.0,0.0,0.0,15.1,5.6,7.9,440925
53.0,1.0,1.0,2.0,9.0,3.0,Tabriz,1.0,0.0,1.0,32.7,6.4,9.1,129752
385.0,6.0,5.0,2.0,39.0,2.0,Karaj,0.0,0.0,0.0,10.4,6.1,4.2,591845
134.0,2.0,2.0,4.0,26.0,1.0,Isfahan,1.0,0.0,1.0,25.5,5.1,9.8,184055
156.0,3.0,4.0,,42.0,1.0,Karaj,1.0,,0.0,0.7,6.8,4.2,198909
182.0,4.0,4.0,1.0,32.0,2.0,Isfahan,,0.0,0.0,13.2,7.1,4.9,281725
162.0,2.0,1.0,4.0,39.0,0.0,Karaj,0.0,0.0,0.0,13.5,4.3,4.9,155000
190.0,4.0,3.0,3.0,44.0,0.0,Qom,0.0,0.0,1.0,2.5,4.7,4.8,119495
304.0,6.0,5.0,4.0,28.0,1.0,Tabriz,0.0,0.0,0.0,33.9,4.0,4.4,184433
139.0,4.0,4.0,4.0,25.0,0.0,Shiraz,0.0,0.0,1.0,34.3,7.3,4.9,100000
184.0,2.0,2.0,3.0,42.0,3.0,Tabriz,0.0,0.0,0.0,16.9,7.6,7.2,100000
221.0,4.0,3.0,1.0,6.0,2.0,Isfahan,1.0,0.0,0.0,5.6,9.2,4.7,329236
230.0,3.0,2.0,4.0,24.0,2.0,Qom,0.0,0.0,1.0,2.2,5.4,7.1,275159
251.0,6.0,5.0,1.0,34.0,3.0,Tabriz,1.0,0.0,1.0,4.1,6.5,6.7,398106
90.0,2.0,2.0,1.0,,0.0,Tabriz,0.0,0.0,0.0,5.0,3.6,4.5,108953
333.0,7.0,5.0,1.0,3.0,0.0,Tehran,0.0,0.0,1.0,24.0,4.6,6.4,772725
353.0,7.0,5.0,2.0,23.0,2.0,Tabriz,1.0,0.0,0.0,33.2,2.2,5.7,314478
135.0,2.0,1.0,2.0,18.0,3.0,Mashhad,1.0,0.0,1.0,2.0,7.8,8.0,243011
287.0,5.0,,3.0,27.0,2.0,Shiraz,0.0,0.0,0.0,30.7,7.5,9.5,192426
188.0,,1.0,3.0,9.0,0.0,Qom,0.0,1.0,1.0,10.9,8.6,4.1,179026
85.0,1.0,2.0,4.0,9.0,3.0,Mashhad,0.0,0.0,1.0,18.7,2.2,9.2,190506
417.0,7.0,5.0,2.0,34.0,0.0,Isfahan,0.0,0.0,1.0,18.1,9.4,7.4,483784
260.0,6.0,5.0,1.0,36.0,2.0,Shiraz,0.0,0.0,0.0,23.5,8.4,9.9,343622
85.0,3.0,3.0,4.0,45.0,2.0,Rasht,0.0,0.0,1.0,15.7,3.8,9.9,107854
402.0,7.0,5.0,1.0,19.0,2.0,Mashhad,0.0,0.0,1.0,23.1,5.1,6.1,654347
398.0,7.0,5.0,,29.0,3.0,Tehran,1.0,0.0,0.0,19.7,6.5,4.7,731092
206.0,3.0,3.0,3.0,4.0,0.0,Qom,0.0,0.0,0.0,32.6,7.4,6.3,100000
284.0,5.0,5.0,2.0,23.0,2.0,Mashhad,0.0,0.0,1.0,19.6,3.7,4.9,439752
300.0,,5.0,2.0,11.0,0.0,Tabriz,0.0,0.0,1.0,4.7,2.3,8.2,504258
160.0,2.0,3.0,3.0,32.0,1.0,Tehran,1.0,,0.0,8.7,4.4,5.4,289704
271.0,4.0,5.0,1.0,11.0,2.0,Mashhad,0.0,0.0,0.0,18.3,8.1,9.6,348586
373.0,7.0,5.0,1.0,27.0,0.0,Karaj,0.0,0.0,1.0,2.3,2.5,8.2,596287
88.0,1.0,1.0,4.0,4.0,1.0,Mashhad,0.0,0.0,0.0,32.8,9.6,9.2,100000
407.0,7.0,5.0,3.0,,1.0,Mashhad,0.0,0.0,0.0,8.8,6.2,6.6,606022
227.0,4.0,4.0,2.0,42.0,3.0,Karaj,0.0,0.0,1.0,11.7,4.2,4.5,296441
293.0,5.0,5.0,4.0,26.0,1.0,Tehran,0.0,0.0,0.0,15.0,7.0,9.7,610287
204.0,3.0,3.0,3.0,27.0,1.0,Shiraz,0.0,0.0,0.0,11.2,6.9,8.7,243045
140.0,,4.0,4.0,21.0,1.0,Shiraz,0.0,0.0,1.0,33.9,2.1,8.5,178355
407.0,6.0,5.0,4.0,7.0,2.0,Tabriz,0.0,0.0,1.0,1.4,6.3,10.0,689856
94.0,1.0,2.0,2.0,24.0,0.0,Rasht,1.0,0.0,1.0,34.7,2.8,4.4,100000
65.0,2.0,1.0,4.0,26.0,2.0,Qom,1.0,0.0,0.0,24.1,2.5,8.0,100000
240.0,4.0,3.0,3.0,32.0,1.0,Mashhad,0.0,0.0,1.0,5.5,4.1,6.4,336497
45.0,1.0,1.0,2.0,15.0,1.0,Tabriz,0.0,0.0,1.0,18.3,5.9,5.0,100000
253.0,6.0,5.0,1.0,13.0,3.0,Tabriz,0.0,0.0,1.0,20.2,8.8,6.5,274228
206.0,5.0,5.0,,45.0,1.0,Rasht,1.0,0.0,0.0,12.2,1.4,4.5,255931
237.0,3.0,4.0,3.0,45.0,0.0,Isfahan,0.0,0.0,1.0,34.6,9.7,4.5,100000
334.0,5.0,5.0,3.0,0.0,0.0,Shiraz,0.0,0.0,1.0,2.8,2.7,5.7,591962
235.0,4.0,5.0,3.0,16.0,0.0,Rasht,0.0,0.0,1.0,23.5,4.2,10.0,346246
362.0,6.0,5.0,4.0,26.0,1.0,Isfahan,0.0,0.0,0.0,19.2,1.7,8.1,569308
102.0,1.0,2.0,3.0,19.0,0.0,Shiraz,0.0,0.0,0.0,19.4,8.5,9.5,100000
220.0,5.0,5.0,2.0,32.0,3.0,Rasht,0.0,0.0,1.0,11.9,3.0,6.8,328806
236.0,3.0,3.0,1.0,21.0,2.0,Rasht,1.0,0.0,1.0,28.9,2.6,7.0,215489
97.0,3.0,3.0,2.0,0.0,1.0,Tabriz,0.0,,0.0,8.7,4.9,,212052
62.0,2.0,1.0,1.0,16.0,0.0,Qom,0.0,0.0,1.0,1.9,4.5,4.5,170332
345.0,7.0,5.0,1.0,41.0,0.0,Rasht,0.0,0.0,0.0,28.4,3.1,5.7,348496
106.0,2.0,2.0,2.0,9.0,0.0,Mashhad,1.0,0.0,1.0,29.9,5.5,4.5,100000
319.0,6.0,5.0,2.0,23.0,0.0,Qom,0.0,0.0,0.0,19.9,4.7,5.9,306929
147.0,3.0,4.0,1.0,4.0,0.0,Tehran,1.0,0.0,0.0,9.2,8.1,8.7,462513
415.0,7.0,5.0,2.0,3.0,3.0,Tehran,0.0,0.0,0.0,28.7,8.7,9.9,862422
355.0,5.0,5.0,1.0,45.0,3.0,Tehran,0.0,0.0,0.0,24.4,2.9,7.7,719546
335.0,7.0,5.0,4.0,24.0,3.0,Rasht,0.0,0.0,0.0,19.3,,8.7,329737
346.0,7.0,5.0,1.0,22.0,3.0,Rasht,0.0,0.0,0.0,14.4,6.5,6.0,462774
,7.0,5.0,3.0,1.0,0.0,Tehran,0.0,0.0,0.0,12.3,2.6,8.6,953924
202.0,4.0,4.0,1.0,,0.0,Mashhad,0.0,0.0,0.0,6.8,7.3,6.5,344142
193.0,4.0,4.0,4.0,21.0,2.0,Isfahan,0.0,0.0,0.0,27.5,5.7,6.7,146886
378.0,7.0,5.0,2.0,39.0,1.0,Mashhad,0.0,0.0,0.0,28.8,9.6,7.5,446359
265.0,6.0,5.0,4.0,24.0,2.0,Shiraz,1.0,0.0,1.0,24.8,4.9,9.9,460214
391.0,7.0,5.0,4.0,41.0,1.0,Isfahan,1.0,1.0,0.0,11.0,5.9,5.1,586795
174.0,3.0,4.0,1.0,32.0,2.0,Mashhad,0.0,0.0,1.0,29.4,5.6,7.8,148873
374.0,7.0,5.0,4.0,31.0,0.0,Isfahan,0.0,0.0,0.0,19.4,4.5,6.3,424494
238.0,5.0,5.0,2.0,22.0,2.0,Tehran,0.0,0.0,1.0,31.2,8.9,6.5,407972
162.0,2.0,3.0,1.0,16.0,2.0,Karaj,0.0,0.0,0.0,15.2,7.3,6.9,232257
131.0,1.0,2.0,1.0,23.0,3.0,Rasht,0.0,0.0,1.0,24.7,1.1,7.3,100000
168.0,2.0,1.0,4.0,1.0,2.0,Rasht,1.0,0.0,1.0,18.2,2.8,6.1,275370
220.0,3.0,3.0,3.0,0.0,1.0,Shiraz,1.0,0.0,1.0,31.8,9.9,6.3,267291
374.0,6.0,5.0,4.0,11.0,0.0,Tehran,0.0,1.0,1.0,19.6,4.9,6.4,901332
361.0,7.0,5.0,,17.0,0.0,Karaj,0.0,0.0,1.0,21.8,7.2,5.6,544736
193.0,5.0,5.0,1.0,18.0,2.0,Shiraz,1.0,0.0,0.0,15.0,2.8,7.6,358953
231.0,3.0,2.0,3.0,4.0,1.0,Karaj,0.0,0.0,0.0,16.7,8.8,6.3,304625
405.0,6.0,5.0,3.0,8.0,2.0,Mashhad,1.0,0.0,0.0,3.8,6.7,4.9,686342
402.0,6.0,5.0,1.0,4.0,2.0,Karaj,0.0,0.0,1.0,24.1,5.0,8.3,553077
207.0,5.0,5.0,4.0,25.0,1.0,Tehran,0.0,0.0,0.0,1.7,7.7,6.1,538723
332.0,7.0,5.0,1.0,12.0,2.0,Mashhad,0.0,1.0,1.0,8.8,8.8,4.3,657363
409.0,7.0,5.0,3.0,23.0,2.0,Tehran,1.0,0.0,1.0,18.7,9.6,5.9,837080
157.0,4.0,3.0,1.0,8.0,3.0,Tehran,0.0,0.0,1.0,14.0,2.7,5.8,366347
194.0,4.0,5.0,3.0,28.0,3.0,Tabriz,0.0,0.0,0.0,23.5,7.8,8.8,203164
260.0,4.0,3.0,3.0,42.0,0.0,Mashhad,1.0,0.0,0.0,10.3,2.5,9.1,365896
108.0,2.0,1.0,4.0,38.0,2.0,Isfahan,0.0,0.0,1.0,23.1,6.5,9.5,100000
406.0,6.0,5.0,4.0,32.0,2.0,Qom,0.0,0.0,1.0,34.1,7.6,9.1,234275
358.0,7.0,5.0,3.0,45.0,0.0,Shiraz,0.0,0.0,0.0,3.8,7.7,5.9,477959
117.0,1.0,1.0,2.0,31.0,0.0,Rasht,0.0,0.0,0.0,31.1,3.3,9.5,100000
368.0,6.0,5.0,3.0,27.0,3.0,Shiraz,0.0,0.0,1.0,15.5,2.4,5.7,482336
303.0,7.0,5.0,4.0,29.0,1.0,Isfahan,1.0,0.0,0.0,14.2,1.1,5.3,444341
287.0,5.0,5.0,4.0,45.0,0.0,Qom,1.0,0.0,0.0,1.1,7.7,5.5,270970
85.0,2.0,2.0,1.0,37.0,3.0,Karaj,0.0,0.0,0.0,31.4,8.6,9.9,100000
409.0,7.0,5.0,,0.0,2.0,Tehran,1.0,0.0,0.0,23.9,6.1,,1009159
374.0,7.0,5.0,4.0,12.0,1.0,Isfahan,1.0,0.0,1.0,5.6,2.7,9.0,693412
286.0,5.0,5.0,3.0,44.0,1.0,Karaj,1.0,0.0,0.0,21.8,5.6,7.2,324165
207.0,4.0,3.0,1.0,,3.0,Tabriz,0.0,0.0,0.0,25.4,8.2,4.4,100000
404.0,7.0,5.0,2.0,23.0,2.0,Isfahan,0.0,0.0,1.0,0.8,5.7,6.5,597792
357.0,5.0,5.0,3.0,24.0,2.0,Mashhad,0.0,0.0,1.0,4.9,6.9,5.8,507041
84.0,3.0,3.0,3.0,38.0,3.0,Mashhad,1.0,0.0,1.0,21.2,7.8,7.7,100000
89.0,2.0,3.0,3.0,4.0,3.0,Qom,0.0,0.0,0.0,26.8,6.4,5.2,100000
411.0,7.0,5.0,4.0,21.0,0.0,Mashhad,1.0,0.0,0.0,31.6,2.9,9.0,704754
414.0,7.0,5.0,3.0,2.0,0.0,Rasht,1.0,0.0,0.0,32.4,8.7,7.1,504792
196.0,4.0,4.0,2.0,23.0,3.0,Qom,0.0,0.0,0.0,32.9,9.9,4.6,100000
75.0,2.0,2.0,4.0,15.0,1.0,Tehran,0.0,0.0,0.0,22.9,6.5,7.3,100000
232.0,5.0,4.0,2.0,22.0,1.0,Shiraz,,,1.0,11.6,6.4,6.1,446117
160.0,2.0,2.0,2.0,37.0,1.0,Qom,1.0,0.0,1.0,15.3,3.5,7.1,159758
283.0,4.0,4.0,4.0,1.0,1.0,Rasht,0.0,,0.0,,7.7,5.0,307968
184.0,4.0,3.0,4.0,10.0,0.0,Mashhad,0.0,0.0,0.0,2.7,7.8,6.4,401906
290.0,5.0,4.0,4.0,30.0,0.0,Tehran,0.0,0.0,0.0,22.9,8.7,8.9,558690
328.0,7.0,5.0,4.0,6.0,2.0,Tehran,1.0,0.0,1.0,19.6,1.9,6.3,808257
384.0,6.0,5.0,4.0,4.0,0.0,Karaj,0.0,0.0,0.0,1.0,3.8,9.5,765674
341.0,5.0,5.0,1.0,43.0,1.0,Tabriz,1.0,0.0,1.0,31.5,8.9,9.0,220015
178.0,4.0,5.0,3.0,30.0,3.0,Tehran,0.0,0.0,0.0,30.0,1.8,9.6,388400
394.0,6.0,5.0,3.0,39.0,2.0,Tabriz,0.0,0.0,1.0,4.0,1.4,6.0,505776
156.0,2.0,3.0,1.0,45.0,2.0,Mashhad,1.0,0.0,0.0,23.9,7.3,7.4,100000
84.0,1.0,1.0,4.0,39.0,3.0,Mashhad,0.0,0.0,1.0,13.1,8.0,7.1,100000
309.0,6.0,5.0,4.0,34.0,2.0,Qom,0.0,0.0,1.0,13.4,4.3,4.7,342523
218.0,4.0,5.0,2.0,1.0,3.0,Isfahan,1.0,0.0,0.0,33.9,3.9,6.4,340411
258.0,6.0,5.0,2.0,21.0,2.0,Tabriz,0.0,0.0,0.0,14.7,2.6,9.6,361706
131.0,1.0,1.0,2.0,38.0,3.0,Tehran,1.0,0.0,1.0,5.4,2.9,7.9,278277
143.0,2.0,1.0,4.0,16.0,0.0,Karaj,0.0,0.0,1.0,9.0,8.0,4.7,121751
220.0,5.0,5.0,2.0,38.0,2.0,Tabriz,1.0,0.0,1.0,22.8,3.2,4.6,242909
,1.0,2.0,3.0,41.0,2.0,Tehran,0.0,0.0,0.0,3.7,3.2,8.2,167560
304.0,7.0,5.0,1.0,35.0,1.0,Qom,0.0,0.0,1.0,,1.9,5.9,271182
200.0,5.0,5.0,3.0,22.0,0.0,Karaj,0.0,0.0,0.0,9.3,3.7,4.9,239344
78.0,2.0,2.0,2.0,32.0,1.0,Tabriz,1.0,0.0,1.0,18.4,5.1,4.6,100000
314.0,7.0,5.0,4.0,20.0,2.0,Isfahan,0.0,1.0,0.0,25.0,9.2,8.3,496843
81.0,1.0,2.0,3.0,4.0,2.0,Mashhad,1.0,0.0,0.0,11.8,2.7,4.9,126672
358.0,6.0,5.0,4.0,16.0,2.0,Qom,0.0,0.0,0.0,28.7,1.3,4.4,314903
165.0,4.0,5.0,4.0,27.0,1.0,Karaj,0.0,0.0,0.0,12.9,4.8,6.0,255368
262.0,6.0,5.0,1.0,40.0,3.0,Qom,1.0,0.0,0.0,26.2,8.6,9.5,140959
396.0,6.0,5.0,2.0,23.0,3.0,Qom,1.0,0.0,0.0,5.0,3.4,9.2,614458
327.0,5.0,5.0,3.0,8.0,3.0,Isfahan,0.0,0.0,0.0,1.0,9.8,8.9,633813
48.0,2.0,3.0,1.0,29.0,1.0,Qom,1.0,0.0,0.0,24.0,5.4,8.9,100000
90.0,2.0,3.0,1.0,5.0,1.0,Tehran,0.0,0.0,1.0,22.8,6.7,4.8,144039
134.0,1.0,1.0,2.0,36.0,0.0,Karaj,1.0,0.0,1.0,24.3,1.3,9.8,100000
363.0,7.0,5.0,3.0,33.0,2.0,Mashhad,1.0,0.0,0.0,29.4,1.7,5.0,468581
142.0,4.0,5.0,1.0,23.0,0.0,Tabriz,0.0,0.0,1.0,7.7,7.6,6.8,178857
113.0,3.0,4.0,3.0,24.0,1.0,Karaj,1.0,0.0,0.0,11.3,4.8,9.1,206591
312.0,7.0,5.0,3.0,27.0,1.0,Tabriz,0.0,0.0,0.0,14.1,8.4,9.7,477169
397.0,6.0,5.0,4.0,16.0,3.0,Shiraz,0.0,0.0,0.0,4.5,7.6,6.1,626211
237.0,4.0,4.0,3.0,44.0,1.0,Mashhad,0.0,0.0,0.0,21.0,4.6,9.6,194795
87.0,2.0,2.0,4.0,35.0,3.0,Shiraz,1.0,0.0,0.0,19.8,4.3,8.3,100000
68.0,2.0,1.0,3.0,22.0,3.0,Tehran,0.0,0.0,1.0,7.3,8.5,4.1,111862
343.0,7.0,5.0,4.0,5.0,0.0,Tehran,0.0,0.0,0.0,30.9,4.7,8.7,712195
319.0,5.0,4.0,2.0,29.0,0.0,Qom,0.0,0.0,1.0,24.4,9.3,5.9,263712
151.0,4.0,4.0,4.0,18.0,0.0,Isfahan,0.0,0.0,0.0,28.7,8.1,4.1,100000
278.0,4.0,4.0,2.0,27.0,3.0,Shiraz,0.0,1.0,1.0,26.1,7.6,5.3,266054
207.0,3.0,3.0,1.0,8.0,3.0,Isfahan,1.0,0.0,0.0,29.4,5.7,6.1,232543
346.0,7.0,5.0,4.0,16.0,1.0,Isfahan,1.0,1.0,1.0,18.4,7.3,7.9,562116
407.0,7.0,5.0,1.0,17.0,1.0,Mashhad,0.0,0.0,0.0,2.6,8.8,5.8,740908
256.0,4.0,3.0,2.0,42.0,,Tabriz,1.0,0.0,1.0,25.5,8.4,5.6,141688
105.0,3.0,3.0,3.0,40.0,0.0,Mashhad,1.0,1.0,0.0,1.5,3.1,6.1,294075
66.0,1.0,2.0,2.0,37.0,3.0,Isfahan,0.0,0.0,1.0,20.6,9.1,6.9,100000
158.0,3.0,2.0,2.0,32.0,2.0,Tehran,0.0,0.0,0.0,26.7,9.5,5.7,131826
148.0,3.0,3.0,4.0,23.0,2.0,Mashhad,1.0,0.0,0.0,33.6,7.7,6.7,100000
145.0,3.0,3.0,2.0,28.0,2.0,Rasht,0.0,0.0,0.0,5.3,4.4,10.0,125615
259.0,5.0,5.0,1.0,28.0,3.0,Tehran,0.0,0.0,0.0,24.2,9.3,6.3,413955
52.0,2.0,2.0,3.0,35.0,3.0,Tehran,0.0,0.0,1.0,4.6,9.4,5.6,144745
342.0,7.0,5.0,3.0,28.0,0.0,Karaj,0.0,0.0,1.0,,3.2,6.7,587510
209.0,5.0,5.0,3.0,13.0,,Mashhad,1.0,0.0,,26.3,2.8,6.7,279443
317.0,5.0,5.0,2.0,8.0,1.0,Karaj,0.0,0.0,0.0,23.1,9.0,4.7,467660
224.0,5.0,4.0,3.0,9.0,0.0,Karaj,0.0,0.0,0.0,27.5,3.0,6.1,245161
84.0,3.0,4.0,1.0,44.0,1.0,Qom,1.0,1.0,0.0,1.8,,5.3,232732
343.0,5.0,5.0,4.0,43.0,1.0,Qom,0.0,0.0,1.0,13.4,8.9,7.4,271676
91.0,2.0,1.0,3.0,18.0,3.0,Rasht,0.0,0.0,1.0,30.5,7.4,4.9,100000
177.0,2.0,2.0,2.0,20.0,3.0,Rasht,0.0,0.0,0.0,17.9,3.9,8.4,197713
304.0,6.0,5.0,2.0,9.0,2.0,Isfahan,0.0,0.0,0.0,15.7,4.9,6.8,1777776
121.0,1.0,1.0,2.0,0.0,1.0,Karaj,1.0,0.0,0.0,16.3,7.4,7.5,231263
313.0,6.0,5.0,1.0,7.0,2.0,Karaj,1.0,0.0,1.0,10.0,5.8,5.4,545559
,4.0,3.0,1.0,29.0,2.0,Isfahan,0.0,0.0,1.0,12.7,7.6,7.6,283924
55.0,2.0,3.0,1.0,23.0,3.0,Qom,0.0,0.0,0.0,34.0,2.6,7.3,100000
66.0,2.0,2.0,2.0,14.0,3.0,Isfahan,1.0,0.0,1.0,33.3,3.3,8.7,100000
156.0,3.0,4.0,1.0,11.0,3.0,Tabriz,1.0,0.0,0.0,33.5,2.5,9.7,248018
204.0,3.0,2.0,2.0,18.0,1.0,Tabriz,0.0,0.0,0.0,17.5,7.0,7.7,206573
335.0,6.0,5.0,3.0,44.0,3.0,Rasht,0.0,0.0,0.0,34.9,,7.6,307062
48.0,1.0,1.0,4.0,29.0,1.0,Rasht,1.0,0.0,0.0,33.1,9.5,5.4,100000
209.0,3.0,2.0,3.0,25.0,3.0,Rasht,0.0,0.0,0.0,31.2,6.0,5.0,100000
414.0,7.0,5.0,3.0,20.0,2.0,Shiraz,1.0,0.0,0.0,4.9,4.9,4.3,606710
271.0,4.0,4.0,3.0,45.0,3.0,Mashhad,0.0,0.0,1.0,17.2,6.8,9.7,275702
279.0,4.0,4.0,2.0,17.0,1.0,Qom,1.0,0.0,1.0,33.9,5.9,5.5,217813
235.0,3.0,3.0,2.0,18.0,2.0,Isfahan,0.0,0.0,0.0,33.3,1.8,4.9,274765
278.0,6.0,,4.0,45.0,0.0,Qom,0.0,0.0,0.0,16.0,3.7,6.7,204442
189.0,4.0,3.0,2.0,28.0,1.0,Isfahan,1.0,0.0,0.0,15.2,6.0,8.9,295247
206.0,4.0,3.0,4.0,36.0,3.0,Karaj,0.0,1.0,0.0,27.3,8.0,6.6,349391
81.0,2.0,2.0,4.0,10.0,1.0,Mashhad,0.0,0.0,0.0,14.4,1.2,5.9,120417
186.0,2.0,1.0,2.0,9.0,2.0,Tehran,0.0,0.0,1.0,19.2,8.7,6.0,346175
380.0,6.0,,3.0,40.0,3.0,Karaj,0.0,0.0,0.0,8.6,3.6,6.3,626229
150.0,4.0,4.0,2.0,30.0,1.0,Shiraz,0.0,0.0,1.0,2.9,8.5,6.5,216055
106.0,2.0,,1.0,25.0,3.0,Mashhad,0.0,0.0,1.0,32.7,9.2,9.0,100000
168.0,2.0,2.0,4.0,9.0,0.0,Qom,1.0,0.0,1.0,1.5,1.8,7.6,269215
379.0,7.0,5.0,3.0,3.0,0.0,Tabriz,1.0,0.0,0.0,32.4,,9.2,450921
178.0,4.0,5.0,2.0,27.0,3.0,Isfahan,0.0,1.0,1.0,20.9,1.7,8.8,411498
257.0,6.0,,2.0,45.0,0.0,Qom,0.0,0.0,0.0,31.3,4.8,5.0,100000
97.0,,2.0,2.0,4.0,1.0,Isfahan,0.0,0.0,0.0,17.9,6.1,4.1,135318
253.0,6.0,5.0,1.0,39.0,2.0,Tabriz,0.0,0.0,1.0,19.5,9.5,9.5,261703
401.0,7.0,5.0,1.0,43.0,0.0,Shiraz,0.0,0.0,0.0,8.8,1.6,5.2,487485
341.0,6.0,5.0,1.0,17.0,2.0,Isfahan,1.0,1.0,1.0,28.4,3.3,7.3,540421
396.0,6.0,5.0,3.0,44.0,1.0,Rasht,1.0,0.0,1.0,17.2,1.3,,498270
,1.0,2.0,1.0,,3.0,Mashhad,1.0,0.0,0.0,9.7,5.5,8.6,205233
315.0,6.0,5.0,4.0,7.0,0.0,Karaj,0.0,0.0,0.0,25.4,5.9,9.2,458549
254.0,6.0,5.0,4.0,14.0,3.0,Mashhad,0.0,1.0,0.0,20.7,2.1,7.6,558034
333.0,6.0,5.0,1.0,18.0,2.0,Qom,0.0,0.0,1.0,4.4,1.6,6.3,432219
412.0,7.0,5.0,2.0,40.0,2.0,Qom,0.0,0.0,0.0,28.4,1.3,8.5,418161
110.0,2.0,2.0,4.0,38.0,2.0,Karaj,0.0,0.0,0.0,30.8,1.1,5.4,100000
100.0,2.0,2.0,2.0,31.0,3.0,Shiraz,0.0,1.0,0.0,20.9,7.4,4.7,100000
123.0,3.0,3.0,1.0,3.0,1.0,Tehran,0.0,1.0,0.0,25.2,6.8,6.7,315367
169.0,3.0,2.0,4.0,32.0,2.0,Tehran,0.0,0.0,0.0,7.6,2.6,4.4,236022
355.0,5.0,5.0,1.0,14.0,1.0,Tehran,0.0,0.0,0.0,21.9,4.5,4.3,623429
402.0,,5.0,2.0,1.0,3.0,Mashhad,1.0,0.0,1.0,30.9,8.6,9.0,681723
357.0,5.0,5.0,4.0,2.0,1.0,Isfahan,0.0,0.0,0.0,28.7,3.1,9.1,479039
246.0,4.0,4.0,4.0,24.0,0.0,Mashhad,1.0,0.0,0.0,19.3,7.8,7.1,254442
174.0,4.0,5.0,1.0,24.0,3.0,Mashhad,0.0,0.0,1.0,8.1,9.0,5.9,320569
,7.0,5.0,4.0,17.0,2.0,Rasht,1.0,0.0,0.0,27.1,4.2,8.5,585947
390.0,6.0,5.0,2.0,0.0,3.0,Karaj,1.0,0.0,0.0,5.6,6.3,5.3,795656
372.0,6.0,5.0,4.0,,2.0,Shiraz,0.0,1.0,0.0,2.7,9.6,6.1,731561
344.0,7.0,5.0,3.0,5.0,3.0,Isfahan,0.0,0.0,1.0,31.1,8.7,9.7,462990
343.0,6.0,5.0,1.0,19.0,0.0,Qom,1.0,0.0,0.0,34.3,5.6,9.2,347229
83.0,1.0,1.0,1.0,21.0,1.0,Rasht,0.0,0.0,0.0,4.4,1.5,7.8,150078
258.0,5.0,5.0,1.0,43.0,2.0,Tabriz,1.0,0.0,0.0,9.9,9.7,9.6,339565
231.0,5.0,5.0,3.0,15.0,1.0,Shiraz,1.0,0.0,0.0,16.5,3.5,9.0,429790
262.0,4.0,3.0,4.0,35.0,1.0,Isfahan,0.0,0.0,0.0,4.1,5.6,7.7,355381
119.0,1.0,1.0,3.0,36.0,3.0,Tehran,1.0,1.0,1.0,26.2,9.6,8.5,135761
115.0,3.0,3.0,4.0,8.0,0.0,Karaj,0.0,0.0,0.0,7.6,9.2,9.6,215675
305.0,6.0,5.0,2.0,13.0,1.0,Tehran,0.0,0.0,1.0,1.7,1.8,8.4,851812
194.0,4.0,5.0,2.0,19.0,0.0,Isfahan,1.0,0.0,0.0,14.8,6.0,8.9,308615
106.0,2.0,,3.0,6.0,1.0,Tehran,0.0,0.0,1.0,17.6,4.7,9.6,162796
264.0,5.0,5.0,3.0,43.0,0.0,Tabriz,0.0,0.0,0.0,6.3,3.4,6.1,267543
155.0,3.0,3.0,3.0,2.0,0.0,Tabriz,0.0,0.0,0.0,13.7,1.5,5.8,223003
59.0,1.0,2.0,4.0,3.0,3.0,Isfahan,1.0,0.0,0.0,12.7,9.6,8.0,140367
137.0,2.0,3.0,3.0,3.0,3.0,Mashhad,0.0,0.0,0.0,6.4,,9.1,277592
262.0,5.0,5.0,1.0,42.0,1.0,Isfahan,1.0,0.0,0.0,21.9,1.3,6.0,329629
124.0,1.0,1.0,4.0,31.0,1.0,Tabriz,1.0,1.0,1.0,25.8,6.5,6.8,100000
117.0,2.0,1.0,2.0,31.0,3.0,Mashhad,1.0,0.0,1.0,11.8,9.7,7.5,125699
343.0,5.0,5.0,3.0,44.0,2.0,Qom,0.0,0.0,1.0,3.0,6.9,7.7,407367
262.0,6.0,5.0,1.0,38.0,2.0,Tehran,0.0,1.0,1.0,15.7,5.6,6.6,646083
301.0,6.0,5.0,3.0,3.0,2.0,Tehran,0.0,0.0,1.0,17.3,6.9,5.3,727606
67.0,1.0,1.0,2.0,24.0,1.0,Tabriz,1.0,0.0,0.0,17.0,,4.7,100000
396.0,7.0,5.0,4.0,42.0,1.0,Shiraz,0.0,0.0,0.0,16.5,6.9,,434371
380.0,7.0,5.0,2.0,21.0,2.0,Rasht,1.0,0.0,0.0,21.6,8.5,8.7,517432
322.0,6.0,5.0,3.0,19.0,0.0,Tabriz,0.0,0.0,1.0,5.3,1.4,4.6,520978
349.0,7.0,5.0,3.0,37.0,3.0,Tabriz,0.0,0.0,0.0,20.9,1.3,8.8,335909
297.0,4.0,4.0,3.0,11.0,3.0,Tehran,0.0,0.0,0.0,0.9,5.2,8.1,698884
287.0,6.0,5.0,3.0,11.0,0.0,Isfahan,0.0,0.0,1.0,28.3,7.4,8.7,392301
201.0,5.0,5.0,1.0,24.0,2.0,Karaj,0.0,0.0,0.0,8.1,3.5,4.5,262844
363.0,7.0,,4.0,17.0,3.0,Shiraz,1.0,0.0,0.0,33.6,7.3,4.3,380045
95.0,1.0,1.0,1.0,2.0,3.0,Tehran,0.0,0.0,0.0,24.9,4.4,4.7,100000
185.0,2.0,2.0,4.0,42.0,3.0,Shiraz,0.0,0.0,0.0,,2.7,5.4,196684
297.0,5.0,4.0,3.0,3.0,2.0,Mashhad,0.0,0.0,0.0,29.7,3.9,9.2,383770
,3.0,4.0,2.0,13.0,1.0,Isfahan,0.0,0.0,1.0,4.9,6.6,6.9,389442
,2.0,2.0,3.0,11.0,3.0,Shiraz,0.0,0.0,0.0,18.5,1.2,6.7,144950
349.0,6.0,5.0,4.0,32.0,3.0,Isfahan,0.0,0.0,0.0,10.6,6.0,4.0,500223
231.0,5.0,5.0,1.0,22.0,1.0,Qom,0.0,0.0,0.0,24.2,4.6,6.9,104249
283.0,5.0,5.0,4.0,7.0,0.0,Tehran,1.0,0.0,1.0,8.0,7.7,5.3,689694
263.0,4.0,3.0,4.0,43.0,3.0,Rasht,0.0,0.0,0.0,,1.8,7.2,213525
128.0,1.0,2.0,3.0,44.0,3.0,Tabriz,0.0,0.0,0.0,7.9,3.6,9.1,141459
376.0,6.0,5.0,4.0,25.0,0.0,Karaj,0.0,0.0,0.0,7.6,6.1,7.6,604726
374.0,7.0,5.0,3.0,7.0,2.0,Shiraz,1.0,0.0,0.0,8.3,3.6,9.0,645654
336.0,5.0,5.0,4.0,44.0,1.0,Karaj,,0.0,1.0,27.5,3.3,4.7,410681
115.0,1.0,2.0,2.0,28.0,0.0,Tehran,1.0,0.0,0.0,33.9,5.5,8.5,100000
305.0,6.0,5.0,2.0,22.0,2.0,Qom,0.0,0.0,1.0,0.9,3.1,6.2,506591
60.0,2.0,2.0,2.0,45.0,2.0,Tabriz,1.0,0.0,1.0,27.8,1.4,5.3,200000
340.0,6.0,5.0,1.0,37.0,0.0,Karaj,1.0,0.0,0.0,25.0,9.5,5.7,373420
334.0,5.0,5.0,3.0,39.0,2.0,Karaj,1.0,0.0,1.0,13.2,2.6,7.4,512444
295.0,5.0,5.0,4.0,32.0,1.0,Tehran,0.0,0.0,0.0,13.4,5.5,8.4,587174
288.0,5.0,5.0,1.0,7.0,0.0,Rasht,0.0,,0.0,4.3,3.9,5.9,594639
275.0,5.0,5.0,1.0,44.0,2.0,Karaj,1.0,0.0,1.0,19.2,3.0,7.1,336985
233.0,5.0,5.0,2.0,11.0,1.0,Mashhad,1.0,0.0,0.0,24.4,4.3,6.0,343770
359.0,7.0,5.0,4.0,20.0,,Qom,1.0,1.0,0.0,31.7,3.5,7.5,473046
331.0,6.0,5.0,1.0,21.0,2.0,Mashhad,1.0,0.0,0.0,27.6,4.3,9.4,529893
143.0,2.0,1.0,4.0,12.0,,Karaj,0.0,0.0,0.0,2.2,,9.9,192875
97.0,2.0,3.0,1.0,1.0,1.0,Tabriz,0.0,0.0,1.0,32.8,5.8,7.0,100000
195.0,5.0,5.0,2.0,25.0,2.0,Shiraz,0.0,,0.0,29.4,1.0,6.9,288134
55.0,2.0,2.0,1.0,0.0,2.0,Qom,1.0,1.0,1.0,20.2,1.5,7.7,226782
204.0,,4.0,3.0,33.0,3.0,Tehran,0.0,0.0,1.0,0.8,5.8,7.8,461986
351.0,5.0,5.0,2.0,4.0,0.0,Mashhad,0.0,0.0,1.0,7.7,4.3,6.3,592415
91.0,2.0,2.0,2.0,14.0,3.0,Mashhad,0.0,0.0,1.0,7.3,8.0,5.5,100000
220.0,5.0,5.0,4.0,12.0,3.0,Isfahan,1.0,0.0,0.0,6.2,3.6,8.1,433142
107.0,1.0,1.0,3.0,6.0,2.0,Tabriz,0.0,0.0,0.0,32.2,1.4,4.3,100000
88.0,2.0,1.0,3.0,36.0,2.0,Rasht,1.0,0.0,0.0,6.8,8.3,7.6,100000
328.0,5.0,5.0,3.0,9.0,3.0,Rasht,1.0,0.0,1.0,24.1,6.2,8.9,501049
329.0,5.0,5.0,3.0,30.0,1.0,Isfahan,1.0,0.0,1.0,25.9,7.8,4.3,393686
87.0,2.0,,1.0,35.0,3.0,Shiraz,0.0,0.0,1.0,28.3,10.0,4.2,100000
132.0,3.0,,1.0,22.0,1.0,Rasht,0.0,1.0,0.0,14.4,7.7,4.5,252230
309.0,7.0,5.0,3.0,43.0,2.0,Isfahan,0.0,0.0,1.0,3.4,5.2,7.8,516206
81.0,2.0,2.0,1.0,14.0,0.0,Shiraz,1.0,1.0,1.0,14.8,1.6,8.0,214807
136.0,1.0,1.0,1.0,37.0,1.0,Rasht,0.0,0.0,1.0,1.5,3.2,9.7,122984
392.0,6.0,5.0,4.0,45.0,3.0,Mashhad,1.0,0.0,0.0,26.8,2.1,5.3,506928
108.0,,2.0,2.0,20.0,1.0,Isfahan,0.0,0.0,0.0,12.2,7.1,6.8,105453
210.0,5.0,5.0,1.0,22.0,2.0,Isfahan,0.0,0.0,0.0,32.5,1.4,9.8,314767
349.0,5.0,5.0,2.0,40.0,2.0,Shiraz,0.0,0.0,0.0,25.1,8.3,9.4,385942
96.0,2.0,2.0,1.0,45.0,1.0,Tehran,0.0,0.0,,33.4,8.0,5.2,100000
87.0,3.0,2.0,3.0,16.0,0.0,Tehran,0.0,0.0,0.0,24.9,6.0,8.1,148855
226.0,5.0,4.0,1.0,40.0,,,1.0,0.0,0.0,11.0,3.5,8.3,276070
182.0,4.0,5.0,3.0,28.0,2.0,Tabriz,1.0,0.0,0.0,20.7,2.7,6.3,132838
360.0,7.0,5.0,4.0,25.0,2.0,Tehran,0.0,1.0,0.0,4.3,8.8,7.4,887285
291.0,4.0,5.0,1.0,4.0,1.0,Qom,0.0,0.0,0.0,18.5,6.3,7.3,315669
270.0,4.0,3.0,2.0,9.0,2.0,Isfahan,0.0,0.0,1.0,11.9,3.3,8.4,385588
95.0,1.0,1.0,1.0,4.0,1.0,Tabriz,0.0,0.0,1.0,4.1,3.6,9.3,132220
390.0,7.0,5.0,3.0,36.0,3.0,Shiraz,0.0,0.0,1.0,21.2,7.1,8.7,489700
412.0,7.0,,2.0,29.0,1.0,Tabriz,0.0,0.0,1.0,14.3,,6.5,437561
236.0,3.0,2.0,1.0,20.0,,Mashhad,1.0,1.0,1.0,13.2,3.3,9.1,459363
412.0,7.0,5.0,4.0,29.0,0.0,Tabriz,1.0,0.0,0.0,20.8,6.8,8.0,483753
370.0,7.0,5.0,1.0,8.0,3.0,Qom,0.0,0.0,0.0,0.8,4.8,6.1,560333
393.0,7.0,5.0,4.0,10.0,0.0,Tehran,1.0,0.0,0.0,19.7,4.7,5.2,818836
362.0,7.0,5.0,2.0,6.0,2.0,Isfahan,1.0,0.0,0.0,26.2,7.6,9.7,518569
129.0,2.0,1.0,1.0,19.0,0.0,Tabriz,0.0,0.0,0.0,5.8,3.5,4.1,130162
142.0,2.0,2.0,1.0,20.0,1.0,Shiraz,1.0,0.0,0.0,4.9,9.1,9.6,185712
122.0,1.0,1.0,3.0,45.0,0.0,Qom,1.0,0.0,0.0,15.4,7.4,5.1,100000
80.0,1.0,1.0,3.0,1.0,2.0,Tabriz,1.0,0.0,0.0,2.4,4.1,8.5,176527
185.0,4.0,5.0,2.0,30.0,0.0,Mashhad,0.0,0.0,0.0,32.3,9.5,9.5,229307
357.0,5.0,5.0,3.0,15.0,3.0,Shiraz,1.0,1.0,0.0,4.4,8.2,4.8,619923
153.0,2.0,1.0,1.0,9.0,2.0,Karaj,1.0,0.0,,8.6,7.9,7.3,244953
322.0,6.0,5.0,4.0,20.0,3.0,Karaj,0.0,0.0,0.0,20.4,6.6,6.3,462375
92.0,2.0,2.0,1.0,31.0,2.0,Karaj,0.0,1.0,0.0,25.4,3.0,5.5,140838
312.0,6.0,5.0,3.0,35.0,1.0,Karaj,0.0,0.0,0.0,23.2,5.9,4.9,290314
233.0,4.0,3.0,2.0,15.0,1.0,Tehran,0.0,1.0,0.0,4.6,8.8,9.6,648798
419.0,7.0,5.0,1.0,34.0,3.0,Rasht,0.0,0.0,0.0,2.2,4.8,8.8,599995
262.0,4.0,3.0,1.0,28.0,1.0,Karaj,0.0,0.0,1.0,,4.1,5.5,434538
96.0,2.0,1.0,3.0,42.0,3.0,Shiraz,0.0,0.0,0.0,33.0,1.8,9.3,100000
419.0,7.0,5.0,1.0,20.0,1.0,Isfahan,0.0,0.0,0.0,32.0,5.0,8.2,439948
244.0,4.0,4.0,1.0,15.0,0.0,Tabriz,0.0,0.0,0.0,20.9,3.8,7.7,348668
261.0,6.0,5.0,4.0,9.0,1.0,Shiraz,0.0,0.0,0.0,29.0,8.5,6.3,275201
69.0,2.0,3.0,3.0,39.0,2.0,Isfahan,1.0,0.0,0.0,14.1,9.3,6.8,100000
321.0,7.0,5.0,1.0,32.0,0.0,Rasht,0.0,0.0,1.0,1.3,2.1,4.5,532434
62.0,2.0,3.0,2.0,24.0,2.0,Rasht,0.0,0.0,1.0,22.5,7.9,5.9,100000
220.0,5.0,5.0,3.0,13.0,1.0,Rasht,0.0,0.0,1.0,11.2,,9.7,424504
327.0,6.0,5.0,4.0,24.0,3.0,Rasht,1.0,0.0,1.0,8.7,7.7,9.1,598288
132.0,1.0,2.0,2.0,38.0,3.0,Karaj,0.0,0.0,1.0,24.1,1.8,5.9,100000
79.0,1.0,1.0,3.0,11.0,3.0,Mashhad,0.0,0.0,1.0,8.4,7.7,6.1,100000
184.0,2.0,2.0,2.0,12.0,3.0,Shiraz,0.0,0.0,1.0,20.6,9.2,5.3,189500
294.0,4.0,4.0,2.0,45.0,3.0,Rasht,0.0,0.0,0.0,17.4,3.2,9.8,298270
407.0,6.0,5.0,4.0,26.0,2.0,Karaj,1.0,0.0,1.0,18.1,,8.7,654402
156.0,3.0,2.0,1.0,34.0,3.0,Tehran,1.0,0.0,0.0,2.2,8.8,5.1,242967
75.0,1.0,1.0,4.0,39.0,1.0,Qom,0.0,1.0,1.0,31.2,2.6,6.7,100000
136.0,1.0,1.0,2.0,27.0,1.0,Tabriz,1.0,0.0,0.0,14.9,3.7,8.2,100000
116.0,,3.0,2.0,31.0,2.0,Shiraz,0.0,0.0,1.0,4.1,2.9,8.3,170143
257.0,6.0,5.0,3.0,3.0,0.0,Karaj,0.0,1.0,1.0,12.7,5.7,9.8,1168908
89.0,1.0,2.0,3.0,36.0,2.0,Rasht,0.0,1.0,0.0,20.8,9.2,6.8,100000
159.0,4.0,5.0,1.0,20.0,2.0,Tabriz,1.0,0.0,1.0,30.0,4.5,9.8,201052
294.0,4.0,5.0,1.0,36.0,0.0,Qom,1.0,0.0,0.0,23.3,9.2,7.6,234319
105.0,3.0,2.0,3.0,35.0,3.0,Tabriz,0.0,0.0,1.0,11.5,6.9,6.9,123493
378.0,7.0,5.0,2.0,45.0,2.0,Shiraz,0.0,0.0,1.0,27.3,9.9,8.7,403702
,4.0,5.0,2.0,11.0,2.0,Tehran,0.0,0.0,1.0,21.9,5.1,7.6,650649
80.0,1.0,2.0,3.0,7.0,3.0,Shiraz,0.0,0.0,0.0,9.6,4.3,5.2,106144
207.0,5.0,5.0,3.0,45.0,2.0,Tehran,,0.0,0.0,16.0,6.6,8.5,409331
286.0,6.0,5.0,2.0,12.0,0.0,Isfahan,1.0,0.0,1.0,21.6,3.8,9.5,454053
207.0,3.0,4.0,2.0,9.0,2.0,Rasht,0.0,0.0,0.0,34.3,7.9,6.2,176532
73.0,1.0,1.0,3.0,41.0,2.0,Rasht,0.0,1.0,1.0,29.6,1.5,6.9,100000
80.0,1.0,1.0,4.0,12.0,1.0,Tehran,1.0,0.0,1.0,1.1,7.3,8.8,281200
281.0,6.0,5.0,4.0,32.0,1.0,Isfahan,1.0,0.0,0.0,14.8,4.8,6.2,448147
170.0,3.0,4.0,3.0,13.0,0.0,Mashhad,0.0,0.0,0.0,7.5,4.9,4.4,270695
253.0,6.0,5.0,3.0,25.0,0.0,Karaj,0.0,0.0,1.0,1.9,8.7,8.6,483720
110.0,2.0,2.0,1.0,36.0,3.0,Tabriz,1.0,0.0,0.0,14.6,2.6,8.1,145509
99.0,3.0,3.0,1.0,9.0,1.0,Karaj,0.0,0.0,1.0,26.3,2.3,5.7,100000
136.0,2.0,2.0,4.0,39.0,3.0,Karaj,0.0,0.0,1.0,26.2,9.4,8.5,100000
182.0,2.0,3.0,2.0,16.0,1.0,Mashhad,1.0,1.0,0.0,7.9,9.0,6.3,375736
295.0,5.0,5.0,4.0,1.0,0.0,Shiraz,1.0,1.0,0.0,30.1,8.4,4.7,346664
155.0,3.0,3.0,2.0,10.0,0.0,Mashhad,0.0,0.0,1.0,9.5,,5.3,258722
340.0,6.0,5.0,2.0,36.0,1.0,Shiraz,1.0,0.0,0.0,6.5,,5.5,453695
,1.0,1.0,1.0,18.0,1.0,Rasht,1.0,1.0,1.0,21.4,1.5,5.8,150131
136.0,3.0,4.0,2.0,5.0,2.0,Mashhad,1.0,0.0,1.0,9.9,9.6,4.8,260632
166.0,4.0,4.0,1.0,4.0,1.0,Tehran,0.0,0.0,0.0,,3.1,5.8,272735
74.0,2.0,3.0,2.0,35.0,1.0,,0.0,0.0,1.0,27.0,4.2,9.2,100000
107.0,3.0,2.0,4.0,27.0,1.0,Karaj,0.0,0.0,0.0,13.2,8.4,4.7,108935
167.0,3.0,3.0,1.0,4.0,2.0,Mashhad,0.0,0.0,1.0,29.1,3.9,7.0,208923
363.0,7.0,5.0,1.0,28.0,1.0,Tabriz,0.0,0.0,1.0,2.8,2.0,7.1,528060
116.0,1.0,1.0,1.0,4.0,0.0,Mashhad,1.0,1.0,1.0,27.1,6.8,4.2,161265
123.0,3.0,,4.0,10.0,1.0,,1.0,0.0,1.0,31.3,3.8,4.1,166598
49.0,2.0,1.0,2.0,36.0,3.0,Mashhad,1.0,0.0,1.0,,6.7,4.4,100000
101.0,1.0,1.0,3.0,35.0,0.0,Shiraz,1.0,0.0,1.0,27.6,9.7,5.6,100000
323.0,6.0,5.0,4.0,24.0,2.0,Mashhad,1.0,0.0,0.0,22.8,1.9,7.7,512037
265.0,5.0,5.0,1.0,38.0,3.0,Karaj,0.0,0.0,0.0,27.5,9.2,4.2,262649
149.0,3.0,3.0,1.0,16.0,3.0,Shiraz,0.0,0.0,1.0,12.1,9.8,6.3,256565
347.0,5.0,5.0,2.0,30.0,3.0,Tabriz,0.0,0.0,1.0,19.1,8.6,9.9,411938
91.0,1.0,1.0,4.0,45.0,3.0,Isfahan,1.0,0.0,0.0,22.7,2.3,8.0,100000
320.0,7.0,5.0,3.0,15.0,2.0,Karaj,,,0.0,18.4,8.6,9.1,610026
,6.0,5.0,2.0,15.0,2.0,Qom,0.0,0.0,0.0,35.0,8.2,4.5,261832
255.0,5.0,5.0,3.0,41.0,2.0,Qom,1.0,0.0,0.0,17.3,1.8,7.6,266205
258.0,4.0,3.0,1.0,20.0,2.0,Mashhad,1.0,0.0,1.0,32.3,1.9,4.3,222437
376.0,6.0,5.0,4.0,35.0,0.0,Rasht,1.0,0.0,0.0,25.9,6.5,4.1,350447
411.0,6.0,5.0,2.0,0.0,2.0,Rasht,0.0,0.0,1.0,31.9,6.7,4.9,1315776
328.0,7.0,5.0,2.0,13.0,1.0,Tabriz,1.0,1.0,1.0,25.1,1.3,7.0,583452
312.0,6.0,5.0,3.0,5.0,3.0,Tabriz,1.0,,0.0,25.4,2.7,4.7,423370
166.0,2.0,2.0,1.0,24.0,2.0,Tabriz,0.0,0.0,0.0,34.2,8.2,8.0,100000
156.0,4.0,3.0,3.0,39.0,2.0,Qom,0.0,0.0,1.0,12.0,8.9,7.9,186179
112.0,2.0,2.0,4.0,44.0,3.0,Mashhad,0.0,0.0,0.0,21.5,8.0,6.5,100000
151.0,2.0,2.0,4.0,37.0,3.0,Mashhad,1.0,0.0,0.0,1.1,9.8,9.0,190219
338.0,6.0,5.0,2.0,33.0,2.0,Isfahan,0.0,1.0,1.0,30.8,1.2,8.9,531662
146.0,4.0,4.0,2.0,41.0,1.0,Tabriz,0.0,0.0,0.0,12.3,5.3,8.7,154304
402.0,7.0,5.0,4.0,24.0,1.0,Tehran,1.0,0.0,0.0,18.8,1.9,8.0,874105
237.0,4.0,5.0,2.0,34.0,1.0,Isfahan,0.0,0.0,1.0,17.0,9.1,8.5,231136
232.0,3.0,4.0,4.0,14.0,2.0,Isfahan,1.0,1.0,1.0,2.8,9.5,7.2,385325
150.0,2.0,2.0,2.0,28.0,0.0,Karaj,0.0,0.0,1.0,16.7,7.5,4.5,100000
168.0,4.0,4.0,3.0,44.0,2.0,Rasht,0.0,0.0,0.0,25.7,4.1,7.8,136240
283.0,6.0,5.0,1.0,25.0,0.0,Qom,0.0,0.0,0.0,1.8,8.6,9.3,374336
240.0,3.0,3.0,2.0,28.0,2.0,Mashhad,0.0,0.0,0.0,9.3,7.0,5.1,277003
349.0,6.0,5.0,3.0,42.0,3.0,Isfahan,1.0,0.0,0.0,13.0,7.1,6.7,461927
388.0,7.0,,2.0,6.0,3.0,Isfahan,,0.0,1.0,11.4,5.6,9.1,632035
194.0,4.0,5.0,3.0,43.0,1.0,Isfahan,0.0,0.0,0.0,15.2,8.0,,139085
336.0,7.0,5.0,2.0,6.0,1.0,Tabriz,0.0,1.0,0.0,34.9,1.4,6.2,488344
158.0,2.0,2.0,4.0,9.0,0.0,Mashhad,0.0,0.0,1.0,9.8,1.6,8.6,230716
297.0,6.0,5.0,2.0,13.0,2.0,Rasht,1.0,0.0,0.0,29.8,6.6,8.4,341939
273.0,4.0,3.0,3.0,6.0,0.0,Tabriz,0.0,0.0,1.0,33.1,4.0,5.2,214124
240.0,3.0,2.0,1.0,12.0,3.0,Karaj,0.0,0.0,0.0,11.1,3.5,7.0,335659
172.0,4.0,4.0,3.0,10.0,1.0,Isfahan,0.0,0.0,0.0,10.6,9.2,9.1,282947
181.0,3.0,3.0,4.0,20.0,2.0,Rasht,1.0,0.0,0.0,32.0,2.9,7.1,178643
409.0,7.0,5.0,1.0,18.0,2.0,Shiraz,0.0,0.0,0.0,22.7,3.2,7.0,549416
117.0,1.0,2.0,2.0,25.0,0.0,Rasht,1.0,0.0,1.0,25.8,9.0,9.2,100000
181.0,4.0,4.0,3.0,21.0,1.0,Shiraz,0.0,0.0,0.0,10.7,4.8,8.1,306748
77.0,1.0,,2.0,2.0,1.0,Shiraz,0.0,0.0,0.0,28.5,2.8,4.5,100000
89.0,2.0,2.0,2.0,6.0,2.0,Qom,0.0,0.0,0.0,22.0,4.1,6.8,100000
209.0,3.0,2.0,4.0,7.0,1.0,Karaj,0.0,0.0,1.0,14.8,8.1,7.1,299873
60.0,2.0,2.0,2.0,43.0,1.0,Shiraz,0.0,0.0,,8.1,1.3,9.8,100000
156.0,3.0,4.0,4.0,36.0,0.0,Shiraz,0.0,0.0,1.0,11.7,7.1,6.2,100000
179.0,3.0,4.0,3.0,26.0,1.0,Qom,0.0,0.0,0.0,5.1,7.7,5.4,135411
375.0,6.0,5.0,4.0,21.0,1.0,Karaj,0.0,0.0,0.0,20.2,4.5,4.2,415253
123.0,2.0,2.0,1.0,34.0,2.0,Mashhad,1.0,1.0,0.0,1.9,4.7,4.7,288836
189.0,2.0,3.0,2.0,30.0,0.0,Tehran,0.0,0.0,1.0,,7.6,5.8,254586
174.0,4.0,4.0,4.0,28.0,0.0,Mashhad,0.0,0.0,0.0,,4.4,5.8,321246
115.0,2.0,1.0,4.0,2.0,0.0,Shiraz,0.0,1.0,0.0,7.9,8.5,8.5,330553
364.0,6.0,5.0,4.0,6.0,0.0,Shiraz,1.0,0.0,1.0,13.5,2.4,,564696
152.0,3.0,2.0,1.0,9.0,1.0,Rasht,0.0,0.0,0.0,13.0,9.3,7.0,161205
227.0,3.0,4.0,1.0,39.0,1.0,Mashhad,0.0,0.0,0.0,19.0,9.0,8.2,160860
158.0,4.0,4.0,3.0,34.0,1.0,Tehran,0.0,0.0,1.0,4.8,5.0,6.4,366059
208.0,4.0,4.0,2.0,30.0,3.0,Mashhad,1.0,0.0,1.0,25.6,6.8,5.9,137905
92.0,3.0,3.0,1.0,23.0,2.0,,0.0,0.0,0.0,29.7,1.6,5.9,100000
182.0,2.0,1.0,2.0,17.0,2.0,Rasht,0.0,0.0,0.0,7.3,4.9,8.0,198246
238.0,3.0,3.0,4.0,2.0,1.0,,0.0,0.0,1.0,7.5,6.6,9.6,393653
362.0,7.0,5.0,4.0,37.0,3.0,Tehran,0.0,0.0,1.0,32.1,3.3,7.5,759226
298.0,4.0,3.0,2.0,32.0,0.0,Shiraz,0.0,0.0,0.0,31.5,2.1,6.3,186125
322.0,,5.0,3.0,39.0,2.0,Shiraz,1.0,0.0,0.0,0.6,9.3,7.4,499127
210.0,3.0,4.0,3.0,37.0,2.0,Karaj,0.0,1.0,0.0,33.6,9.7,7.0,238847
191.0,3.0,3.0,4.0,16.0,2.0,Shiraz,0.0,0.0,0.0,31.3,5.4,7.6,261898
85.0,3.0,2.0,2.0,25.0,0.0,,0.0,0.0,0.0,34.9,3.1,9.6,100000
258.0,5.0,4.0,2.0,5.0,0.0,Tabriz,,0.0,1.0,21.9,4.7,4.4,333086
359.0,7.0,5.0,1.0,16.0,3.0,Isfahan,0.0,1.0,1.0,16.7,7.4,8.9,684286
83.0,3.0,,2.0,0.0,0.0,Isfahan,0.0,0.0,0.0,21.1,4.3,4.2,100000
379.0,7.0,5.0,4.0,30.0,1.0,Karaj,1.0,0.0,0.0,27.6,6.0,4.7,563632
409.0,6.0,5.0,4.0,19.0,1.0,Rasht,0.0,0.0,1.0,13.5,5.6,6.4,537454
95.0,3.0,4.0,1.0,25.0,1.0,Rasht,0.0,0.0,1.0,19.7,3.1,8.4,151025
154.0,4.0,5.0,4.0,27.0,2.0,Karaj,0.0,,0.0,2.8,1.4,6.9,318924
191.0,2.0,2.0,3.0,9.0,3.0,Qom,0.0,0.0,1.0,20.1,3.1,5.5,100000
253.0,,5.0,3.0,13.0,1.0,Tabriz,0.0,0.0,1.0,28.2,6.5,5.2,252378
272.0,4.0,4.0,3.0,21.0,0.0,Isfahan,1.0,0.0,0.0,34.0,1.6,6.8,316721
,3.0,3.0,4.0,8.0,2.0,Karaj,1.0,0.0,0.0,2.4,4.7,6.1,501454
256.0,6.0,5.0,2.0,39.0,2.0,Rasht,1.0,1.0,0.0,13.1,1.8,6.4,429213
152.0,2.0,1.0,4.0,32.0,1.0,Karaj,0.0,0.0,0.0,12.1,2.7,5.6,100000
420.0,7.0,5.0,3.0,30.0,2.0,Isfahan,0.0,0.0,1.0,15.1,6.4,7.8,622760
139.0,4.0,3.0,2.0,17.0,,Mashhad,1.0,0.0,0.0,3.2,8.4,6.4,294822
52.0,2.0,3.0,3.0,35.0,1.0,Tabriz,1.0,0.0,0.0,16.1,6.7,5.6,100000
413.0,7.0,5.0,2.0,29.0,2.0,Rasht,1.0,0.0,1.0,1.2,3.2,6.6,677735
241.0,3.0,3.0,4.0,37.0,0.0,Tabriz,0.0,0.0,1.0,17.5,5.4,4.9,154490
285.0,5.0,4.0,2.0,44.0,2.0,Shiraz,0.0,0.0,0.0,31.3,7.4,8.9,268595
365.0,6.0,5.0,3.0,17.0,3.0,Mashhad,0.0,0.0,1.0,,3.5,9.4,573527
79.0,2.0,2.0,2.0,35.0,0.0,Shiraz,0.0,0.0,0.0,17.2,6.3,4.4,100000
202.0,4.0,4.0,2.0,21.0,0.0,Mashhad,1.0,0.0,0.0,9.5,4.7,9.2,447569
131.0,1.0,1.0,4.0,1.0,1.0,Shiraz,0.0,1.0,1.0,28.2,3.4,5.8,122480
229.0,3.0,2.0,4.0,19.0,3.0,Tehran,0.0,0.0,0.0,22.0,1.8,5.5,350433
297.0,4.0,4.0,1.0,42.0,1.0,Shiraz,1.0,0.0,0.0,5.4,2.1,9.9,413054
312.0,6.0,5.0,1.0,22.0,2.0,Karaj,1.0,0.0,0.0,34.8,,7.8,526709
112.0,2.0,3.0,3.0,20.0,0.0,Rasht,0.0,0.0,0.0,12.7,5.7,8.0,100000
85.0,1.0,1.0,1.0,16.0,3.0,Rasht,0.0,0.0,0.0,32.1,1.0,5.8,100000
183.0,4.0,4.0,1.0,33.0,,Isfahan,0.0,0.0,0.0,10.2,7.8,4.6,266824
302.0,4.0,4.0,2.0,9.0,2.0,Shiraz,1.0,0.0,1.0,24.3,2.3,4.6,350655
107.0,3.0,4.0,2.0,45.0,0.0,Mashhad,0.0,0.0,0.0,15.0,7.5,8.6,100000
149.0,2.0,2.0,2.0,20.0,1.0,Rasht,0.0,0.0,0.0,20.2,7.6,5.1,100000
309.0,5.0,5.0,4.0,27.0,2.0,Qom,1.0,1.0,0.0,16.0,10.0,9.5,426093
143.0,4.0,5.0,1.0,13.0,2.0,Tehran,0.0,0.0,1.0,3.2,1.7,9.1,509328
223.0,3.0,3.0,3.0,0.0,3.0,Isfahan,0.0,0.0,0.0,4.0,3.9,7.9,515612
111.0,3.0,3.0,1.0,6.0,2.0,Tabriz,0.0,0.0,0.0,25.7,3.0,7.9,100000
375.0,6.0,5.0,1.0,43.0,0.0,Qom,0.0,0.0,0.0,8.3,2.6,4.7,341111
170.0,2.0,3.0,1.0,41.0,0.0,Qom,0.0,0.0,0.0,8.0,3.1,7.8,105787
363.0,7.0,5.0,4.0,,1.0,Mashhad,0.0,0.0,0.0,3.4,6.0,7.5,629626
257.0,6.0,5.0,1.0,6.0,2.0,Tehran,0.0,0.0,0.0,24.9,9.4,9.4,448869
189.0,2.0,2.0,4.0,8.0,0.0,Rasht,1.0,0.0,0.0,11.0,3.6,9.2,289323
288.0,4.0,4.0,3.0,24.0,2.0,Tabriz,0.0,0.0,0.0,26.6,3.3,4.8,243204
289.0,4.0,5.0,4.0,8.0,2.0,Mashhad,0.0,0.0,0.0,1.1,2.2,4.9,581943
90.0,3.0,2.0,2.0,30.0,3.0,Tehran,0.0,0.0,0.0,27.8,9.1,5.6,100000
279.0,4.0,3.0,4.0,29.0,1.0,Isfahan,1.0,0.0,1.0,11.4,1.3,4.7,404301
88.0,1.0,2.0,4.0,25.0,0.0,Mashhad,0.0,0.0,1.0,7.2,4.6,9.6,139657
260.0,,3.0,4.0,31.0,3.0,Isfahan,1.0,0.0,0.0,20.9,8.5,7.1,327292
372.0,7.0,5.0,3.0,24.0,2.0,Qom,0.0,0.0,0.0,27.7,7.5,6.9,206352
220.0,4.0,4.0,2.0,7.0,2.0,Qom,1.0,0.0,1.0,15.0,1.4,9.1,376953
285.0,6.0,5.0,4.0,22.0,1.0,Qom,0.0,0.0,0.0,14.7,4.9,9.6,342509
182.0,2.0,2.0,3.0,22.0,2.0,Tehran,1.0,1.0,1.0,18.5,8.2,6.9,416839
104.0,2.0,2.0,1.0,22.0,1.0,Karaj,0.0,0.0,0.0,1.0,6.3,6.0,201358
172.0,4.0,3.0,4.0,2.0,1.0,Shiraz,0.0,0.0,1.0,27.8,4.8,9.4,274063
109.0,1.0,2.0,2.0,39.0,0.0,,0.0,0.0,0.0,14.9,8.8,8.7,100000
282.0,4.0,4.0,2.0,26.0,,Tehran,0.0,0.0,1.0,21.2,1.6,8.0,599579
265.0,5.0,5.0,1.0,15.0,2.0,Karaj,0.0,0.0,0.0,15.3,5.7,7.4,1118985
407.0,7.0,5.0,2.0,16.0,2.0,Isfahan,0.0,,0.0,25.1,6.4,6.7,514442
386.0,7.0,5.0,2.0,40.0,1.0,Mashhad,0.0,0.0,0.0,28.4,6.1,4.4,396898
55.0,2.0,2.0,2.0,11.0,0.0,Rasht,0.0,,0.0,23.4,5.1,5.4,100000
264.0,4.0,5.0,2.0,19.0,3.0,Rasht,0.0,1.0,1.0,30.1,3.5,6.8,361728
153.0,4.0,4.0,1.0,42.0,1.0,Rasht,0.0,0.0,1.0,34.1,1.6,7.6,102912
285.0,4.0,4.0,1.0,38.0,2.0,Tehran,1.0,0.0,0.0,25.5,2.6,4.3,581630
286.0,5.0,5.0,3.0,25.0,2.0,Qom,0.0,1.0,0.0,18.6,2.1,9.4,381845
81.0,1.0,1.0,2.0,8.0,0.0,Rasht,0.0,0.0,0.0,7.2,6.9,8.7,100000
226.0,3.0,2.0,4.0,8.0,0.0,Qom,0.0,0.0,1.0,12.5,6.4,7.6,252660
79.0,1.0,2.0,1.0,43.0,1.0,Rasht,0.0,0.0,1.0,28.3,3.0,7.2,100000
366.0,6.0,5.0,3.0,45.0,2.0,Tabriz,,0.0,1.0,3.8,1.9,8.5,437975
210.0,5.0,5.0,1.0,25.0,1.0,Shiraz,0.0,0.0,0.0,33.1,4.7,7.5,166289
304.0,6.0,5.0,2.0,15.0,0.0,Karaj,0.0,0.0,0.0,20.8,9.6,9.7,458378
285.0,5.0,5.0,3.0,33.0,2.0,Qom,1.0,0.0,1.0,30.2,8.5,5.6,212553
291.0,4.0,5.0,2.0,14.0,1.0,Rasht,1.0,1.0,1.0,22.2,1.7,5.5,510435
353.0,7.0,5.0,1.0,10.0,3.0,Mashhad,0.0,0.0,1.0,28.5,5.0,6.7,513040
185.0,4.0,4.0,,12.0,0.0,Tehran,0.0,0.0,0.0,25.5,3.0,6.3,343699
51.0,2.0,3.0,4.0,34.0,2.0,Rasht,0.0,0.0,0.0,20.5,2.0,9.4,100000
216.0,3.0,3.0,4.0,15.0,,Qom,0.0,0.0,1.0,5.8,1.7,8.2,372596
131.0,1.0,1.0,2.0,25.0,3.0,Karaj,0.0,1.0,1.0,0.8,7.1,7.3,258920
114.0,1.0,,4.0,19.0,0.0,Qom,,0.0,0.0,26.3,6.1,9.3,100000
400.0,6.0,5.0,3.0,23.0,2.0,Karaj,0.0,,1.0,9.5,7.5,7.3,642055
314.0,6.0,5.0,3.0,41.0,2.0,Qom,1.0,,1.0,10.4,4.8,8.9,449198
211.0,4.0,4.0,4.0,9.0,2.0,Tabriz,1.0,0.0,0.0,7.3,9.2,8.9,392361
355.0,6.0,5.0,3.0,35.0,0.0,Tabriz,0.0,,1.0,21.4,5.0,8.8,367389
74.0,1.0,1.0,1.0,9.0,2.0,Rasht,0.0,0.0,0.0,7.1,4.7,4.9,154987
57.0,2.0,1.0,3.0,9.0,1.0,Tabriz,0.0,0.0,1.0,8.2,7.2,9.7,432399
279.0,6.0,5.0,1.0,14.0,3.0,Shiraz,1.0,0.0,0.0,11.8,2.9,5.9,518297
52.0,1.0,1.0,1.0,9.0,3.0,Isfahan,0.0,0.0,0.0,24.5,3.2,8.1,100000
353.0,7.0,5.0,3.0,7.0,3.0,Tabriz,0.0,0.0,0.0,2.3,8.9,7.8,560291
124.0,2.0,2.0,1.0,29.0,0.0,Mashhad,0.0,0.0,0.0,,,7.7,178747
147.0,4.0,3.0,3.0,22.0,3.0,Isfahan,0.0,0.0,1.0,13.7,4.6,5.9,220227
202.0,5.0,4.0,2.0,27.0,2.0,Shiraz,0.0,0.0,1.0,33.9,4.2,9.1,190220
389.0,7.0,5.0,2.0,32.0,0.0,Karaj,1.0,0.0,0.0,29.7,5.5,,478863
406.0,7.0,5.0,3.0,15.0,3.0,Karaj,0.0,0.0,0.0,8.8,7.7,8.3,767715
343.0,5.0,4.0,4.0,35.0,2.0,Qom,1.0,0.0,1.0,10.6,4.7,6.4,399762
173.0,4.0,4.0,2.0,29.0,3.0,Shiraz,1.0,1.0,0.0,23.5,3.0,7.8,206763
69.0,2.0,2.0,1.0,8.0,3.0,Qom,0.0,,0.0,3.6,9.3,5.0,100000
98.0,1.0,1.0,,15.0,1.0,Isfahan,0.0,0.0,,2.4,7.5,8.1,100000
115.0,1.0,2.0,,22.0,1.0,Qom,1.0,0.0,0.0,26.9,1.9,4.8,100000
115.0,1.0,1.0,2.0,41.0,1.0,Rasht,0.0,0.0,1.0,15.6,6.9,4.5,100000
129.0,1.0,1.0,1.0,26.0,3.0,Shiraz,0.0,0.0,1.0,10.8,6.0,8.5,148563
217.0,4.0,4.0,4.0,29.0,2.0,Shiraz,0.0,0.0,1.0,5.2,,6.8,334160
49.0,1.0,2.0,3.0,41.0,2.0,Tehran,0.0,0.0,1.0,11.7,1.1,9.8,120490
284.0,5.0,5.0,2.0,7.0,1.0,Tehran,1.0,0.0,,17.8,9.9,6.1,643065
271.0,4.0,5.0,4.0,4.0,2.0,Tehran,1.0,0.0,0.0,10.3,2.7,9.5,690355
180.0,3.0,2.0,1.0,21.0,1.0,Tabriz,0.0,0.0,0.0,17.8,4.1,8.3,142035
206.0,4.0,5.0,3.0,33.0,1.0,Tehran,1.0,0.0,1.0,6.0,9.1,8.3,449058
188.0,2.0,1.0,3.0,37.0,3.0,Mashhad,0.0,0.0,0.0,,,4.3,234158
205.0,3.0,2.0,3.0,1.0,2.0,Karaj,0.0,0.0,0.0,17.1,5.7,8.5,389922
276.0,6.0,5.0,2.0,31.0,2.0,Shiraz,0.0,,1.0,23.1,2.9,8.9,378847
164.0,,5.0,3.0,26.0,0.0,Karaj,0.0,0.0,1.0,28.1,4.7,5.2,156679
181.0,4.0,3.0,3.0,19.0,0.0,Isfahan,0.0,0.0,1.0,2.1,9.7,6.4,303116
388.0,7.0,5.0,3.0,35.0,0.0,Qom,,0.0,1.0,31.1,8.8,4.4,223933
118.0,3.0,2.0,1.0,34.0,2.0,Qom,0.0,0.0,0.0,16.8,2.0,6.7,100000
367.0,7.0,5.0,1.0,25.0,2.0,Qom,1.0,0.0,1.0,8.4,1.4,4.7,490466
374.0,7.0,5.0,1.0,4.0,3.0,Rasht,1.0,0.0,0.0,8.1,8.0,8.2,571897
91.0,3.0,2.0,3.0,35.0,,Tehran,0.0,0.0,0.0,8.8,5.7,4.1,100000
160.0,3.0,3.0,1.0,40.0,1.0,Karaj,0.0,1.0,0.0,32.5,4.3,5.0,159493
311.0,5.0,5.0,3.0,20.0,0.0,Mashhad,0.0,0.0,1.0,3.0,8.1,8.0,401321
217.0,5.0,4.0,2.0,12.0,3.0,Isfahan,0.0,1.0,0.0,33.6,8.1,4.9,303796
82.0,2.0,3.0,1.0,43.0,3.0,Tabriz,1.0,0.0,0.0,22.2,1.8,5.1,100000
372.0,7.0,5.0,4.0,26.0,0.0,Tehran,1.0,0.0,0.0,1.8,2.0,7.3,851910
360.0,7.0,5.0,4.0,30.0,1.0,Qom,0.0,0.0,1.0,19.4,5.1,6.3,360911
126.0,,4.0,4.0,9.0,3.0,Qom,1.0,0.0,0.0,18.3,6.6,4.5,177140
215.0,5.0,5.0,2.0,40.0,0.0,Tehran,0.0,1.0,1.0,5.4,3.1,7.2,576651
353.0,5.0,5.0,3.0,28.0,0.0,Tabriz,1.0,,0.0,1.0,5.8,5.4,442418
138.0,4.0,3.0,3.0,9.0,,Rasht,0.0,0.0,1.0,3.2,1.2,6.0,417190
370.0,7.0,5.0,1.0,21.0,1.0,Tabriz,1.0,1.0,0.0,6.9,1.9,7.2,667315
328.0,6.0,5.0,1.0,25.0,2.0,Tabriz,0.0,0.0,0.0,34.9,1.9,5.6,304996
221.0,5.0,5.0,3.0,27.0,2.0,Rasht,0.0,0.0,0.0,14.1,4.1,7.2,316984
282.0,4.0,5.0,3.0,30.0,1.0,Rasht,1.0,0.0,1.0,27.4,3.2,4.1,295420
343.0,5.0,5.0,3.0,33.0,1.0,Tabriz,1.0,0.0,0.0,24.7,7.6,6.1,288361
80.0,1.0,1.0,4.0,36.0,1.0,Tabriz,0.0,1.0,1.0,22.1,8.3,4.1,100000
262.0,5.0,4.0,4.0,38.0,3.0,Isfahan,1.0,0.0,1.0,22.0,5.0,8.8,432989
320.0,6.0,5.0,1.0,8.0,2.0,Mashhad,1.0,0.0,1.0,1.1,8.8,6.1,631973
85.0,2.0,2.0,4.0,45.0,2.0,Rasht,0.0,0.0,1.0,11.1,1.7,7.5,112446
158.0,3.0,2.0,1.0,27.0,3.0,Shiraz,0.0,0.0,1.0,12.2,2.0,7.5,260729
343.0,7.0,5.0,1.0,34.0,3.0,Rasht,0.0,0.0,0.0,10.7,5.6,6.6,459662
185.0,3.0,4.0,3.0,45.0,0.0,Rasht,0.0,0.0,1.0,13.4,5.5,5.9,127036
157.0,3.0,3.0,1.0,15.0,1.0,Rasht,1.0,0.0,0.0,5.5,4.2,7.0,324585
112.0,1.0,2.0,1.0,19.0,3.0,Rasht,1.0,0.0,0.0,30.5,5.7,8.2,100000
124.0,3.0,3.0,1.0,0.0,1.0,Qom,0.0,0.0,0.0,21.3,9.5,7.8,100000
315.0,6.0,5.0,2.0,41.0,1.0,Tabriz,1.0,1.0,0.0,16.9,7.9,7.0,375177
253.0,5.0,4.0,2.0,19.0,3.0,Shiraz,0.0,0.0,1.0,3.6,5.1,7.1,391909
88.0,2.0,2.0,4.0,15.0,2.0,Mashhad,0.0,0.0,1.0,9.3,4.5,8.1,100000
,3.0,2.0,1.0,23.0,3.0,Mashhad,1.0,0.0,1.0,34.8,5.6,9.0,102282
341.0,,5.0,1.0,22.0,3.0,Qom,0.0,0.0,1.0,34.9,7.2,9.1,290314
119.0,2.0,3.0,4.0,38.0,3.0,Shiraz,0.0,0.0,0.0,3.3,5.1,7.1,111003
160.0,4.0,4.0,1.0,34.0,0.0,Shiraz,1.0,0.0,1.0,29.0,,9.9,223512
,4.0,5.0,3.0,22.0,3.0,Mashhad,0.0,0.0,1.0,27.3,3.2,9.1,423024
163.0,3.0,4.0,4.0,11.0,2.0,Tehran,0.0,1.0,1.0,16.4,7.7,5.0,354385
125.0,1.0,1.0,3.0,0.0,2.0,Isfahan,0.0,0.0,1.0,12.0,1.9,8.8,229364
57.0,1.0,1.0,3.0,12.0,3.0,Tehran,1.0,0.0,1.0,28.3,6.0,4.3,100000
138.0,2.0,2.0,2.0,38.0,0.0,Mashhad,0.0,0.0,1.0,28.0,3.7,7.0,100000
174.0,2.0,1.0,4.0,40.0,1.0,Karaj,0.0,0.0,1.0,,7.2,4.2,100000
417.0,7.0,5.0,4.0,24.0,2.0,Rasht,0.0,0.0,1.0,19.0,5.2,4.4,431797
305.0,7.0,5.0,3.0,45.0,0.0,Mashhad,1.0,0.0,1.0,1.3,6.5,5.5,476078
,1.0,,3.0,37.0,2.0,Qom,0.0,0.0,0.0,23.5,2.5,9.8,100000
384.0,6.0,5.0,1.0,3.0,0.0,Mashhad,1.0,0.0,1.0,1.4,1.9,5.9,771835
120.0,2.0,1.0,2.0,30.0,1.0,Karaj,1.0,0.0,1.0,27.8,4.8,6.5,100000
68.0,,1.0,1.0,29.0,0.0,Isfahan,1.0,0.0,0.0,33.2,9.8,5.0,100000
78.0,1.0,1.0,4.0,1.0,1.0,Isfahan,,0.0,1.0,13.6,9.3,6.2,100000
242.0,3.0,3.0,4.0,34.0,0.0,Isfahan,1.0,0.0,1.0,4.8,2.9,4.5,363707
298.0,4.0,4.0,3.0,3.0,1.0,Karaj,1.0,0.0,1.0,25.2,7.4,7.2,520645
234.0,3.0,3.0,1.0,45.0,0.0,Isfahan,0.0,0.0,0.0,13.3,6.4,7.8,180658
136.0,3.0,2.0,3.0,9.0,1.0,Mashhad,1.0,1.0,1.0,17.7,9.3,4.1,242268
,1.0,1.0,1.0,7.0,1.0,Isfahan,0.0,1.0,0.0,24.6,2.2,5.7,100000
190.0,3.0,2.0,3.0,36.0,2.0,Tehran,1.0,0.0,0.0,6.5,9.7,7.3,502510
142.0,2.0,2.0,4.0,24.0,2.0,Qom,0.0,0.0,0.0,8.2,3.7,6.0,163115
51.0,2.0,2.0,4.0,11.0,2.0,Rasht,0.0,0.0,0.0,30.5,2.3,6.1,300000
308.0,7.0,5.0,2.0,12.0,1.0,Rasht,1.0,0.0,1.0,20.0,4.8,4.1,469440
131.0,3.0,3.0,2.0,30.0,3.0,Isfahan,1.0,0.0,1.0,27.2,7.4,6.2,100000
161.0,2.0,2.0,4.0,16.0,2.0,Shiraz,0.0,0.0,0.0,25.0,8.8,7.4,131249
401.0,6.0,5.0,2.0,19.0,0.0,Tehran,0.0,0.0,0.0,30.5,5.5,5.9,816737
309.0,5.0,5.0,2.0,11.0,2.0,Isfahan,1.0,0.0,1.0,19.6,6.1,9.2,419156
223.0,5.0,5.0,4.0,37.0,1.0,Mashhad,0.0,1.0,1.0,29.7,9.1,8.8,356521
389.0,7.0,5.0,3.0,31.0,2.0,Shiraz,0.0,0.0,0.0,14.6,9.7,6.8,501490
182.0,4.0,4.0,2.0,34.0,1.0,Karaj,0.0,0.0,1.0,31.8,2.3,9.7,206780
,3.0,3.0,1.0,9.0,2.0,Mashhad,1.0,0.0,1.0,22.6,1.0,4.5,282910
102.0,1.0,1.0,2.0,36.0,0.0,Rasht,0.0,0.0,1.0,,1.5,6.0,100000
102.0,1.0,1.0,4.0,42.0,3.0,Isfahan,0.0,1.0,1.0,32.9,4.3,8.7,100000
380.0,7.0,5.0,4.0,15.0,2.0,Rasht,1.0,0.0,0.0,23.6,3.6,7.3,548240
146.0,3.0,3.0,1.0,3.0,2.0,Shiraz,0.0,0.0,0.0,31.2,5.9,9.3,100000
314.0,6.0,5.0,2.0,32.0,1.0,Shiraz,0.0,0.0,1.0,31.0,8.8,,298303
72.0,1.0,1.0,4.0,31.0,2.0,Tehran,0.0,0.0,0.0,23.4,3.1,8.9,100000
329.0,,5.0,1.0,15.0,0.0,Qom,1.0,0.0,0.0,31.0,2.7,6.2,352415
378.0,7.0,5.0,4.0,4.0,1.0,Mashhad,1.0,0.0,0.0,22.1,3.5,4.7,559392
86.0,2.0,2.0,4.0,26.0,2.0,Qom,1.0,0.0,1.0,4.2,6.4,4.8,100000
381.0,6.0,5.0,2.0,4.0,0.0,Karaj,1.0,0.0,1.0,27.9,1.0,6.5,663709
160.0,3.0,2.0,1.0,27.0,0.0,Shiraz,1.0,0.0,0.0,16.3,9.6,7.0,183187
415.0,7.0,5.0,3.0,13.0,3.0,Tehran,0.0,0.0,1.0,11.1,8.1,9.3,959906
286.0,4.0,4.0,2.0,44.0,2.0,Karaj,0.0,0.0,0.0,3.9,8.5,4.2,390099
351.0,7.0,5.0,1.0,,3.0,Isfahan,0.0,0.0,1.0,31.1,3.5,9.5,573762
298.0,4.0,4.0,1.0,31.0,2.0,Karaj,0.0,0.0,0.0,15.8,5.9,8.7,329305
347.0,7.0,5.0,1.0,42.0,1.0,Shiraz,1.0,0.0,0.0,13.0,7.4,5.6,498075
314.0,7.0,5.0,4.0,8.0,0.0,Karaj,0.0,0.0,1.0,25.6,9.8,5.0,408092
256.0,4.0,4.0,4.0,21.0,0.0,Mashhad,0.0,0.0,0.0,9.6,8.2,6.8,377182
106.0,,3.0,4.0,4.0,2.0,Qom,1.0,1.0,0.0,,1.1,6.3,293641
172.0,4.0,4.0,4.0,37.0,3.0,Tehran,0.0,0.0,0.0,30.7,9.2,7.7,220788
201.0,3.0,3.0,4.0,33.0,0.0,Tabriz,1.0,0.0,1.0,1.4,1.0,8.0,344337
124.0,3.0,3.0,3.0,9.0,2.0,Karaj,1.0,0.0,1.0,5.3,8.6,8.5,364687
152.0,2.0,1.0,3.0,18.0,1.0,Mashhad,1.0,0.0,1.0,21.4,2.9,8.0,124960
151.0,3.0,4.0,3.0,33.0,0.0,,0.0,0.0,0.0,10.0,6.7,5.9,220175
189.0,3.0,3.0,2.0,21.0,2.0,Mashhad,0.0,0.0,1.0,10.3,5.5,4.1,378299
285.0,5.0,5.0,4.0,27.0,2.0,Mashhad,1.0,,1.0,8.2,9.1,7.8,497112
385.0,6.0,5.0,3.0,12.0,2.0,Isfahan,0.0,1.0,1.0,27.0,5.4,4.9,597871
170.0,2.0,2.0,1.0,2.0,1.0,Tehran,1.0,0.0,0.0,18.4,6.0,5.6,413565
132.0,2.0,2.0,3.0,2.0,0.0,Tabriz,1.0,0.0,0.0,17.8,1.3,6.3,203427
115.0,3.0,3.0,4.0,29.0,1.0,Karaj,0.0,0.0,0.0,27.3,5.3,9.2,100000
257.0,5.0,5.0,1.0,42.0,2.0,Rasht,1.0,1.0,0.0,30.4,1.1,9.5,295294
119.0,1.0,2.0,3.0,31.0,1.0,Karaj,1.0,0.0,0.0,31.6,9.7,6.4,100000
343.0,5.0,5.0,4.0,25.0,3.0,Tabriz,0.0,0.0,0.0,26.9,6.8,4.5,336568
50.0,1.0,1.0,1.0,14.0,2.0,Mashhad,1.0,0.0,0.0,29.6,1.9,6.0,100000
323.0,6.0,5.0,1.0,19.0,1.0,Rasht,1.0,0.0,0.0,3.7,2.7,5.0,477953
382.0,6.0,5.0,3.0,17.0,0.0,Tehran,0.0,0.0,0.0,29.4,8.7,9.5,2162610
207.0,5.0,5.0,4.0,26.0,1.0,Rasht,1.0,0.0,0.0,30.5,2.2,9.6,316372
365.0,6.0,5.0,1.0,31.0,0.0,Isfahan,1.0,1.0,0.0,27.1,1.9,7.8,453627
55.0,2.0,2.0,2.0,44.0,1.0,Shiraz,0.0,0.0,,12.1,10.0,6.2,100000
78.0,1.0,1.0,1.0,30.0,0.0,Karaj,0.0,0.0,0.0,29.2,8.9,5.1,100000
91.0,2.0,2.0,1.0,9.0,1.0,Mashhad,0.0,0.0,1.0,18.1,2.2,5.5,163648
239.0,3.0,2.0,1.0,19.0,,Tehran,1.0,0.0,0.0,28.5,8.0,9.4,525646
78.0,2.0,1.0,2.0,14.0,3.0,Mashhad,1.0,0.0,,27.4,8.0,7.6,100000
302.0,5.0,5.0,1.0,38.0,3.0,Tabriz,0.0,0.0,0.0,26.8,3.5,4.9,169419
58.0,2.0,3.0,2.0,4.0,2.0,Tabriz,0.0,0.0,,9.7,3.5,6.7,190891
158.0,3.0,3.0,1.0,16.0,1.0,Qom,0.0,0.0,1.0,3.9,5.2,,340576
,7.0,5.0,3.0,23.0,3.0,Karaj,1.0,0.0,1.0,,6.5,7.2,449887
352.0,5.0,4.0,1.0,27.0,2.0,Shiraz,0.0,0.0,0.0,10.9,1.3,6.5,464459
413.0,7.0,5.0,4.0,7.0,3.0,Rasht,0.0,0.0,1.0,15.3,8.8,4.4,487603
411.0,6.0,5.0,4.0,31.0,0.0,Rasht,1.0,0.0,1.0,18.0,3.2,8.9,507641
274.0,5.0,4.0,4.0,40.0,1.0,Tehran,0.0,,1.0,24.8,2.6,6.8,491234
130.0,3.0,3.0,1.0,35.0,3.0,Mashhad,,0.0,0.0,29.9,2.9,9.0,100000
182.0,2.0,1.0,1.0,,2.0,Isfahan,0.0,0.0,0.0,2.4,6.2,8.6,254253
246.0,3.0,3.0,2.0,0.0,3.0,Tabriz,0.0,0.0,0.0,23.9,9.7,5.3,123680
94.0,3.0,3.0,1.0,22.0,1.0,Isfahan,0.0,0.0,0.0,23.5,3.2,9.2,100000
258.0,5.0,5.0,4.0,7.0,1.0,Isfahan,,0.0,1.0,28.9,6.0,8.4,342722
73.0,2.0,3.0,4.0,21.0,2.0,Rasht,1.0,0.0,1.0,24.6,4.5,4.5,100000
129.0,2.0,2.0,3.0,22.0,2.0,Shiraz,0.0,0.0,0.0,21.9,,7.8,143480
144.0,4.0,5.0,4.0,14.0,0.0,Qom,0.0,0.0,1.0,4.9,1.9,6.9,276191
376.0,7.0,5.0,4.0,16.0,1.0,Mashhad,0.0,0.0,1.0,8.5,3.0,4.5,632451
322.0,7.0,5.0,3.0,40.0,3.0,Qom,0.0,0.0,1.0,15.9,8.2,4.2,234994
87.0,3.0,3.0,2.0,15.0,2.0,Rasht,0.0,0.0,0.0,6.4,8.2,9.8,181759
158.0,3.0,4.0,2.0,23.0,3.0,Mashhad,0.0,0.0,0.0,34.3,7.2,,111674
50.0,1.0,1.0,2.0,42.0,3.0,Isfahan,0.0,0.0,1.0,18.2,9.3,8.8,100000
127.0,3.0,3.0,4.0,27.0,3.0,Karaj,1.0,1.0,0.0,25.0,6.8,4.7,112796
103.0,2.0,2.0,1.0,23.0,3.0,Mashhad,0.0,0.0,0.0,15.9,2.4,5.0,100000
395.0,6.0,5.0,1.0,39.0,2.0,Karaj,0.0,0.0,0.0,9.0,9.5,5.6,530520
161.0,3.0,3.0,4.0,28.0,0.0,Qom,1.0,1.0,0.0,,5.7,7.2,300055
330.0,7.0,5.0,4.0,12.0,0.0,Isfahan,0.0,0.0,0.0,18.7,3.4,6.0,495188
295.0,5.0,4.0,3.0,20.0,2.0,Karaj,0.0,0.0,0.0,31.9,8.9,4.9,264271
181.0,4.0,4.0,3.0,36.0,2.0,Rasht,1.0,0.0,1.0,22.4,1.1,6.0,269085
386.0,7.0,5.0,3.0,,1.0,Shiraz,0.0,0.0,1.0,32.9,2.5,7.4,482480
279.0,6.0,5.0,2.0,33.0,0.0,Karaj,1.0,0.0,1.0,1.8,4.1,9.3,566642
353.0,7.0,,1.0,36.0,0.0,Mashhad,0.0,0.0,0.0,11.6,6.4,8.4,468205
250.0,4.0,4.0,3.0,17.0,3.0,Tabriz,1.0,0.0,0.0,6.7,2.8,7.2,295336
381.0,7.0,5.0,1.0,7.0,2.0,Isfahan,1.0,0.0,0.0,5.0,6.8,7.5,613468
301.0,6.0,5.0,3.0,12.0,0.0,Rasht,1.0,0.0,1.0,26.4,8.5,7.0,403375
352.0,7.0,5.0,2.0,18.0,0.0,Shiraz,0.0,0.0,1.0,26.5,3.4,9.1,455726
189.0,3.0,3.0,2.0,19.0,0.0,Tehran,1.0,0.0,1.0,31.5,7.5,5.6,289040
,7.0,5.0,2.0,2.0,1.0,Tehran,,0.0,0.0,23.2,7.5,5.0,814249
207.0,4.0,3.0,2.0,5.0,1.0,Shiraz,0.0,1.0,0.0,18.9,4.8,9.2,403104
142.0,2.0,1.0,3.0,17.0,1.0,Shiraz,1.0,0.0,1.0,10.7,8.3,7.4,189030
93.0,,1.0,3.0,21.0,0.0,Shiraz,1.0,1.0,0.0,9.1,3.8,4.3,197150
278.0,6.0,5.0,2.0,37.0,0.0,Qom,0.0,0.0,0.0,27.6,2.5,4.3,210787
185.0,4.0,4.0,2.0,6.0,1.0,Tehran,1.0,0.0,1.0,31.5,1.2,7.8,367602
259.0,5.0,5.0,3.0,27.0,1.0,Tehran,0.0,0.0,0.0,34.2,7.9,6.4,332125
353.0,6.0,5.0,2.0,16.0,2.0,Qom,1.0,0.0,0.0,2.3,2.4,5.7,531370
361.0,6.0,5.0,3.0,30.0,1.0,Tehran,0.0,0.0,1.0,19.7,7.4,5.8,759941
55.0,2.0,2.0,4.0,14.0,3.0,Isfahan,0.0,0.0,0.0,4.0,5.1,5.6,161821
81.0,1.0,2.0,2.0,13.0,3.0,Karaj,0.0,0.0,1.0,18.9,6.2,9.9,100000
329.0,7.0,5.0,1.0,7.0,3.0,Karaj,1.0,0.0,1.0,26.3,6.6,5.9,548827
247.0,3.0,4.0,3.0,30.0,1.0,Tabriz,0.0,0.0,0.0,4.4,3.0,5.3,274588
333.0,7.0,5.0,2.0,13.0,1.0,Shiraz,1.0,0.0,0.0,27.0,2.2,9.8,504103
140.0,4.0,5.0,4.0,0.0,2.0,Qom,0.0,0.0,0.0,19.8,2.0,4.1,242656
351.0,6.0,5.0,2.0,10.0,3.0,Tabriz,1.0,0.0,0.0,13.2,8.8,8.6,518034
147.0,4.0,3.0,2.0,29.0,2.0,Rasht,1.0,1.0,1.0,26.6,8.4,7.6,309940
222.0,3.0,4.0,3.0,10.0,3.0,Karaj,0.0,0.0,0.0,5.9,4.3,7.7,1193772
140.0,3.0,4.0,4.0,3.0,0.0,Qom,0.0,1.0,1.0,21.7,4.8,7.9,319480
177.0,2.0,2.0,2.0,37.0,1.0,Karaj,0.0,0.0,0.0,3.8,7.2,7.6,214718
234.0,4.0,5.0,3.0,23.0,0.0,Tehran,1.0,0.0,0.0,4.8,4.9,4.5,486788
63.0,2.0,2.0,4.0,8.0,1.0,Isfahan,0.0,0.0,0.0,18.7,4.5,7.4,100000
207.0,5.0,5.0,2.0,5.0,2.0,Tabriz,0.0,0.0,1.0,18.8,5.6,7.6,287565
,7.0,5.0,4.0,14.0,2.0,Qom,0.0,0.0,0.0,22.1,4.4,8.2,448431
186.0,4.0,4.0,1.0,8.0,1.0,Mashhad,0.0,0.0,0.0,8.2,4.0,7.5,322960
336.0,6.0,5.0,4.0,40.0,1.0,Tehran,1.0,0.0,1.0,21.9,6.9,5.1,601749
148.0,2.0,1.0,2.0,17.0,0.0,Shiraz,0.0,0.0,,25.4,,8.7,100000
137.0,1.0,2.0,1.0,11.0,1.0,Shiraz,0.0,0.0,0.0,14.0,6.2,5.8,150968
258.0,4.0,4.0,1.0,14.0,0.0,Qom,0.0,0.0,1.0,32.0,2.8,9.2,160556
192.0,4.0,5.0,3.0,44.0,2.0,Rasht,0.0,0.0,0.0,17.6,4.7,5.8,302692
368.0,6.0,5.0,3.0,11.0,3.0,Mashhad,0.0,0.0,0.0,28.2,7.6,6.2,480230
196.0,,5.0,1.0,35.0,1.0,Tabriz,0.0,0.0,1.0,19.1,3.3,9.4,250880
373.0,6.0,5.0,2.0,14.0,2.0,Karaj,0.0,0.0,1.0,33.4,7.1,4.2,537808
171.0,3.0,3.0,2.0,22.0,2.0,Karaj,0.0,0.0,,14.6,6.9,9.5,288640
109.0,3.0,2.0,2.0,45.0,0.0,Karaj,1.0,0.0,0.0,27.0,2.4,5.5,400000
,4.0,5.0,4.0,24.0,0.0,Rasht,1.0,0.0,1.0,22.1,2.3,5.6,221444
57.0,1.0,1.0,1.0,45.0,3.0,Tehran,0.0,0.0,1.0,6.6,5.7,5.1,100000
298.0,6.0,5.0,2.0,17.0,1.0,Tabriz,0.0,0.0,1.0,20.3,7.1,8.8,398907
73.0,1.0,2.0,4.0,4.0,0.0,Karaj,1.0,0.0,0.0,23.3,1.2,9.4,169209
86.0,2.0,2.0,4.0,43.0,2.0,Isfahan,0.0,0.0,0.0,,2.6,4.4,100000
307.0,5.0,5.0,4.0,6.0,2.0,Qom,0.0,0.0,1.0,23.2,6.6,6.9,364823
389.0,7.0,5.0,2.0,15.0,1.0,Karaj,0.0,0.0,0.0,18.4,1.8,9.9,707205
275.0,6.0,5.0,4.0,10.0,3.0,Rasht,0.0,0.0,0.0,19.1,2.0,7.1,365417
325.0,6.0,5.0,4.0,0.0,1.0,Rasht,0.0,0.0,1.0,15.7,9.4,,493568
201.0,3.0,3.0,4.0,39.0,2.0,Isfahan,0.0,0.0,0.0,5.7,6.5,9.8,282958
263.0,6.0,5.0,3.0,37.0,3.0,Qom,0.0,0.0,0.0,2.7,3.3,5.5,261568
64.0,1.0,1.0,1.0,26.0,0.0,Qom,0.0,0.0,1.0,13.2,3.1,9.9,100000
53.0,1.0,1.0,1.0,18.0,0.0,Tehran,1.0,0.0,0.0,15.6,7.2,9.5,100000
235.0,4.0,4.0,4.0,40.0,3.0,Tabriz,1.0,0.0,0.0,25.2,3.3,5.8,101546
58.0,1.0,1.0,4.0,43.0,1.0,Karaj,0.0,0.0,0.0,28.3,3.9,5.3,100000
420.0,7.0,5.0,4.0,18.0,1.0,Isfahan,0.0,0.0,1.0,33.3,2.2,4.6,556872
193.0,4.0,3.0,1.0,25.0,0.0,Karaj,1.0,0.0,1.0,34.5,6.7,7.9,142463
74.0,2.0,2.0,2.0,10.0,1.0,Tabriz,0.0,,1.0,24.7,7.5,5.8,141963
215.0,3.0,2.0,2.0,23.0,2.0,Qom,1.0,0.0,0.0,11.2,3.6,5.5,179684
106.0,1.0,1.0,2.0,36.0,2.0,Qom,0.0,0.0,0.0,7.4,5.6,4.9,100000
104.0,2.0,3.0,3.0,11.0,1.0,Rasht,1.0,0.0,0.0,1.6,3.5,8.4,278485
148.0,4.0,4.0,1.0,23.0,3.0,Tehran,0.0,0.0,1.0,3.7,5.8,5.0,461993
207.0,5.0,5.0,3.0,38.0,2.0,Tehran,1.0,0.0,1.0,7.4,8.8,7.9,391975
296.0,5.0,5.0,,14.0,,Tabriz,0.0,0.0,0.0,33.0,2.7,9.7,392265
357.0,5.0,5.0,2.0,6.0,2.0,Qom,0.0,0.0,1.0,33.8,9.5,9.7,358578
263.0,6.0,5.0,3.0,9.0,0.0,Tehran,0.0,0.0,0.0,15.0,8.7,9.7,592393
97.0,3.0,3.0,4.0,24.0,3.0,Shiraz,0.0,0.0,0.0,34.9,2.8,6.5,100000
158.0,2.0,2.0,,39.0,2.0,Tabriz,0.0,0.0,1.0,13.6,6.9,5.5,106468
235.0,3.0,3.0,3.0,12.0,1.0,Tabriz,0.0,0.0,0.0,32.5,3.8,7.9,219897
105.0,3.0,2.0,2.0,37.0,1.0,Qom,0.0,0.0,0.0,,3.5,9.0,104989
126.0,3.0,3.0,1.0,39.0,3.0,Mashhad,1.0,0.0,0.0,8.2,8.2,5.0,220709
367.0,7.0,5.0,4.0,17.0,3.0,Tehran,0.0,0.0,0.0,15.3,8.0,8.3,859244
92.0,1.0,1.0,1.0,11.0,0.0,Tehran,1.0,0.0,1.0,31.7,1.4,5.7,100000
287.0,5.0,5.0,2.0,15.0,0.0,Tehran,1.0,0.0,0.0,23.1,4.4,6.0,624975
282.0,5.0,5.0,1.0,39.0,3.0,Shiraz,1.0,1.0,1.0,0.7,6.7,6.2,525443
85.0,2.0,1.0,4.0,11.0,2.0,Shiraz,1.0,0.0,0.0,32.3,8.0,8.7,100000
67.0,2.0,2.0,1.0,38.0,0.0,Tehran,1.0,0.0,1.0,31.5,3.5,8.9,100000
157.0,2.0,3.0,3.0,0.0,0.0,Qom,0.0,0.0,1.0,19.2,4.4,9.0,132131
45.0,2.0,1.0,2.0,44.0,1.0,Qom,0.0,1.0,0.0,2.4,,6.8,100000
64.0,1.0,2.0,4.0,23.0,0.0,Isfahan,1.0,0.0,0.0,13.9,9.8,4.7,100000
241.0,4.0,3.0,1.0,14.0,3.0,Shiraz,0.0,0.0,0.0,29.1,3.9,8.8,266025
320.0,6.0,5.0,4.0,34.0,3.0,Tehran,0.0,0.0,1.0,31.5,8.4,4.9,651107
107.0,3.0,2.0,3.0,26.0,1.0,Qom,0.0,0.0,1.0,24.7,3.5,4.3,100000
92.0,3.0,4.0,3.0,28.0,0.0,Isfahan,1.0,0.0,1.0,14.0,2.7,5.0,141212
417.0,7.0,5.0,1.0,28.0,1.0,Tehran,0.0,0.0,0.0,7.0,7.1,8.6,926716
401.0,7.0,5.0,3.0,26.0,0.0,Mashhad,,0.0,0.0,5.7,4.2,5.6,651897
309.0,5.0,4.0,4.0,33.0,0.0,Mashhad,0.0,0.0,0.0,28.1,4.2,7.9,349479
357.0,5.0,5.0,3.0,45.0,3.0,Shiraz,0.0,1.0,0.0,6.9,4.7,6.2,497293
138.0,4.0,4.0,4.0,4.0,2.0,Mashhad,1.0,0.0,,34.7,8.9,8.4,152735
237.0,3.0,4.0,3.0,26.0,0.0,Qom,0.0,,0.0,25.0,6.6,5.0,100000
247.0,4.0,4.0,1.0,17.0,0.0,Isfahan,0.0,0.0,1.0,5.8,7.5,8.0,318286
127.0,3.0,3.0,1.0,41.0,1.0,Tehran,1.0,0.0,0.0,32.5,4.6,9.6,117184
162.0,4.0,3.0,3.0,10.0,0.0,Tehran,0.0,0.0,0.0,20.1,8.5,6.5,292805
213.0,4.0,4.0,2.0,25.0,2.0,Isfahan,0.0,0.0,0.0,4.7,4.0,4.8,271280
56.0,1.0,2.0,4.0,39.0,3.0,Tabriz,0.0,1.0,0.0,28.0,9.5,8.1,100000
59.0,2.0,3.0,3.0,34.0,2.0,Mashhad,1.0,0.0,0.0,34.9,1.2,5.3,100000
320.0,5.0,,3.0,44.0,3.0,Tehran,0.0,0.0,0.0,4.4,9.0,8.4,656379
319.0,6.0,5.0,2.0,30.0,0.0,,0.0,0.0,1.0,18.2,6.6,5.1,331956
70.0,1.0,1.0,2.0,8.0,2.0,Karaj,1.0,0.0,0.0,6.7,3.6,5.1,171480
280.0,4.0,4.0,4.0,9.0,0.0,Rasht,0.0,0.0,0.0,27.8,6.2,5.3,192324
365.0,7.0,5.0,1.0,35.0,0.0,Qom,0.0,0.0,0.0,24.3,8.0,7.0,284672
164.0,4.0,4.0,2.0,45.0,1.0,Tabriz,0.0,0.0,0.0,27.3,2.9,6.1,100000
199.0,4.0,5.0,3.0,,0.0,Shiraz,0.0,0.0,1.0,14.7,8.1,8.2,840684
47.0,1.0,1.0,2.0,40.0,3.0,Rasht,0.0,0.0,1.0,13.7,9.0,7.1,100000
203.0,4.0,4.0,3.0,34.0,3.0,Tehran,1.0,0.0,0.0,7.4,3.7,,598784
159.0,3.0,4.0,2.0,21.0,3.0,Shiraz,0.0,0.0,1.0,22.3,7.9,9.0,141497
153.0,4.0,3.0,,42.0,0.0,Rasht,1.0,0.0,0.0,1.6,5.1,8.9,206223
198.0,4.0,4.0,3.0,6.0,1.0,Tehran,0.0,0.0,0.0,13.6,7.9,6.2,449412
247.0,5.0,,4.0,9.0,3.0,Tabriz,0.0,0.0,1.0,9.8,8.4,9.8,402106
347.0,5.0,5.0,3.0,42.0,3.0,Qom,1.0,0.0,0.0,23.5,5.5,9.7,332643
,3.0,3.0,4.0,25.0,2.0,Rasht,0.0,1.0,1.0,34.0,4.9,9.0,239846
117.0,1.0,1.0,1.0,17.0,0.0,Karaj,0.0,0.0,1.0,32.1,4.7,4.5,100000
269.0,6.0,5.0,4.0,22.0,1.0,Karaj,0.0,0.0,0.0,15.6,6.5,7.8,501839
362.0,7.0,5.0,4.0,39.0,1.0,Rasht,1.0,0.0,1.0,5.5,2.0,9.6,580891
361.0,6.0,5.0,3.0,4.0,3.0,Isfahan,0.0,0.0,1.0,17.6,9.8,6.1,466298
255.0,5.0,5.0,1.0,6.0,0.0,Tabriz,,0.0,0.0,8.8,9.0,7.4,425207
149.0,4.0,5.0,4.0,16.0,1.0,Karaj,0.0,0.0,1.0,25.0,6.6,9.9,306001
147.0,3.0,2.0,3.0,20.0,1.0,Karaj,0.0,0.0,1.0,8.7,9.5,8.9,216687
,4.0,4.0,3.0,30.0,0.0,Qom,0.0,0.0,0.0,27.0,4.0,9.0,102492
265.0,6.0,5.0,3.0,45.0,2.0,Karaj,0.0,0.0,1.0,11.6,1.8,6.2,344387
97.0,2.0,2.0,1.0,34.0,2.0,Karaj,1.0,0.0,1.0,7.3,3.2,9.4,239173
97.0,3.0,2.0,1.0,6.0,2.0,Qom,1.0,0.0,1.0,28.5,8.1,7.9,129252
108.0,1.0,1.0,4.0,1.0,0.0,Rasht,0.0,0.0,1.0,3.9,6.2,5.4,110334
81.0,1.0,1.0,4.0,45.0,3.0,Mashhad,1.0,0.0,1.0,19.9,5.9,4.9,100000
336.0,7.0,5.0,3.0,26.0,3.0,Rasht,0.0,0.0,0.0,7.5,3.1,8.4,577780
381.0,6.0,5.0,2.0,30.0,0.0,Karaj,0.0,0.0,0.0,33.3,6.9,4.0,417116
347.0,5.0,4.0,4.0,9.0,0.0,Isfahan,1.0,0.0,0.0,5.6,3.0,10.0,700102
143.0,4.0,4.0,1.0,44.0,0.0,Mashhad,0.0,0.0,0.0,32.4,7.3,7.9,100000
93.0,3.0,3.0,4.0,42.0,3.0,Isfahan,1.0,0.0,0.0,31.6,2.7,9.3,161568
255.0,5.0,5.0,1.0,5.0,2.0,Tabriz,0.0,0.0,0.0,17.8,2.9,6.8,482406
185.0,2.0,2.0,1.0,14.0,1.0,Qom,0.0,0.0,1.0,15.0,3.1,5.9,158958
271.0,6.0,5.0,3.0,3.0,3.0,Rasht,0.0,0.0,0.0,21.6,9.3,7.8,395099
135.0,1.0,1.0,4.0,42.0,2.0,Shiraz,1.0,0.0,1.0,32.8,4.0,8.1,100000
418.0,7.0,5.0,2.0,35.0,0.0,Qom,1.0,0.0,1.0,25.2,2.4,9.5,438266
53.0,1.0,1.0,1.0,9.0,0.0,Tabriz,0.0,1.0,1.0,28.8,2.8,9.9,100000
298.0,4.0,3.0,3.0,36.0,3.0,Tehran,0.0,0.0,1.0,4.1,9.2,6.4,648767
368.0,7.0,5.0,3.0,21.0,1.0,Rasht,0.0,0.0,1.0,32.6,5.0,9.6,547389
95.0,1.0,1.0,4.0,21.0,3.0,Tabriz,0.0,0.0,1.0,1.0,5.9,7.6,110177
276.0,,4.0,1.0,20.0,2.0,Qom,1.0,0.0,1.0,22.3,4.2,8.2,269748
131.0,3.0,4.0,3.0,14.0,0.0,Isfahan,0.0,0.0,0.0,12.9,1.3,5.2,247180
120.0,3.0,3.0,1.0,42.0,3.0,Rasht,0.0,1.0,1.0,29.0,2.5,4.5,114531
165.0,4.0,4.0,2.0,29.0,3.0,Tabriz,0.0,0.0,1.0,13.8,8.8,8.4,100000
115.0,3.0,2.0,3.0,19.0,1.0,Qom,1.0,1.0,0.0,10.3,4.4,6.2,306170
135.0,3.0,,1.0,38.0,3.0,Tehran,0.0,0.0,0.0,12.8,4.3,8.4,261864
82.0,1.0,1.0,2.0,0.0,2.0,Isfahan,1.0,0.0,1.0,12.1,8.9,7.7,136948
350.0,7.0,5.0,2.0,10.0,3.0,Karaj,0.0,1.0,0.0,0.7,2.2,6.2,801010
51.0,2.0,2.0,1.0,10.0,2.0,Tehran,0.0,0.0,0.0,23.5,3.0,8.8,100000
406.0,7.0,5.0,4.0,22.0,1.0,Tehran,0.0,0.0,0.0,18.3,6.4,4.6,799555
392.0,7.0,,2.0,33.0,3.0,Tabriz,0.0,,1.0,25.1,9.1,8.9,360062
343.0,5.0,5.0,3.0,11.0,3.0,Karaj,0.0,0.0,0.0,28.0,4.8,7.7,443457
45.0,1.0,2.0,1.0,3.0,3.0,Tabriz,0.0,0.0,1.0,33.2,1.9,7.7,100000
80.0,2.0,2.0,3.0,16.0,1.0,Rasht,0.0,1.0,1.0,31.2,5.0,8.8,100000
353.0,5.0,5.0,1.0,38.0,1.0,Qom,1.0,0.0,0.0,21.0,5.6,7.4,335193
343.0,7.0,5.0,1.0,,0.0,Isfahan,0.0,0.0,0.0,16.8,,7.6,530172
289.0,4.0,3.0,2.0,23.0,2.0,Tehran,0.0,0.0,0.0,31.6,8.9,9.3,461775
124.0,1.0,1.0,1.0,37.0,1.0,Tabriz,0.0,0.0,1.0,19.4,2.4,5.2,100000
145.0,3.0,3.0,2.0,3.0,2.0,Shiraz,1.0,0.0,0.0,19.1,7.7,4.2,199132
187.0,2.0,2.0,3.0,26.0,2.0,Tehran,0.0,0.0,0.0,28.8,1.4,9.6,337136
396.0,7.0,5.0,1.0,17.0,2.0,Shiraz,1.0,0.0,1.0,12.0,7.9,9.2,601184
258.0,5.0,5.0,2.0,28.0,1.0,Rasht,0.0,1.0,0.0,29.2,2.9,8.2,319628
355.0,6.0,5.0,1.0,38.0,2.0,,1.0,0.0,1.0,24.2,5.2,5.2,459573
372.0,7.0,5.0,4.0,18.0,2.0,Isfahan,0.0,0.0,1.0,23.8,3.8,4.5,457508
143.0,4.0,4.0,1.0,10.0,3.0,Tabriz,0.0,0.0,1.0,24.6,4.7,7.1,252436
416.0,7.0,5.0,4.0,15.0,1.0,,1.0,0.0,0.0,26.2,5.8,5.0,530170
94.0,1.0,2.0,3.0,4.0,2.0,Qom,0.0,1.0,0.0,5.5,9.8,8.4,290898
382.0,6.0,5.0,,42.0,3.0,Isfahan,0.0,0.0,0.0,15.5,7.6,5.5,437138
190.0,2.0,2.0,3.0,44.0,3.0,Rasht,0.0,0.0,1.0,20.4,4.9,4.2,140536
331.0,6.0,5.0,2.0,42.0,0.0,Shiraz,0.0,0.0,0.0,30.2,9.1,5.5,300312
401.0,6.0,5.0,3.0,43.0,2.0,Shiraz,0.0,0.0,1.0,27.9,4.1,5.7,410659
232.0,5.0,5.0,4.0,31.0,3.0,Isfahan,0.0,0.0,0.0,8.6,5.6,9.8,349991
233.0,5.0,5.0,4.0,21.0,3.0,Qom,0.0,1.0,0.0,15.8,8.2,4.4,213704
159.0,3.0,2.0,1.0,14.0,0.0,Tehran,0.0,0.0,0.0,,3.4,4.2,284302
101.0,1.0,1.0,2.0,15.0,2.0,Shiraz,1.0,0.0,0.0,27.3,7.5,8.6,100000
250.0,5.0,5.0,1.0,15.0,1.0,Tehran,1.0,0.0,1.0,34.3,6.3,8.0,486349
235.0,3.0,2.0,2.0,20.0,3.0,Karaj,1.0,0.0,0.0,29.4,2.6,7.3,230319
342.0,7.0,5.0,1.0,41.0,3.0,Rasht,0.0,0.0,0.0,30.2,5.3,7.2,301326
407.0,7.0,5.0,1.0,41.0,2.0,Shiraz,1.0,0.0,0.0,13.9,4.5,6.3,507739
82.0,1.0,1.0,4.0,18.0,3.0,Karaj,0.0,0.0,1.0,14.1,7.6,,129289
275.0,5.0,5.0,3.0,21.0,3.0,Qom,0.0,0.0,0.0,33.3,2.9,7.7,269238
322.0,5.0,4.0,1.0,23.0,0.0,Mashhad,0.0,0.0,0.0,11.6,2.5,5.9,455071
66.0,1.0,2.0,2.0,44.0,3.0,Tabriz,1.0,0.0,,6.0,4.8,,100000
273.0,4.0,4.0,1.0,29.0,3.0,Mashhad,0.0,0.0,1.0,28.6,7.6,9.5,313493
284.0,6.0,5.0,1.0,37.0,2.0,Tehran,0.0,0.0,0.0,7.8,8.5,6.1,623986
59.0,1.0,1.0,2.0,37.0,0.0,Tehran,0.0,0.0,0.0,16.9,4.5,8.6,100000
317.0,7.0,5.0,4.0,21.0,3.0,Qom,0.0,0.0,0.0,15.4,6.9,6.1,426285
302.0,4.0,3.0,2.0,17.0,2.0,Rasht,0.0,0.0,0.0,,7.9,10.0,468604
325.0,6.0,5.0,4.0,21.0,2.0,Isfahan,0.0,1.0,1.0,24.9,7.8,6.6,394115
351.0,5.0,5.0,2.0,22.0,1.0,Karaj,0.0,1.0,1.0,15.6,9.7,4.9,607146
352.0,7.0,5.0,4.0,1.0,3.0,Karaj,1.0,0.0,0.0,18.8,,4.4,609708
67.0,1.0,1.0,1.0,40.0,0.0,Isfahan,0.0,0.0,0.0,28.3,6.1,8.4,100000
149.0,4.0,5.0,1.0,25.0,3.0,Isfahan,0.0,0.0,1.0,34.6,5.3,4.1,169771
397.0,6.0,5.0,4.0,38.0,3.0,Tabriz,1.0,0.0,0.0,26.4,7.8,8.7,357056
348.0,6.0,5.0,3.0,36.0,3.0,Qom,0.0,0.0,0.0,32.7,2.6,8.8,262394
251.0,5.0,4.0,3.0,5.0,0.0,Rasht,1.0,,0.0,20.0,5.4,6.2,370317
46.0,2.0,2.0,4.0,4.0,2.0,Rasht,0.0,0.0,1.0,31.0,8.2,,100000
250.0,4.0,5.0,3.0,2.0,1.0,Tehran,0.0,0.0,0.0,28.4,7.6,5.2,540440
265.0,5.0,5.0,3.0,7.0,1.0,Shiraz,1.0,0.0,0.0,17.8,3.5,7.5,410460
385.0,7.0,5.0,2.0,17.0,1.0,Tabriz,0.0,0.0,0.0,18.0,8.6,5.3,393184
294.0,4.0,4.0,4.0,1.0,3.0,Tabriz,0.0,0.0,1.0,25.1,5.5,5.2,375452
394.0,7.0,5.0,4.0,40.0,2.0,Qom,1.0,0.0,1.0,2.9,5.2,7.4,515755
292.0,4.0,3.0,1.0,25.0,1.0,Karaj,0.0,0.0,0.0,18.5,7.9,4.6,310052
381.0,7.0,5.0,3.0,21.0,1.0,Tehran,1.0,0.0,0.0,30.0,1.1,4.5,727466
285.0,4.0,3.0,2.0,29.0,0.0,Tehran,0.0,0.0,1.0,14.6,9.0,9.0,536172
244.0,4.0,3.0,4.0,9.0,3.0,Rasht,0.0,1.0,0.0,29.1,1.7,8.2,360173
356.0,6.0,5.0,2.0,28.0,0.0,Shiraz,0.0,0.0,1.0,18.8,1.0,8.6,510742
212.0,3.0,3.0,3.0,33.0,3.0,Shiraz,0.0,0.0,0.0,27.7,6.4,9.7,174914
129.0,3.0,3.0,4.0,12.0,1.0,Mashhad,1.0,0.0,1.0,29.9,8.7,4.0,100000
378.0,7.0,5.0,1.0,6.0,3.0,Tabriz,1.0,0.0,0.0,29.1,7.6,7.0,525939
216.0,4.0,4.0,2.0,8.0,1.0,Tabriz,1.0,0.0,1.0,28.9,5.2,7.3,256397
271.0,4.0,4.0,1.0,44.0,1.0,Mashhad,1.0,0.0,0.0,4.0,5.8,6.0,439779
79.0,1.0,2.0,1.0,29.0,2.0,Qom,1.0,0.0,1.0,16.4,1.3,6.6,100000
387.0,7.0,5.0,3.0,4.0,1.0,Isfahan,1.0,0.0,1.0,28.6,7.2,4.7,627849
174.0,3.0,4.0,4.0,1.0,0.0,Rasht,1.0,0.0,0.0,7.2,4.4,9.3,348405
169.0,4.0,5.0,4.0,14.0,,Karaj,1.0,1.0,0.0,6.7,8.2,7.3,417363
375.0,7.0,5.0,4.0,33.0,1.0,Shiraz,0.0,0.0,1.0,8.1,4.0,4.6,507719
170.0,3.0,3.0,4.0,39.0,3.0,Tehran,0.0,0.0,0.0,14.9,3.9,7.4,278285
123.0,1.0,2.0,1.0,7.0,2.0,Karaj,0.0,0.0,1.0,21.4,9.0,10.0,162506
51.0,1.0,1.0,1.0,30.0,1.0,Tehran,0.0,0.0,1.0,11.9,5.5,9.4,100000
161.0,3.0,3.0,1.0,22.0,3.0,Karaj,0.0,1.0,0.0,13.1,7.6,6.2,299102
318.0,7.0,5.0,1.0,17.0,3.0,Rasht,0.0,0.0,,9.8,3.5,6.6,489482
249.0,6.0,5.0,1.0,20.0,2.0,Isfahan,0.0,0.0,0.0,15.7,1.8,9.9,447139
385.0,6.0,5.0,1.0,16.0,2.0,Shiraz,0.0,0.0,1.0,24.8,7.3,4.9,531245
119.0,1.0,1.0,2.0,33.0,3.0,Karaj,1.0,0.0,1.0,32.1,9.7,9.0,100000
182.0,4.0,5.0,3.0,40.0,,Rasht,0.0,1.0,0.0,20.2,9.3,7.9,188875
286.0,4.0,4.0,2.0,37.0,2.0,Karaj,0.0,0.0,1.0,27.0,3.8,4.5,311470
79.0,1.0,1.0,1.0,4.0,0.0,Karaj,1.0,0.0,1.0,23.2,5.3,9.2,100000
198.0,5.0,,2.0,15.0,2.0,Qom,0.0,0.0,1.0,23.8,8.1,5.2,143559
257.0,4.0,4.0,4.0,43.0,0.0,Tehran,0.0,0.0,0.0,19.0,3.7,6.3,494628
137.0,3.0,3.0,1.0,37.0,0.0,Qom,0.0,0.0,0.0,1.2,4.9,6.6,100000
111.0,2.0,2.0,3.0,20.0,0.0,Isfahan,0.0,0.0,1.0,33.1,,7.0,100000
88.0,3.0,2.0,1.0,10.0,3.0,Qom,0.0,0.0,0.0,14.0,2.6,4.6,109567
311.0,7.0,5.0,1.0,38.0,2.0,Mashhad,0.0,0.0,0.0,0.5,9.6,5.1,452513
110.0,3.0,2.0,4.0,39.0,1.0,Tehran,1.0,0.0,0.0,31.4,6.2,7.8,109314
50.0,2.0,3.0,3.0,13.0,1.0,Rasht,1.0,0.0,0.0,20.4,7.3,5.0,100000
314.0,6.0,5.0,1.0,28.0,2.0,Karaj,1.0,0.0,1.0,22.6,8.0,6.6,501185
397.0,6.0,5.0,2.0,18.0,0.0,Rasht,1.0,0.0,1.0,25.8,1.4,4.4,422926
197.0,5.0,5.0,4.0,13.0,3.0,Shiraz,0.0,0.0,1.0,9.0,9.1,6.2,364678
100.0,1.0,2.0,4.0,6.0,1.0,Tehran,1.0,0.0,0.0,0.7,8.5,5.8,317476
350.0,6.0,5.0,4.0,39.0,3.0,Qom,0.0,0.0,1.0,20.4,3.6,7.5,408923
305.0,6.0,5.0,3.0,17.0,1.0,Tehran,0.0,0.0,1.0,17.7,8.1,6.1,649636
66.0,1.0,1.0,3.0,15.0,3.0,Rasht,0.0,0.0,0.0,10.4,9.5,4.4,100000
141.0,2.0,3.0,2.0,22.0,1.0,Shiraz,1.0,0.0,0.0,19.2,6.0,5.7,252367
259.0,4.0,3.0,3.0,26.0,0.0,Mashhad,0.0,0.0,0.0,27.3,5.1,8.4,342343
208.0,3.0,3.0,1.0,10.0,3.0,Shiraz,0.0,0.0,1.0,14.4,9.2,6.3,277390
375.0,7.0,5.0,2.0,38.0,0.0,Rasht,0.0,0.0,1.0,29.5,7.4,9.7,371061
217.0,4.0,3.0,3.0,18.0,1.0,Mashhad,1.0,1.0,0.0,4.7,4.2,6.2,447665
340.0,7.0,5.0,2.0,19.0,3.0,Qom,0.0,0.0,0.0,12.0,3.3,5.4,470849
80.0,1.0,1.0,3.0,15.0,3.0,Tabriz,0.0,0.0,1.0,11.2,9.1,6.9,100000
245.0,3.0,3.0,1.0,18.0,3.0,Rasht,0.0,0.0,0.0,26.9,2.0,5.2,173066
117.0,1.0,1.0,2.0,24.0,0.0,Rasht,0.0,0.0,1.0,25.1,5.3,7.8,100000
352.0,6.0,5.0,2.0,38.0,3.0,,1.0,0.0,1.0,21.5,5.1,5.6,1160772
262.0,4.0,4.0,4.0,19.0,1.0,Mashhad,0.0,0.0,0.0,4.9,4.4,9.9,506529
96.0,3.0,3.0,4.0,40.0,1.0,Qom,0.0,0.0,1.0,29.9,3.0,4.8,100000
207.0,4.0,3.0,3.0,43.0,1.0,Rasht,0.0,0.0,1.0,16.7,8.6,5.3,134269
305.0,6.0,5.0,4.0,25.0,0.0,Mashhad,0.0,0.0,1.0,23.3,4.9,9.4,449707
381.0,7.0,5.0,2.0,4.0,2.0,Isfahan,0.0,0.0,0.0,10.4,,5.2,646458
325.0,6.0,5.0,3.0,36.0,1.0,Rasht,0.0,0.0,,0.6,8.2,5.2,455208
408.0,7.0,5.0,2.0,6.0,1.0,Tehran,1.0,0.0,0.0,32.5,5.1,5.6,859672
280.0,4.0,3.0,1.0,14.0,1.0,Rasht,1.0,0.0,1.0,33.8,4.7,4.0,109572
219.0,5.0,5.0,1.0,27.0,0.0,Karaj,0.0,1.0,1.0,3.7,,4.1,357130
248.0,5.0,5.0,4.0,7.0,0.0,Isfahan,,0.0,0.0,28.0,7.0,7.3,355537
223.0,3.0,2.0,4.0,,1.0,Qom,0.0,0.0,0.0,17.2,4.9,7.5,272226
46.0,2.0,2.0,3.0,23.0,2.0,Shiraz,0.0,0.0,0.0,2.5,6.4,9.8,157243
93.0,2.0,3.0,3.0,43.0,0.0,Karaj,0.0,0.0,0.0,30.9,2.0,6.9,100000
270.0,4.0,3.0,3.0,44.0,2.0,Tehran,0.0,0.0,1.0,11.4,5.6,7.2,430005
69.0,1.0,1.0,3.0,29.0,2.0,Qom,1.0,,1.0,17.4,9.7,9.5,100000
419.0,7.0,5.0,3.0,23.0,0.0,Qom,0.0,0.0,0.0,18.8,9.3,8.1,544507
330.0,7.0,5.0,1.0,19.0,0.0,Karaj,1.0,0.0,1.0,31.3,7.4,8.8,540476
217.0,4.0,3.0,1.0,4.0,0.0,Rasht,0.0,0.0,1.0,13.3,3.2,8.7,408597
78.0,2.0,1.0,2.0,1.0,3.0,Tehran,0.0,,0.0,13.1,8.7,6.5,128735
262.0,5.0,5.0,3.0,41.0,1.0,Qom,1.0,0.0,1.0,19.6,9.9,,187105
273.0,6.0,5.0,4.0,4.0,1.0,Tabriz,0.0,0.0,1.0,15.4,3.4,8.7,388497
406.0,7.0,5.0,4.0,37.0,3.0,Mashhad,0.0,0.0,1.0,21.9,3.2,7.8,547275
256.0,6.0,5.0,,19.0,0.0,Qom,1.0,0.0,1.0,8.0,8.9,9.0,339707
96.0,2.0,2.0,2.0,20.0,1.0,Shiraz,0.0,0.0,0.0,25.5,2.7,5.1,100000
201.0,5.0,5.0,3.0,12.0,1.0,Qom,1.0,0.0,0.0,0.6,3.5,9.4,464892
369.0,7.0,5.0,4.0,15.0,1.0,Mashhad,0.0,0.0,1.0,26.2,2.0,8.3,498232
340.0,7.0,5.0,1.0,42.0,3.0,Qom,0.0,0.0,1.0,33.4,9.7,4.7,138286
263.0,4.0,5.0,3.0,26.0,1.0,Tehran,1.0,0.0,0.0,1.2,7.5,5.2,634999
312.0,7.0,5.0,1.0,12.0,3.0,Tehran,0.0,1.0,0.0,34.4,4.2,4.7,689879
48.0,1.0,1.0,1.0,25.0,1.0,Tehran,0.0,0.0,0.0,32.5,8.5,9.0,100000
391.0,6.0,5.0,4.0,38.0,1.0,Qom,1.0,1.0,0.0,24.6,6.3,8.0,449707
280.0,4.0,3.0,1.0,44.0,,Qom,1.0,0.0,1.0,21.0,8.2,5.5,187926
386.0,7.0,5.0,3.0,7.0,3.0,Tabriz,0.0,1.0,1.0,3.7,9.5,,1384620
106.0,3.0,3.0,1.0,33.0,3.0,Mashhad,1.0,0.0,1.0,13.5,3.5,6.9,249294
255.0,6.0,5.0,2.0,45.0,0.0,Shiraz,0.0,1.0,0.0,16.7,3.6,4.9,382762
340.0,6.0,5.0,,10.0,3.0,Qom,0.0,0.0,0.0,2.0,2.5,5.5,581516
158.0,3.0,2.0,2.0,30.0,1.0,Tehran,0.0,0.0,1.0,12.4,2.7,5.0,225199
280.0,5.0,5.0,2.0,4.0,3.0,Tehran,0.0,0.0,0.0,15.7,5.0,6.9,624101
213.0,5.0,5.0,1.0,36.0,1.0,Rasht,0.0,0.0,0.0,33.6,2.9,5.3,105253
,2.0,3.0,4.0,39.0,0.0,Qom,0.0,0.0,0.0,21.3,1.3,4.6,100000
341.0,7.0,5.0,4.0,11.0,0.0,Qom,0.0,0.0,0.0,9.3,3.3,6.3,452385
215.0,3.0,3.0,1.0,41.0,0.0,Qom,1.0,0.0,1.0,9.4,7.8,9.8,192765
260.0,5.0,5.0,1.0,17.0,2.0,Tabriz,1.0,0.0,1.0,27.7,5.7,6.0,281293
149.0,4.0,5.0,2.0,12.0,0.0,Isfahan,1.0,0.0,1.0,0.6,9.5,4.4,318302
388.0,7.0,5.0,2.0,44.0,2.0,Karaj,1.0,0.0,0.0,14.1,2.4,9.1,604696
187.0,2.0,1.0,2.0,43.0,3.0,Isfahan,1.0,0.0,1.0,13.9,6.0,7.2,213071
203.0,3.0,4.0,1.0,16.0,0.0,Shiraz,1.0,0.0,1.0,16.3,8.7,5.6,233763
240.0,3.0,4.0,3.0,31.0,0.0,Rasht,0.0,0.0,,18.7,2.7,6.9,252688
386.0,7.0,5.0,2.0,7.0,2.0,Qom,1.0,0.0,0.0,1.1,1.5,8.9,668176
313.0,6.0,5.0,3.0,3.0,2.0,Mashhad,1.0,0.0,0.0,15.0,,8.6,527961
300.0,6.0,5.0,2.0,10.0,1.0,Shiraz,1.0,0.0,1.0,2.3,9.8,9.6,558162
73.0,2.0,2.0,3.0,15.0,1.0,Isfahan,1.0,1.0,1.0,4.6,8.5,8.7,253182
98.0,2.0,2.0,4.0,42.0,0.0,Karaj,1.0,0.0,0.0,31.0,2.7,7.7,100000
419.0,7.0,5.0,3.0,16.0,2.0,Tehran,1.0,0.0,0.0,5.2,6.5,5.2,1053316
99.0,1.0,2.0,2.0,41.0,1.0,Rasht,1.0,0.0,0.0,28.6,4.6,6.1,100000
289.0,4.0,5.0,2.0,7.0,0.0,Tehran,1.0,0.0,1.0,34.5,9.5,8.6,603339
154.0,2.0,2.0,2.0,19.0,1.0,Shiraz,1.0,0.0,1.0,1.4,5.2,5.3,319159
342.0,7.0,5.0,,22.0,,Tabriz,0.0,0.0,0.0,16.3,5.0,6.1,313541
413.0,7.0,5.0,4.0,5.0,0.0,Isfahan,0.0,0.0,0.0,12.7,2.4,7.7,678491
406.0,7.0,5.0,4.0,23.0,2.0,Shiraz,1.0,0.0,1.0,30.2,1.3,10.0,513771
,7.0,5.0,1.0,34.0,3.0,Mashhad,0.0,0.0,1.0,30.5,9.3,9.3,404830
353.0,6.0,5.0,2.0,42.0,3.0,Qom,0.0,0.0,1.0,30.8,8.2,9.1,233728
313.0,5.0,4.0,3.0,18.0,3.0,Tehran,1.0,0.0,0.0,0.6,9.8,5.1,786268
178.0,3.0,3.0,4.0,36.0,0.0,Isfahan,0.0,0.0,0.0,29.1,3.5,9.7,102510
218.0,5.0,5.0,1.0,33.0,1.0,Qom,1.0,0.0,0.0,31.5,4.7,8.7,206780
80.0,2.0,2.0,2.0,41.0,1.0,,1.0,0.0,0.0,23.0,6.8,5.3,100000
203.0,3.0,3.0,2.0,36.0,1.0,Qom,1.0,0.0,1.0,24.5,1.1,6.0,117779
394.0,7.0,5.0,3.0,22.0,2.0,Qom,1.0,0.0,1.0,29.5,3.6,5.3,402429
105.0,2.0,,2.0,25.0,2.0,Qom,1.0,0.0,1.0,21.0,9.8,5.1,100000
201.0,5.0,5.0,2.0,9.0,1.0,Rasht,0.0,0.0,,10.0,7.3,7.2,292086
146.0,2.0,3.0,1.0,43.0,2.0,Karaj,0.0,0.0,0.0,1.0,7.4,9.1,219064
67.0,2.0,2.0,4.0,33.0,1.0,Qom,0.0,0.0,0.0,19.3,5.0,10.0,100000
208.0,5.0,5.0,3.0,39.0,2.0,Mashhad,0.0,0.0,1.0,28.1,7.1,5.2,239813
68.0,2.0,2.0,1.0,5.0,1.0,Karaj,0.0,0.0,0.0,18.0,2.0,8.2,118733
157.0,3.0,3.0,3.0,38.0,3.0,Qom,0.0,0.0,0.0,3.2,6.8,8.4,250902
186.0,4.0,4.0,4.0,16.0,2.0,Tabriz,0.0,0.0,1.0,15.8,2.7,7.8,243461
323.0,7.0,5.0,4.0,32.0,3.0,Mashhad,0.0,0.0,1.0,29.2,3.6,6.2,468585
91.0,3.0,3.0,4.0,30.0,0.0,Tabriz,0.0,0.0,0.0,13.3,2.0,6.4,118996
212.0,4.0,4.0,4.0,21.0,2.0,Isfahan,0.0,0.0,0.0,28.9,5.5,8.1,176756
118.0,3.0,3.0,,5.0,1.0,Rasht,1.0,0.0,0.0,19.6,,5.5,132906
116.0,1.0,1.0,1.0,44.0,1.0,Tehran,1.0,0.0,0.0,23.1,1.2,8.4,100000
169.0,4.0,4.0,3.0,6.0,1.0,Isfahan,0.0,0.0,0.0,2.9,3.0,4.7,395538
198.0,3.0,2.0,2.0,12.0,2.0,Qom,0.0,1.0,0.0,28.1,2.5,5.7,300807
107.0,2.0,2.0,2.0,17.0,0.0,Isfahan,0.0,0.0,0.0,23.6,1.5,5.2,100000
104.0,2.0,1.0,2.0,19.0,1.0,Qom,1.0,0.0,1.0,32.6,7.4,8.5,100000
141.0,4.0,4.0,4.0,16.0,1.0,Rasht,0.0,0.0,0.0,3.2,1.6,4.3,144627
142.0,4.0,4.0,3.0,29.0,0.0,Mashhad,1.0,0.0,0.0,26.6,3.7,9.7,204020
415.0,7.0,5.0,3.0,9.0,0.0,Isfahan,0.0,0.0,0.0,3.6,9.3,9.9,673379
45.0,2.0,3.0,2.0,23.0,3.0,Rasht,1.0,1.0,0.0,1.4,7.3,6.6,275185
51.0,1.0,1.0,2.0,2.0,2.0,Tabriz,,0.0,0.0,23.3,2.3,4.6,100000
347.0,6.0,5.0,4.0,35.0,3.0,Tehran,0.0,0.0,0.0,10.7,9.6,9.4,688474
372.0,6.0,5.0,,44.0,3.0,Tabriz,0.0,0.0,0.0,5.3,7.6,7.8,470774
294.0,4.0,4.0,4.0,10.0,2.0,Tabriz,0.0,1.0,0.0,20.7,7.1,6.0,369063
175.0,4.0,3.0,2.0,19.0,0.0,Isfahan,0.0,0.0,0.0,31.8,6.3,5.4,100000
171.0,3.0,3.0,1.0,31.0,0.0,Qom,1.0,0.0,0.0,33.5,1.7,8.6,120545
165.0,3.0,2.0,2.0,43.0,1.0,Qom,1.0,1.0,0.0,8.0,7.4,,239269
321.0,5.0,5.0,3.0,18.0,3.0,Qom,0.0,0.0,1.0,19.2,4.4,8.8,367067
180.0,4.0,4.0,4.0,3.0,0.0,Mashhad,0.0,0.0,0.0,23.9,6.1,9.1,302183
100.0,2.0,2.0,,5.0,1.0,Shiraz,0.0,0.0,0.0,8.3,5.2,8.3,123011
405.0,7.0,5.0,2.0,42.0,3.0,Tabriz,0.0,0.0,1.0,30.5,6.7,5.1,328213
308.0,5.0,4.0,4.0,17.0,0.0,Mashhad,0.0,0.0,0.0,2.5,1.6,9.4,576470
392.0,6.0,5.0,2.0,15.0,2.0,Karaj,1.0,0.0,0.0,14.4,2.2,4.8,612090
379.0,6.0,5.0,4.0,45.0,2.0,Mashhad,0.0,0.0,0.0,21.8,7.2,4.0,401401
153.0,4.0,4.0,2.0,3.0,0.0,Qom,1.0,0.0,1.0,31.2,8.1,6.4,289093
301.0,5.0,5.0,1.0,18.0,2.0,Isfahan,0.0,0.0,1.0,12.7,6.6,4.3,490889
83.0,1.0,1.0,1.0,26.0,1.0,Mashhad,1.0,0.0,0.0,14.9,9.3,6.3,100000
239.0,4.0,4.0,3.0,8.0,0.0,Tehran,1.0,0.0,0.0,13.6,8.1,8.3,513191
144.0,3.0,2.0,2.0,4.0,0.0,Qom,1.0,0.0,1.0,20.8,9.9,9.1,100000
129.0,1.0,1.0,3.0,32.0,3.0,Tabriz,0.0,0.0,0.0,24.6,2.8,5.3,100000
323.0,5.0,5.0,3.0,24.0,2.0,Tabriz,0.0,0.0,0.0,1.3,2.0,7.9,502623
299.0,6.0,5.0,2.0,16.0,1.0,Qom,0.0,,0.0,28.1,2.5,6.5,195323
236.0,5.0,5.0,2.0,26.0,3.0,Tehran,1.0,0.0,0.0,27.8,3.6,5.7,525922
46.0,2.0,1.0,2.0,2.0,3.0,Rasht,0.0,0.0,1.0,32.2,1.0,7.3,100000
80.0,1.0,2.0,1.0,43.0,3.0,Shiraz,1.0,0.0,1.0,23.8,5.5,,100000
311.0,5.0,4.0,2.0,23.0,0.0,Rasht,0.0,0.0,0.0,28.9,10.0,6.3,247816
177.0,3.0,3.0,2.0,4.0,1.0,Rasht,0.0,1.0,1.0,18.4,1.7,7.9,263110
214.0,4.0,4.0,2.0,12.0,1.0,Mashhad,0.0,0.0,1.0,15.7,1.5,5.6,357801
95.0,3.0,2.0,3.0,24.0,2.0,Isfahan,1.0,0.0,1.0,15.2,8.0,7.5,175500
139.0,2.0,2.0,1.0,25.0,2.0,Mashhad,0.0,0.0,1.0,34.2,1.0,5.7,100000
408.0,6.0,5.0,4.0,15.0,0.0,Mashhad,0.0,0.0,1.0,30.2,2.3,4.7,566325
60.0,2.0,3.0,3.0,1.0,0.0,Karaj,1.0,,1.0,16.6,9.2,4.0,100000
50.0,2.0,3.0,2.0,31.0,2.0,Karaj,1.0,0.0,0.0,24.5,9.3,5.7,100000
98.0,2.0,2.0,2.0,9.0,2.0,Rasht,1.0,0.0,1.0,29.8,7.1,8.8,100000
381.0,7.0,5.0,,21.0,0.0,Rasht,1.0,0.0,1.0,13.5,2.3,7.6,1049786
392.0,7.0,5.0,4.0,11.0,0.0,Shiraz,1.0,0.0,1.0,9.7,5.5,8.6,656491
135.0,2.0,1.0,3.0,39.0,0.0,Shiraz,0.0,0.0,0.0,15.4,2.5,5.1,100000
353.0,7.0,5.0,4.0,36.0,2.0,Karaj,1.0,0.0,1.0,6.5,8.9,5.5,598372
274.0,5.0,4.0,1.0,31.0,3.0,Karaj,1.0,0.0,0.0,33.8,1.5,9.6,381300
389.0,7.0,5.0,4.0,2.0,0.0,Isfahan,0.0,1.0,1.0,24.3,5.7,9.1,586388
131.0,1.0,1.0,2.0,18.0,3.0,Qom,0.0,0.0,0.0,6.7,5.5,4.6,133415
304.0,7.0,5.0,1.0,3.0,0.0,Mashhad,0.0,0.0,1.0,,1.5,7.6,430227
76.0,1.0,1.0,3.0,36.0,1.0,Tehran,1.0,1.0,0.0,13.8,1.1,4.5,126852
261.0,4.0,3.0,1.0,42.0,2.0,Qom,0.0,0.0,1.0,20.8,8.7,7.5,128501
119.0,2.0,2.0,2.0,8.0,0.0,Qom,1.0,0.0,0.0,0.8,7.4,4.7,159109
366.0,7.0,5.0,2.0,22.0,3.0,Tabriz,0.0,0.0,1.0,0.6,6.8,9.5,597980
139.0,3.0,3.0,1.0,3.0,2.0,Qom,1.0,0.0,1.0,28.3,1.9,8.9,210979
123.0,1.0,2.0,4.0,34.0,0.0,Qom,1.0,0.0,1.0,33.4,6.1,9.9,100000
356.0,5.0,4.0,2.0,32.0,0.0,Tabriz,0.0,0.0,1.0,21.7,5.4,5.7,221027
280.0,5.0,4.0,2.0,40.0,0.0,Tabriz,1.0,0.0,0.0,17.3,6.8,9.3,373246
170.0,4.0,4.0,2.0,19.0,1.0,Tabriz,0.0,0.0,1.0,6.2,7.2,8.2,280803
168.0,2.0,2.0,2.0,6.0,1.0,Qom,1.0,1.0,0.0,26.9,2.2,7.0,173453
314.0,7.0,5.0,3.0,30.0,0.0,Mashhad,0.0,0.0,0.0,3.0,6.0,6.8,481001
128.0,3.0,2.0,1.0,16.0,0.0,Mashhad,1.0,,0.0,22.7,9.8,6.3,100000
229.0,4.0,4.0,3.0,36.0,1.0,Qom,0.0,0.0,1.0,20.3,3.6,5.3,160395
130.0,3.0,4.0,3.0,25.0,0.0,Isfahan,1.0,0.0,1.0,26.8,2.6,6.6,100000
418.0,7.0,5.0,3.0,32.0,0.0,Shiraz,1.0,0.0,0.0,4.3,6.6,8.9,641473
63.0,1.0,1.0,2.0,33.0,0.0,Karaj,,0.0,0.0,6.3,4.8,7.1,162844
308.0,7.0,5.0,4.0,42.0,0.0,Mashhad,0.0,0.0,0.0,15.5,8.1,7.9,466595
374.0,6.0,5.0,4.0,5.0,1.0,Tehran,1.0,0.0,0.0,27.0,8.3,7.4,806120
140.0,3.0,2.0,4.0,18.0,1.0,Isfahan,0.0,0.0,0.0,15.6,6.0,9.1,123076
235.0,4.0,5.0,1.0,41.0,3.0,Rasht,1.0,1.0,1.0,33.9,8.4,6.4,237217
203.0,4.0,5.0,3.0,26.0,1.0,Qom,0.0,0.0,1.0,10.7,9.7,9.2,278829
406.0,6.0,5.0,4.0,23.0,3.0,Tabriz,0.0,0.0,0.0,32.4,8.4,6.7,323370
276.0,4.0,4.0,4.0,30.0,1.0,Rasht,1.0,0.0,0.0,21.7,8.5,10.0,279511
90.0,2.0,1.0,,25.0,0.0,Mashhad,0.0,0.0,1.0,,6.5,6.5,162619
321.0,6.0,5.0,3.0,16.0,3.0,Qom,0.0,0.0,0.0,13.4,6.5,4.5,393716
181.0,4.0,5.0,4.0,40.0,1.0,Mashhad,0.0,0.0,0.0,31.1,8.8,5.7,106578
123.0,2.0,2.0,3.0,40.0,3.0,Rasht,0.0,0.0,1.0,2.6,7.1,4.6,140554
316.0,5.0,4.0,1.0,11.0,1.0,Isfahan,0.0,0.0,0.0,22.0,5.6,6.1,383937
155.0,4.0,4.0,1.0,27.0,2.0,Karaj,1.0,0.0,1.0,7.6,6.7,,306257
91.0,1.0,1.0,1.0,23.0,2.0,Shiraz,0.0,0.0,0.0,26.3,4.5,8.4,100000
158.0,2.0,3.0,2.0,30.0,1.0,Karaj,0.0,0.0,1.0,16.3,2.3,4.5,181714
214.0,4.0,4.0,3.0,26.0,1.0,Mashhad,0.0,0.0,1.0,30.4,3.0,,187401
255.0,4.0,4.0,2.0,2.0,0.0,Tehran,0.0,0.0,0.0,23.2,3.3,5.1,595942
282.0,5.0,5.0,3.0,27.0,,Tehran,0.0,0.0,1.0,26.7,7.6,8.1,491019
,5.0,4.0,2.0,17.0,1.0,Rasht,0.0,0.0,0.0,1.3,4.6,6.2,454530
288.0,5.0,5.0,1.0,11.0,0.0,Shiraz,0.0,,0.0,32.7,3.9,4.2,248952
170.0,3.0,3.0,3.0,40.0,3.0,Rasht,1.0,0.0,0.0,4.0,8.8,4.8,147260
349.0,7.0,5.0,2.0,22.0,3.0,Mashhad,0.0,0.0,1.0,24.1,3.5,9.0,534979
202.0,4.0,4.0,2.0,22.0,1.0,Rasht,1.0,0.0,0.0,29.0,7.7,7.4,172627
284.0,5.0,5.0,1.0,38.0,2.0,Karaj,1.0,0.0,1.0,5.4,6.1,5.2,443647
396.0,7.0,,3.0,14.0,3.0,Isfahan,0.0,0.0,1.0,15.6,8.4,5.2,536328
339.0,5.0,4.0,4.0,40.0,2.0,Mashhad,0.0,0.0,1.0,14.0,1.4,9.4,575873
135.0,2.0,1.0,1.0,25.0,1.0,Mashhad,0.0,0.0,1.0,0.6,2.3,9.7,224645
130.0,1.0,2.0,3.0,41.0,1.0,Tabriz,0.0,1.0,1.0,34.2,9.3,6.3,100000
336.0,6.0,5.0,2.0,39.0,0.0,Isfahan,1.0,0.0,0.0,8.6,7.4,8.9,473768
284.0,5.0,5.0,3.0,25.0,2.0,Tehran,0.0,0.0,0.0,29.6,1.9,9.6,620977
388.0,7.0,5.0,1.0,40.0,3.0,Qom,0.0,0.0,0.0,10.4,7.1,7.5,449926
390.0,7.0,5.0,4.0,4.0,0.0,Rasht,0.0,0.0,0.0,18.8,2.5,9.4,616064
245.0,,5.0,4.0,13.0,2.0,Shiraz,0.0,0.0,0.0,20.4,6.6,9.4,326842
294.0,4.0,3.0,1.0,43.0,3.0,Karaj,0.0,0.0,0.0,18.7,4.5,,233890
125.0,2.0,1.0,2.0,31.0,1.0,Qom,0.0,0.0,0.0,30.2,3.7,4.4,100000
108.0,1.0,1.0,1.0,26.0,2.0,Mashhad,0.0,0.0,0.0,31.1,5.2,4.1,100000
390.0,7.0,5.0,1.0,40.0,1.0,Shiraz,1.0,0.0,1.0,10.3,4.1,7.2,414330
213.0,3.0,4.0,4.0,14.0,1.0,Isfahan,0.0,0.0,1.0,4.8,4.4,5.0,380304
105.0,1.0,1.0,1.0,16.0,1.0,Isfahan,0.0,1.0,1.0,19.6,5.4,9.5,210137
221.0,3.0,2.0,2.0,10.0,0.0,Rasht,0.0,0.0,0.0,26.9,8.1,5.4,177018
135.0,1.0,1.0,4.0,9.0,2.0,Shiraz,1.0,1.0,1.0,5.4,8.0,9.2,964218
368.0,7.0,5.0,2.0,16.0,1.0,Rasht,0.0,0.0,1.0,34.7,9.9,5.4,383920
211.0,5.0,4.0,1.0,1.0,0.0,Tehran,0.0,0.0,0.0,28.1,6.1,4.8,331525
296.0,4.0,5.0,2.0,30.0,3.0,Qom,1.0,0.0,0.0,20.0,1.9,7.8,356604
359.0,7.0,5.0,3.0,18.0,3.0,Tehran,1.0,0.0,0.0,18.3,8.1,5.4,713645
339.0,5.0,5.0,3.0,20.0,3.0,Mashhad,0.0,0.0,1.0,22.2,8.7,6.7,492315
185.0,3.0,4.0,4.0,3.0,1.0,Tabriz,1.0,0.0,0.0,12.0,3.0,7.9,268866
124.0,3.0,4.0,4.0,20.0,1.0,Mashhad,0.0,0.0,1.0,21.3,2.7,9.2,191106
193.0,5.0,4.0,1.0,34.0,2.0,Isfahan,0.0,0.0,0.0,10.4,8.7,5.5,246797
205.0,5.0,4.0,1.0,44.0,2.0,Tehran,1.0,0.0,0.0,3.8,9.9,7.1,387281
377.0,6.0,5.0,3.0,34.0,2.0,Shiraz,0.0,0.0,0.0,28.0,8.3,8.1,291082
48.0,1.0,1.0,1.0,6.0,0.0,Mashhad,1.0,0.0,0.0,3.7,8.0,9.0,128892
328.0,6.0,5.0,1.0,7.0,0.0,Tehran,1.0,0.0,0.0,17.0,1.7,7.1,746074
365.0,7.0,5.0,4.0,5.0,2.0,Tabriz,0.0,0.0,1.0,3.3,7.7,7.9,597140
143.0,2.0,2.0,1.0,25.0,2.0,Tabriz,1.0,1.0,0.0,26.3,2.5,9.2,230190
292.0,5.0,5.0,3.0,29.0,0.0,Shiraz,0.0,0.0,1.0,3.4,2.5,6.7,456808
408.0,6.0,5.0,3.0,10.0,2.0,Shiraz,1.0,0.0,0.0,32.3,9.5,6.7,452173
166.0,4.0,5.0,2.0,7.0,2.0,Tabriz,0.0,0.0,0.0,28.8,1.5,6.5,291967
327.0,6.0,5.0,2.0,42.0,2.0,Shiraz,0.0,0.0,1.0,10.9,9.4,9.4,464537
76.0,2.0,3.0,2.0,7.0,3.0,Shiraz,1.0,0.0,0.0,20.8,5.7,8.3,224772
51.0,1.0,1.0,1.0,20.0,2.0,Tehran,0.0,0.0,1.0,27.6,3.9,9.0,100000
203.0,3.0,2.0,2.0,6.0,3.0,Shiraz,0.0,0.0,0.0,13.6,1.4,9.3,390304
60.0,1.0,1.0,3.0,,2.0,Tabriz,0.0,0.0,1.0,15.0,4.0,5.1,100000
143.0,3.0,4.0,2.0,14.0,1.0,Shiraz,0.0,0.0,1.0,1.7,3.5,6.7,313958
242.0,3.0,2.0,,15.0,2.0,Tehran,1.0,0.0,1.0,23.9,2.7,7.0,440429
160.0,2.0,3.0,2.0,30.0,2.0,Isfahan,0.0,0.0,1.0,25.1,8.0,9.6,100000
308.0,5.0,5.0,4.0,44.0,1.0,Mashhad,1.0,0.0,0.0,0.5,4.1,8.7,557083
150.0,4.0,5.0,1.0,26.0,3.0,Isfahan,1.0,0.0,1.0,14.2,4.6,5.1,283253
69.0,1.0,2.0,3.0,25.0,3.0,Isfahan,0.0,0.0,1.0,34.8,2.0,5.9,100000
293.0,5.0,5.0,4.0,44.0,2.0,Shiraz,1.0,0.0,0.0,25.7,3.0,9.1,209934
387.0,7.0,5.0,1.0,5.0,2.0,Shiraz,0.0,0.0,1.0,13.6,1.9,6.7,669064
230.0,3.0,2.0,4.0,43.0,1.0,Qom,0.0,1.0,1.0,24.2,,4.8,157083
70.0,2.0,2.0,2.0,26.0,1.0,Tabriz,0.0,0.0,1.0,22.7,5.8,6.1,100000
235.0,5.0,5.0,1.0,32.0,2.0,Isfahan,1.0,0.0,0.0,11.2,1.6,5.1,392847
217.0,4.0,4.0,4.0,35.0,3.0,Karaj,0.0,0.0,0.0,31.9,1.0,8.3,209427
370.0,7.0,5.0,3.0,6.0,0.0,Shiraz,0.0,0.0,0.0,14.0,8.9,9.4,575533
309.0,5.0,4.0,3.0,36.0,2.0,Tabriz,0.0,0.0,1.0,29.6,7.4,4.3,184869
234.0,3.0,3.0,,22.0,3.0,Mashhad,0.0,0.0,0.0,1.9,5.5,8.8,474289
279.0,5.0,5.0,4.0,45.0,1.0,Qom,1.0,0.0,0.0,27.1,5.5,7.6,157014
316.0,6.0,5.0,2.0,15.0,1.0,Shiraz,0.0,0.0,1.0,33.6,3.1,5.4,280530
378.0,7.0,5.0,2.0,38.0,0.0,Tabriz,0.0,0.0,0.0,20.0,5.7,6.6,364163
363.0,7.0,5.0,3.0,18.0,2.0,Rasht,1.0,0.0,0.0,14.4,9.4,8.2,589249
302.0,4.0,4.0,2.0,10.0,3.0,Rasht,0.0,0.0,1.0,31.2,8.8,6.4,270686
219.0,5.0,5.0,4.0,1.0,3.0,Isfahan,0.0,0.0,0.0,25.6,7.7,9.3,400598
273.0,5.0,5.0,1.0,42.0,3.0,Tehran,0.0,0.0,1.0,22.8,1.1,4.3,494908
172.0,4.0,5.0,1.0,42.0,1.0,Tabriz,0.0,0.0,0.0,16.5,8.6,6.3,108686
406.0,6.0,5.0,4.0,5.0,1.0,Shiraz,0.0,0.0,1.0,9.0,8.0,5.1,561762
283.0,6.0,5.0,1.0,7.0,2.0,Mashhad,0.0,0.0,0.0,27.8,6.0,5.5,406190
370.0,7.0,5.0,2.0,23.0,2.0,Shiraz,1.0,0.0,0.0,24.0,4.5,9.3,495490
71.0,1.0,1.0,2.0,7.0,1.0,Isfahan,0.0,0.0,1.0,22.3,8.3,6.9,100000
75.0,2.0,2.0,3.0,9.0,2.0,Tabriz,1.0,0.0,1.0,18.0,7.9,6.7,100000
252.0,6.0,5.0,2.0,35.0,2.0,Rasht,0.0,0.0,1.0,23.1,3.9,9.0,293101
52.0,1.0,1.0,1.0,28.0,3.0,Rasht,1.0,0.0,1.0,34.0,4.6,4.9,100000
175.0,4.0,5.0,1.0,24.0,2.0,Isfahan,0.0,0.0,1.0,10.4,9.1,5.9,279708
313.0,6.0,5.0,1.0,34.0,1.0,Mashhad,1.0,0.0,0.0,4.7,9.4,5.6,456774
351.0,6.0,5.0,3.0,12.0,2.0,Isfahan,0.0,0.0,1.0,28.9,6.4,8.9,517925
178.0,3.0,3.0,3.0,29.0,2.0,Tabriz,0.0,0.0,1.0,6.3,1.1,4.8,176834
363.0,7.0,5.0,3.0,28.0,0.0,Rasht,0.0,0.0,0.0,13.4,7.7,6.4,352523
368.0,6.0,5.0,1.0,17.0,2.0,Mashhad,1.0,0.0,1.0,14.7,4.6,7.7,692121
103.0,3.0,4.0,4.0,45.0,0.0,Shiraz,0.0,0.0,0.0,1.5,6.0,7.4,127825
161.0,3.0,4.0,1.0,2.0,3.0,Karaj,1.0,0.0,1.0,11.3,4.8,4.1,302940
120.0,1.0,1.0,1.0,33.0,0.0,Tehran,1.0,0.0,0.0,32.2,2.6,7.1,100000
361.0,7.0,5.0,3.0,21.0,3.0,Tehran,0.0,0.0,0.0,4.2,,8.4,872134
46.0,1.0,2.0,1.0,,1.0,Isfahan,1.0,0.0,0.0,21.8,6.0,7.0,100000
271.0,6.0,5.0,4.0,3.0,1.0,Tehran,0.0,0.0,0.0,15.1,6.0,8.2,677399
205.0,4.0,4.0,4.0,11.0,0.0,Qom,1.0,0.0,1.0,21.8,7.4,5.6,237287
308.0,5.0,5.0,1.0,8.0,1.0,Karaj,0.0,0.0,1.0,11.7,6.3,4.5,411774
199.0,,4.0,1.0,6.0,0.0,Rasht,0.0,0.0,0.0,1.9,5.1,5.2,456257
47.0,1.0,1.0,4.0,40.0,0.0,Karaj,1.0,0.0,0.0,2.1,1.5,7.3,100000
96.0,3.0,2.0,2.0,13.0,2.0,Karaj,1.0,0.0,1.0,2.0,4.2,8.3,281680
233.0,5.0,4.0,2.0,19.0,1.0,Isfahan,1.0,0.0,1.0,3.8,6.4,9.9,433722
343.0,5.0,5.0,2.0,6.0,0.0,Rasht,1.0,0.0,1.0,30.3,4.9,9.6,492598
264.0,5.0,5.0,1.0,13.0,3.0,Tabriz,0.0,0.0,1.0,24.0,4.4,5.0,361595
321.0,6.0,5.0,2.0,45.0,3.0,Qom,0.0,0.0,0.0,3.7,6.2,5.7,378176
236.0,3.0,2.0,2.0,16.0,1.0,Qom,0.0,0.0,0.0,7.3,6.8,8.7,231063
316.0,5.0,4.0,4.0,18.0,0.0,Shiraz,1.0,0.0,0.0,7.6,6.9,4.9,432888
193.0,5.0,5.0,1.0,6.0,1.0,Mashhad,0.0,1.0,0.0,30.6,6.8,4.2,375128
48.0,1.0,1.0,1.0,14.0,2.0,Mashhad,0.0,0.0,1.0,31.4,9.4,4.8,100000
243.0,3.0,4.0,4.0,30.0,0.0,Rasht,0.0,1.0,0.0,12.6,1.4,5.6,294355
402.0,7.0,5.0,4.0,31.0,3.0,Shiraz,1.0,0.0,0.0,5.9,6.1,9.0,608192
171.0,2.0,3.0,1.0,4.0,1.0,Tehran,0.0,,1.0,9.3,7.3,9.8,397383
,,1.0,1.0,8.0,0.0,Qom,0.0,0.0,0.0,18.1,9.8,5.8,100000
217.0,3.0,3.0,1.0,8.0,1.0,Mashhad,0.0,1.0,1.0,21.4,2.8,8.8,443672
186.0,2.0,1.0,3.0,19.0,1.0,Qom,1.0,0.0,0.0,5.3,5.3,9.0,570654
346.0,5.0,5.0,1.0,43.0,0.0,Isfahan,1.0,0.0,1.0,28.7,9.9,7.5,318601
51.0,1.0,1.0,2.0,10.0,0.0,Shiraz,0.0,0.0,0.0,26.7,4.1,6.4,100000
88.0,3.0,3.0,3.0,16.0,1.0,Rasht,1.0,0.0,1.0,23.0,5.7,8.2,144482
329.0,7.0,5.0,3.0,37.0,1.0,Karaj,0.0,0.0,1.0,23.1,7.1,4.6,392490
347.0,6.0,5.0,3.0,20.0,0.0,Karaj,1.0,0.0,0.0,22.0,4.4,8.2,511621
235.0,5.0,5.0,1.0,45.0,2.0,Karaj,0.0,0.0,1.0,29.4,7.0,6.2,293319
256.0,5.0,4.0,2.0,38.0,0.0,Tabriz,0.0,0.0,0.0,23.8,2.3,9.1,340193
364.0,6.0,5.0,3.0,38.0,3.0,Tabriz,0.0,0.0,0.0,18.4,2.8,5.7,288292
366.0,6.0,5.0,2.0,42.0,2.0,Mashhad,0.0,0.0,1.0,11.1,6.3,7.0,537994
401.0,7.0,5.0,4.0,15.0,2.0,Isfahan,0.0,0.0,1.0,4.2,5.6,9.8,705339
381.0,6.0,5.0,3.0,44.0,2.0,Rasht,1.0,0.0,0.0,31.0,3.1,4.5,261634
214.0,5.0,5.0,4.0,12.0,1.0,Rasht,0.0,1.0,1.0,9.3,1.3,7.3,370993
270.0,6.0,,4.0,2.0,3.0,Shiraz,0.0,0.0,0.0,16.0,1.0,5.7,456782
94.0,3.0,3.0,3.0,27.0,0.0,Shiraz,1.0,0.0,0.0,3.2,8.5,4.6,100000
355.0,5.0,4.0,2.0,2.0,2.0,Mashhad,0.0,0.0,1.0,28.5,,8.9,565702
267.0,5.0,4.0,3.0,36.0,3.0,Qom,0.0,0.0,0.0,24.2,6.8,9.7,173174
138.0,4.0,5.0,1.0,36.0,3.0,Qom,1.0,0.0,0.0,19.1,6.3,6.1,100000
117.0,2.0,1.0,3.0,43.0,1.0,Tehran,0.0,0.0,0.0,21.9,8.9,4.0,100000
396.0,7.0,5.0,2.0,34.0,0.0,Isfahan,1.0,0.0,0.0,15.6,7.8,9.9,578855
334.0,6.0,5.0,,38.0,3.0,Rasht,0.0,1.0,1.0,11.5,4.4,8.8,509996
315.0,,5.0,3.0,37.0,0.0,Mashhad,1.0,0.0,0.0,5.2,6.3,7.4,469991
257.0,6.0,5.0,2.0,6.0,3.0,Karaj,0.0,0.0,1.0,28.0,6.8,9.7,361734
405.0,6.0,5.0,3.0,35.0,0.0,Rasht,0.0,0.0,1.0,19.3,2.1,5.3,417561
202.0,3.0,2.0,3.0,41.0,2.0,Tehran,0.0,0.0,1.0,9.2,3.7,4.4,371468
320.0,5.0,4.0,1.0,43.0,3.0,Qom,1.0,0.0,0.0,33.3,7.8,8.5,248039
166.0,4.0,4.0,3.0,31.0,0.0,Shiraz,1.0,0.0,1.0,12.2,5.5,,206046
215.0,5.0,5.0,3.0,0.0,3.0,Karaj,0.0,0.0,1.0,23.6,3.7,6.1,413809
234.0,4.0,,2.0,37.0,1.0,Mashhad,0.0,0.0,0.0,0.7,3.2,5.8,442961
160.0,3.0,2.0,2.0,7.0,1.0,Shiraz,0.0,0.0,0.0,10.2,5.1,9.9,323604
91.0,3.0,3.0,2.0,18.0,0.0,Karaj,1.0,0.0,1.0,33.6,5.0,9.7,100000
344.0,7.0,5.0,1.0,21.0,3.0,Karaj,1.0,0.0,1.0,6.9,1.4,7.4,682789
283.0,6.0,5.0,3.0,23.0,0.0,Tabriz,1.0,0.0,1.0,2.0,8.9,9.3,524771
296.0,4.0,3.0,1.0,32.0,2.0,Shiraz,0.0,0.0,1.0,6.5,3.9,8.7,422245
